symbol,date,open,high,low,close,adjusted Close,volume
CL=F,"Dec 03, 2021",67.50,69.22,65.60,66.26,66.26,"668,293"
CL=F,"Dec 02, 2021",65.63,67.49,62.43,66.50,66.50,"668,293"
CL=F,"Dec 01, 2021",67.01,69.49,64.84,65.57,65.57,"602,447"
CL=F,"Nov 30, 2021",70.04,71.22,64.43,66.18,66.18,"722,475"
CL=F,"Nov 29, 2021",69.23,72.93,68.86,69.95,69.95,"675,090"
CL=F,"Nov 26, 2021",78.34,78.65,67.40,68.15,68.15,"844,630"
CL=F,"Nov 25, 2021",78.34,78.65,77.76,78.03,78.03,"328,848"
CL=F,"Nov 24, 2021",78.48,79.23,77.98,78.39,78.39,"328,848"
CL=F,"Nov 23, 2021",76.46,78.86,75.30,78.50,78.50,"506,987"
CL=F,"Nov 22, 2021",75.75,77.16,74.76,76.75,76.75,"465,768"
CL=F,"Nov 19, 2021",78.76,79.92,75.37,76.10,76.10,"623,448"
CL=F,"Nov 18, 2021",78.34,79.36,77.08,79.01,79.01,"83,984"
CL=F,"Nov 17, 2021",80.54,80.69,77.69,78.36,78.36,"174,471"
CL=F,"Nov 16, 2021",80.93,81.81,80.03,80.76,80.76,"325,668"
CL=F,"Nov 15, 2021",80.66,81.20,79.30,80.88,80.88,"343,484"
CL=F,"Nov 12, 2021",81.21,81.62,79.78,80.79,80.79,"390,304"
CL=F,"Nov 11, 2021",81.41,82.33,80.20,81.59,81.59,"475,436"
CL=F,"Nov 10, 2021",84.53,84.97,80.81,81.34,81.34,"555,215"
CL=F,"Nov 09, 2021",82.16,84.63,81.78,84.15,84.15,"504,832"
CL=F,"Nov 08, 2021",81.13,82.67,81.05,81.93,81.93,"393,953"
CL=F,"Nov 04, 2021",79.37,81.80,78.96,81.27,81.27,"531,054"
CL=F,"Nov 03, 2021",80.18,83.42,78.25,78.81,78.81,"701,119"
CL=F,"Nov 02, 2021",83.07,83.08,79.69,80.86,80.86,"546,577"
CL=F,"Nov 01, 2021",83.87,84.41,82.92,83.91,83.91,"429,608"
CL=F,"Oct 31, 2021",83.36,84.88,82.74,84.05,84.05,"412,309"
CL=F,"Oct 28, 2021",83.09,83.74,81.41,83.57,83.57,"507,309"
CL=F,"Oct 27, 2021",82.25,83.21,80.58,82.81,82.81,"491,585"
CL=F,"Oct 26, 2021",84.39,84.51,82.01,82.66,82.66,"529,952"
CL=F,"Oct 25, 2021",83.72,84.88,82.97,84.65,84.65,"467,716"
CL=F,"Oct 24, 2021",83.98,85.41,83.39,83.76,83.76,"568,725"
CL=F,"Oct 21, 2021",82.61,84.22,81.76,83.76,83.76,"465,355"
CL=F,"Oct 20, 2021",83.58,83.96,80.79,82.50,82.50,"567,503"
CL=F,"Oct 19, 2021",83.34,84.25,81.30,83.87,83.87,"530,693"
CL=F,"Oct 18, 2021",82.37,83.74,81.80,82.96,82.96,"82,607"
CL=F,"Oct 17, 2021",82.60,83.87,81.84,82.44,82.44,"134,098"
CL=F,"Oct 14, 2021",81.48,82.66,81.39,82.28,82.28,"277,953"
CL=F,"Oct 13, 2021",80.59,81.68,80.38,81.31,81.31,"399,813"
CL=F,"Oct 12, 2021",80.58,81.04,79.42,80.44,80.44,"487,220"
CL=F,"Oct 11, 2021",80.50,81.62,79.47,80.64,80.64,"598,181"
CL=F,"Oct 10, 2021",79.59,82.18,79.55,80.52,80.52,"653,756"
CL=F,"Oct 07, 2021",78.86,80.11,78.63,79.35,79.35,"662,010"
CL=F,"Oct 06, 2021",77.00,78.89,74.96,78.30,78.30,"545,008"
CL=F,"Oct 05, 2021",79.04,79.78,76.83,77.43,77.43,"459,055"
CL=F,"Oct 04, 2021",77.58,79.48,77.47,78.93,78.93,"449,617"
CL=F,"Oct 03, 2021",75.90,78.38,75.32,77.62,77.62,"458,006"
CL=F,"Sep 30, 2021",75.12,75.99,74.23,75.88,75.88,"388,996"
CL=F,"Sep 29, 2021",74.78,76.07,73.14,75.03,75.03,"583,189"
CL=F,"Sep 28, 2021",74.38,75.79,73.74,74.83,74.83,"424,193"
CL=F,"Sep 27, 2021",75.43,76.67,74.24,75.29,75.29,"476,143"
CL=F,"Sep 26, 2021",74.19,75.75,74.16,75.45,75.45,"417,829"
CL=F,"Sep 23, 2021",73.24,74.27,72.81,73.98,73.98,"350,382"
CL=F,"Sep 22, 2021",71.97,73.50,71.61,73.30,73.30,"403,405"
CL=F,"Sep 21, 2021",70.85,72.30,70.64,72.23,72.23,"381,061"
CL=F,"Sep 20, 2021",70.59,71.63,69.67,70.56,70.56,"393,403"
CL=F,"Sep 19, 2021",71.92,72.08,69.86,70.29,70.29,"75,837"
CL=F,"Sep 16, 2021",72.62,72.72,71.21,71.97,71.97,"119,933"
CL=F,"Sep 15, 2021",72.65,72.99,71.53,72.61,72.61,"298,412"
CL=F,"Sep 14, 2021",70.76,73.14,70.65,72.61,72.61,"418,665"
CL=F,"Sep 13, 2021",70.64,71.22,69.98,70.46,70.46,"414,231"
CL=F,"Sep 12, 2021",69.74,70.97,69.51,70.45,70.45,"390,939"
CL=F,"Sep 09, 2021",67.97,69.96,67.68,69.72,69.72,"411,079"
CL=F,"Sep 08, 2021",69.36,69.89,67.56,68.14,68.14,"556,451"
CL=F,"Sep 07, 2021",68.37,69.75,68.31,69.30,69.30,"389,325"
CL=F,"Sep 06, 2021",69.11,69.48,67.64,68.35,68.35,"481,704"
CL=F,"Sep 02, 2021",69.76,70.53,69.05,69.29,69.29,"313,086"
CL=F,"Sep 01, 2021",68.29,70.61,67.84,69.99,69.99,"403,314"
CL=F,"Aug 31, 2021",68.55,69.24,67.12,68.59,68.59,"399,497"
CL=F,"Aug 30, 2021",69.18,69.34,68.16,68.50,68.50,"325,853"
CL=F,"Aug 29, 2021",69.30,69.64,67.67,69.21,69.21,"360,797"
CL=F,"Aug 26, 2021",67.75,69.05,67.52,68.74,68.74,"326,056"
CL=F,"Aug 25, 2021",68.00,68.31,67.02,67.42,67.42,"344,286"
CL=F,"Aug 24, 2021",67.63,68.54,66.92,68.36,68.36,"353,742"
CL=F,"Aug 23, 2021",65.54,67.80,65.41,67.54,67.54,"335,888"
CL=F,"Aug 22, 2021",61.96,66.00,61.74,65.64,65.64,"397,290"
CL=F,"Aug 19, 2021",64.05,64.10,62.11,62.32,62.32,"365,009"
CL=F,"Aug 18, 2021",64.58,64.76,62.63,63.69,63.69,"88,237"
CL=F,"Aug 17, 2021",66.58,67.48,64.34,65.46,65.46,"121,197"
CL=F,"Aug 16, 2021",67.43,67.72,66.33,66.59,66.59,"235,303"
CL=F,"Aug 15, 2021",68.13,68.14,65.73,67.29,67.29,"334,844"
CL=F,"Aug 12, 2021",68.91,69.22,67.77,68.44,68.44,"272,033"
CL=F,"Aug 11, 2021",69.36,69.62,68.46,69.09,69.09,"352,465"
CL=F,"Aug 10, 2021",68.51,69.45,66.67,69.25,69.25,"513,292"
CL=F,"Aug 09, 2021",66.85,68.90,66.56,68.29,68.29,"452,126"
CL=F,"Aug 08, 2021",67.88,67.90,65.15,66.48,66.48,"598,381"
CL=F,"Aug 05, 2021",69.14,70.18,67.80,68.28,68.28,"537,136"
CL=F,"Aug 04, 2021",68.06,69.35,67.61,69.09,69.09,"416,331"
CL=F,"Aug 03, 2021",70.32,70.81,67.85,68.15,68.15,"582,924"
CL=F,"Aug 02, 2021",71.52,71.96,69.19,70.56,70.56,"509,938"
CL=F,"Aug 01, 2021",73.91,73.95,70.55,71.26,71.26,"448,200"
CL=F,"Jul 29, 2021",73.41,74.23,72.93,73.95,73.95,"303,700"
CL=F,"Jul 28, 2021",72.40,73.68,72.26,73.62,73.62,"294,462"
CL=F,"Jul 27, 2021",71.90,72.60,71.70,72.39,72.39,"318,911"
CL=F,"Jul 26, 2021",72.22,72.33,71.08,71.65,71.65,"333,123"
CL=F,"Jul 25, 2021",72.18,72.43,70.56,71.91,71.91,"395,743"
CL=F,"Jul 22, 2021",71.71,72.21,71.39,72.07,72.07,"274,778"
CL=F,"Jul 21, 2021",70.22,72.03,69.86,71.91,71.91,"435,181"
CL=F,"Jul 20, 2021",66.45,70.51,66.44,70.30,70.30,"503,030"
CL=F,"Jul 19, 2021",66.60,67.65,65.21,67.42,67.42,"561,629"
CL=F,"Jul 18, 2021",71.49,71.67,65.63,66.42,66.42,"82,565"
symbol,date,open,high,low,close,adjusted Close,volume
CL=F,"Jul 15, 2021",71.48,72.30,70.41,71.81,71.81,"133,926"
CL=F,"Jul 14, 2021",72.96,72.96,71.40,71.65,71.65,"368,679"
CL=F,"Jul 13, 2021",75.17,75.44,72.21,73.13,73.13,"528,360"
CL=F,"Jul 12, 2021",74.18,75.52,73.68,75.25,75.25,"444,078"
CL=F,"Jul 11, 2021",74.74,74.93,73.16,74.10,74.10,"397,931"
CL=F,"Jul 08, 2021",73.26,74.76,72.72,74.56,74.56,"422,154"
CL=F,"Jul 07, 2021",72.17,73.26,70.76,72.94,72.94,"529,690"
CL=F,"Jul 06, 2021",73.85,74.86,71.07,72.20,72.20,"607,971"
CL=F,"Jul 05, 2021",75.35,76.98,72.94,73.37,73.37,"714,044"
CL=F,"Jul 01, 2021",75.02,75.62,74.41,75.16,75.16,"377,531"
CL=F,"Jun 30, 2021",73.50,76.22,73.39,75.23,75.23,"615,678"
CL=F,"Jun 29, 2021",73.47,74.14,72.82,73.47,73.47,"383,626"
CL=F,"Jun 28, 2021",72.78,73.81,71.97,72.98,72.98,"321,448"
CL=F,"Jun 27, 2021",73.99,74.45,72.62,72.91,72.91,"354,701"
CL=F,"Jun 24, 2021",73.32,74.18,72.85,74.05,74.05,"364,721"
CL=F,"Jun 23, 2021",73.28,73.61,72.32,73.30,73.30,"334,833"
CL=F,"Jun 22, 2021",72.91,74.25,72.82,73.08,73.08,"429,207"
CL=F,"Jun 21, 2021",73.41,73.95,72.94,73.06,73.06,"498,555"
CL=F,"Jun 20, 2021",71.52,73.96,71.15,73.66,73.66,"123,662"
CL=F,"Jun 17, 2021",71.10,72.17,70.16,71.64,71.64,"139,584"
CL=F,"Jun 16, 2021",71.65,72.30,69.77,71.04,71.04,"373,780"
CL=F,"Jun 15, 2021",72.45,72.99,71.61,72.15,72.15,"426,775"
CL=F,"Jun 14, 2021",71.16,72.49,70.81,72.12,72.12,"336,035"
CL=F,"Jun 13, 2021",70.65,71.78,70.65,70.88,70.88,"319,639"
CL=F,"Jun 10, 2021",70.10,71.24,69.68,70.91,70.91,"563,575"
CL=F,"Jun 09, 2021",69.76,70.65,68.68,70.29,70.29,"492,464"
CL=F,"Jun 08, 2021",70.01,70.62,69.46,69.96,69.96,"410,820"
CL=F,"Jun 07, 2021",69.29,70.27,68.47,70.05,70.05,"441,302"
CL=F,"Jun 06, 2021",69.52,70.00,68.93,69.23,69.23,"365,621"
CL=F,"Jun 03, 2021",68.91,69.76,68.33,69.62,69.62,"326,250"
CL=F,"Jun 02, 2021",68.76,69.40,68.19,68.81,68.81,"351,367"
CL=F,"Jun 01, 2021",67.99,69.00,67.78,68.83,68.83,"332,995"
CL=F,"May 31, 2021",66.68,68.87,66.41,67.72,67.72,"570,985"
CL=F,"May 27, 2021",66.95,67.52,66.17,66.32,66.32,"390,461"
CL=F,"May 26, 2021",66.16,66.92,65.47,66.85,66.85,"337,542"
CL=F,"May 25, 2021",66.04,66.43,65.25,66.21,66.21,"376,207"
CL=F,"May 24, 2021",66.02,66.51,65.41,66.07,66.07,"497,394"
CL=F,"May 23, 2021",63.87,66.14,63.63,66.05,66.05,"466,647"
CL=F,"May 20, 2021",61.89,64.07,61.56,63.58,63.58,"530,831"
CL=F,"May 19, 2021",63.39,63.96,61.89,62.05,62.05,"524,168"
CL=F,"May 18, 2021",65.28,65.35,61.95,63.36,63.36,"101,902"
CL=F,"May 17, 2021",66.33,67.01,64.11,65.49,65.49,"167,348"
CL=F,"May 16, 2021",65.50,66.43,64.83,66.27,66.27,"268,476"
CL=F,"May 13, 2021",63.83,65.62,63.33,65.37,65.37,"383,749"
CL=F,"May 12, 2021",65.75,65.81,63.09,63.82,63.82,"547,691"
CL=F,"May 11, 2021",65.46,66.63,64.97,66.08,66.08,"508,519"
CL=F,"May 10, 2021",64.90,65.50,63.68,65.28,65.28,"514,949"
CL=F,"May 09, 2021",65.57,65.75,63.95,64.92,64.92,"448,337"
CL=F,"May 06, 2021",64.90,65.24,63.90,64.90,64.90,"431,417"
CL=F,"May 05, 2021",65.27,65.98,64.50,64.71,64.71,"389,214"
CL=F,"May 04, 2021",66.45,66.76,64.92,65.63,65.63,"460,066"
CL=F,"May 03, 2021",64.53,66.19,64.29,65.69,65.69,"370,208"
CL=F,"May 02, 2021",63.64,64.68,62.91,64.49,64.49,"285,969"
CL=F,"Apr 29, 2021",64.88,64.95,63.08,63.58,63.58,"400,515"
CL=F,"Apr 28, 2021",63.70,65.47,63.65,65.01,65.01,"384,489"
CL=F,"Apr 27, 2021",63.04,64.53,62.67,63.86,63.86,"387,683"
CL=F,"Apr 26, 2021",61.97,63.30,61.91,62.94,62.94,"361,536"
CL=F,"Apr 25, 2021",62.06,62.31,60.66,61.91,61.91,"366,865"
CL=F,"Apr 22, 2021",61.65,62.43,61.25,62.14,62.14,"345,407"
CL=F,"Apr 21, 2021",61.11,61.87,60.61,61.43,61.43,"344,700"
CL=F,"Apr 20, 2021",62.39,62.56,60.86,61.35,61.35,"431,486"
CL=F,"Apr 19, 2021",63.47,64.25,61.50,62.44,62.44,"476,046"
CL=F,"Apr 18, 2021",62.98,63.63,62.63,63.38,63.38,"74,384"
CL=F,"Apr 15, 2021",63.32,63.88,62.83,63.13,63.13,"87,795"
CL=F,"Apr 14, 2021",62.83,63.57,62.53,63.46,63.46,"243,370"
CL=F,"Apr 13, 2021",60.44,63.44,60.38,63.15,63.15,"419,813"
CL=F,"Apr 12, 2021",59.64,60.59,59.64,60.18,60.18,"349,733"
CL=F,"Apr 11, 2021",59.35,60.77,58.73,59.70,59.70,"410,218"
CL=F,"Apr 08, 2021",59.76,59.95,59.10,59.32,59.32,"351,436"
CL=F,"Apr 07, 2021",59.52,59.93,58.82,59.60,59.60,"419,913"
CL=F,"Apr 06, 2021",59.26,60.04,58.12,59.77,59.77,"475,537"
CL=F,"Apr 05, 2021",58.80,60.90,58.62,59.33,59.33,"457,348"
CL=F,"Apr 04, 2021",61.50,61.50,57.63,58.65,58.65,"438,864"
CL=F,"Mar 31, 2021",59.49,61.75,58.86,61.45,61.45,"605,567"
CL=F,"Mar 30, 2021",60.45,61.17,58.85,59.16,59.16,"414,162"
CL=F,"Mar 29, 2021",61.96,62.27,59.94,60.55,60.55,"388,188"
CL=F,"Mar 28, 2021",60.93,61.77,59.41,61.56,61.56,"449,360"
CL=F,"Mar 25, 2021",58.48,61.36,58.32,60.97,60.97,"471,996"
CL=F,"Mar 24, 2021",60.80,60.86,57.44,58.56,58.56,"580,105"
CL=F,"Mar 23, 2021",57.40,61.34,57.29,61.18,61.18,"566,291"
CL=F,"Mar 22, 2021",61.28,61.35,57.25,57.76,57.76,"712,317"
CL=F,"Mar 21, 2021",61.55,61.90,60.39,61.55,61.55,"404,370"
CL=F,"Mar 18, 2021",59.56,61.72,58.94,61.42,61.42,"84,171"
CL=F,"Mar 17, 2021",64.42,64.82,58.20,60.00,60.00,"143,597"
CL=F,"Mar 16, 2021",64.75,65.34,63.60,64.60,64.60,"254,724"
CL=F,"Mar 15, 2021",65.33,65.43,63.80,64.80,64.80,"317,537"
CL=F,"Mar 14, 2021",65.56,66.40,64.13,65.39,65.39,"378,009"
CL=F,"Mar 12, 2021",65.96,66.24,65.41,65.61,65.61,"321,714"
CL=F,"Mar 11, 2021",64.70,66.21,64.54,66.02,66.02,"441,063"
CL=F,"Mar 10, 2021",63.84,64.96,63.13,64.44,64.44,"498,488"
CL=F,"Mar 09, 2021",64.73,65.98,63.63,64.01,64.01,"554,564"
CL=F,"Mar 08, 2021",66.68,67.98,64.57,65.05,65.05,"533,376"
CL=F,"Mar 05, 2021",64.16,66.42,63.82,66.09,66.09,"573,168"
CL=F,"Mar 04, 2021",61.08,64.86,60.52,63.83,63.83,"694,628"
CL=F,"Mar 03, 2021",59.55,61.99,59.24,61.28,61.28,"465,311"
CL=F,"Mar 02, 2021",60.23,61.21,59.38,59.75,59.75,"464,133"
CL=F,"Mar 01, 2021",61.95,62.92,59.96,60.64,60.64,"456,679"
CL=F,"Feb 26, 2021",63.46,63.57,61.34,61.50,61.50,"472,723"
symbol,date,open,high,low,close,adjusted Close,volume
CL=F,"Feb 25, 2021",63.39,63.81,62.65,63.53,63.53,"510,357"
CL=F,"Feb 24, 2021",61.29,63.51,60.97,63.22,63.22,"489,933"
CL=F,"Feb 23, 2021",62.16,63.00,60.67,61.67,61.67,"570,677"
CL=F,"Feb 22, 2021",58.88,61.84,58.82,61.49,61.49,"505,773"
CL=F,"Feb 19, 2021",60.20,60.29,58.59,59.24,59.24,"102,427"
CL=F,"Feb 18, 2021",61.68,62.26,59.79,60.52,60.52,"132,035"
CL=F,"Feb 17, 2021",60.24,61.73,59.43,61.14,61.14,"335,419"
CL=F,"Feb 16, 2021",59.98,60.95,59.33,60.05,60.05,"602,332"
CL=F,"Feb 12, 2021",57.94,59.82,57.41,59.47,59.47,"480,822"
CL=F,"Feb 11, 2021",58.40,58.71,57.84,58.24,58.24,"380,445"
CL=F,"Feb 10, 2021",58.45,58.91,58.08,58.68,58.68,"457,535"
CL=F,"Feb 09, 2021",58.11,58.62,57.27,58.36,58.36,"514,698"
CL=F,"Feb 08, 2021",57.06,58.14,57.00,57.97,57.97,"399,724"
CL=F,"Feb 05, 2021",56.46,57.29,56.43,56.85,56.85,"400,833"
CL=F,"Feb 04, 2021",55.96,56.58,55.30,56.23,56.23,"381,404"
CL=F,"Feb 03, 2021",55.05,56.33,54.81,55.69,55.69,"448,693"
CL=F,"Feb 02, 2021",53.48,55.26,53.45,54.76,54.76,"463,718"
CL=F,"Feb 01, 2021",51.99,53.74,51.64,53.55,53.55,"416,067"
CL=F,"Jan 29, 2021",52.15,53.25,51.93,52.20,52.20,"410,914"
CL=F,"Jan 28, 2021",52.65,53.58,52.04,52.34,52.34,"411,406"
CL=F,"Jan 27, 2021",52.76,53.30,51.85,52.85,52.85,"442,376"
CL=F,"Jan 26, 2021",52.91,53.25,52.29,52.61,52.61,"314,538"
CL=F,"Jan 25, 2021",52.17,52.95,51.82,52.77,52.77,"349,076"
CL=F,"Jan 22, 2021",53.10,53.16,51.44,52.27,52.27,"437,484"
CL=F,"Jan 21, 2021",52.93,53.41,52.75,53.13,53.13,"352,397"
CL=F,"Jan 20, 2021",53.13,53.79,53.05,53.24,53.24,"400,301"
CL=F,"Jan 19, 2021",52.00,53.13,51.76,52.98,52.98,"125,964"
CL=F,"Jan 15, 2021",53.80,53.83,51.83,52.36,52.36,"165,668"
CL=F,"Jan 14, 2021",52.84,53.75,52.24,53.57,53.57,"390,087"
CL=F,"Jan 13, 2021",53.31,53.93,52.58,52.91,52.91,"429,898"
CL=F,"Jan 12, 2021",52.18,53.45,52.07,53.21,53.21,"400,200"
CL=F,"Jan 11, 2021",52.58,52.70,51.50,52.25,52.25,"394,822"
CL=F,"Jan 08, 2021",50.93,52.75,50.81,52.24,52.24,"499,416"
CL=F,"Jan 07, 2021",50.53,51.28,50.39,50.83,50.83,"369,292"
CL=F,"Jan 06, 2021",49.82,50.94,49.48,50.63,50.63,"509,365"
CL=F,"Jan 05, 2021",47.38,50.20,47.24,49.93,49.93,"643,191"
CL=F,"Jan 04, 2021",48.40,49.83,47.18,47.62,47.62,"528,525"
CL=F,"Dec 31, 2020",48.35,48.58,47.77,48.52,48.52,"181,894"
CL=F,"Dec 30, 2020",48.13,48.66,47.61,48.40,48.40,"266,957"
CL=F,"Dec 29, 2020",47.72,48.35,47.68,48.00,48.00,"213,778"
CL=F,"Dec 28, 2020",48.23,48.96,47.50,47.62,47.62,"238,462"
CL=F,"Dec 24, 2020",48.09,48.62,47.56,48.23,48.23,"167,390"
CL=F,"Dec 23, 2020",46.79,48.50,46.16,48.12,48.12,"344,306"
CL=F,"Dec 22, 2020",47.93,47.96,46.60,47.02,47.02,"295,737"
CL=F,"Dec 21, 2020",48.54,48.61,46.18,47.74,47.74,"478,098"
CL=F,"Dec 18, 2020",48.43,49.28,48.10,49.10,49.10,"83,711"
CL=F,"Dec 17, 2020",47.85,48.59,47.81,48.36,48.36,"96,536"
CL=F,"Dec 16, 2020",47.60,47.94,47.17,47.82,47.82,"275,331"
CL=F,"Dec 15, 2020",46.99,47.73,46.54,47.62,47.62,"311,169"
CL=F,"Dec 14, 2020",46.73,47.44,45.69,46.99,46.99,"403,543"
CL=F,"Dec 11, 2020",46.97,47.29,46.34,46.57,46.57,"367,305"
CL=F,"Dec 10, 2020",45.69,47.74,45.52,46.78,46.78,"447,529"
CL=F,"Dec 09, 2020",45.60,46.24,44.95,45.52,45.52,"434,976"
CL=F,"Dec 08, 2020",45.66,45.93,45.14,45.60,45.60,"332,641"
CL=F,"Dec 07, 2020",46.15,46.54,45.36,45.76,45.76,"348,871"
CL=F,"Dec 04, 2020",45.64,46.68,45.61,46.26,46.26,"335,453"
CL=F,"Dec 03, 2020",44.99,45.84,44.66,45.64,45.64,"350,768"
CL=F,"Dec 02, 2020",44.38,45.92,43.92,45.28,45.28,"368,854"
CL=F,"Dec 01, 2020",45.08,45.70,44.12,44.55,44.55,"314,919"
CL=F,"Nov 30, 2020",45.34,45.80,44.42,45.34,45.34,"370,755"
CL=F,"Nov 27, 2020",45.90,46.09,44.55,45.53,45.53,"365,128"
CL=F,"Nov 25, 2020",44.82,46.26,44.73,45.71,45.71,"417,182"
CL=F,"Nov 24, 2020",42.84,45.20,42.82,44.91,44.91,"418,527"
CL=F,"Nov 23, 2020",42.46,43.36,42.29,43.06,43.06,"300,717"
CL=F,"Nov 20, 2020",41.70,42.32,41.51,42.15,42.15,"276,340"
CL=F,"Nov 19, 2020",41.61,41.98,41.08,41.74,41.74,"88,144"
CL=F,"Nov 18, 2020",41.35,42.46,41.08,41.82,41.82,"107,013"
CL=F,"Nov 17, 2020",41.44,41.69,40.57,41.43,41.43,"243,677"
CL=F,"Nov 16, 2020",40.17,42.09,40.15,41.34,41.34,"378,785"
CL=F,"Nov 13, 2020",40.94,40.94,40.06,40.13,40.13,"338,187"
CL=F,"Nov 12, 2020",41.47,42.19,40.87,41.12,41.12,"401,031"
CL=F,"Nov 11, 2020",41.79,43.06,41.32,41.45,41.45,"443,772"
CL=F,"Nov 10, 2020",39.91,41.84,39.41,41.36,41.36,"457,045"
CL=F,"Nov 09, 2020",37.34,41.33,37.16,40.29,40.29,"622,921"
CL=F,"Nov 06, 2020",38.54,38.61,37.06,37.14,37.14,"411,026"
CL=F,"Nov 05, 2020",39.17,39.35,38.27,38.79,38.79,"298,366"
CL=F,"Nov 04, 2020",38.15,39.25,37.26,39.15,39.15,"437,000"
CL=F,"Nov 03, 2020",37.03,38.32,36.57,37.66,37.66,"410,611"
CL=F,"Nov 02, 2020",35.24,37.15,33.64,36.81,36.81,"489,204"
CL=F,"Oct 29, 2020",36.07,36.60,35.21,35.79,35.79,"388,971"
CL=F,"Oct 28, 2020",37.39,37.76,34.92,36.17,36.17,"568,816"
CL=F,"Oct 27, 2020",38.97,39.01,36.97,37.39,37.39,"489,954"
CL=F,"Oct 26, 2020",38.59,39.83,38.51,39.57,39.57,"339,535"
CL=F,"Oct 25, 2020",39.69,39.74,38.28,38.56,38.56,"360,184"
CL=F,"Oct 22, 2020",40.61,40.92,39.57,39.85,39.85,"268,931"
CL=F,"Oct 21, 2020",40.04,41.02,39.71,40.64,40.64,"307,494"
CL=F,"Oct 20, 2020",41.22,41.59,39.78,40.03,40.03,"366,899"
CL=F,"Oct 19, 2020",40.65,41.70,40.25,41.46,41.46,"360,574"
CL=F,"Oct 18, 2020",40.69,41.22,40.54,40.83,40.83,"75,335"
CL=F,"Oct 15, 2020",40.88,41.05,40.08,40.88,40.88,"96,488"
CL=F,"Oct 14, 2020",41.13,41.29,39.22,40.96,40.96,"248,251"
CL=F,"Oct 13, 2020",40.19,41.16,39.82,41.04,41.04,"328,295"
CL=F,"Oct 12, 2020",39.53,40.53,39.35,40.20,40.20,"375,470"
CL=F,"Oct 11, 2020",40.40,40.45,39.04,39.43,39.43,"322,035"
CL=F,"Oct 08, 2020",41.31,41.47,40.38,40.60,40.60,"331,703"
CL=F,"Oct 07, 2020",39.99,41.33,39.76,41.19,41.19,"409,787"
symbol,date,open,high,low,close,adjusted Close,volume
CL=F,"Oct 06, 2020",39.83,40.35,39.28,39.95,39.95,"433,065"
CL=F,"Oct 05, 2020",39.35,40.86,39.10,40.67,40.67,"400,531"
CL=F,"Oct 04, 2020",37.00,39.72,37.00,39.22,39.22,"378,579"
CL=F,"Oct 01, 2020",38.60,38.65,36.63,37.05,37.05,"391,428"
CL=F,"Sep 30, 2020",39.90,40.47,37.61,38.72,38.72,"443,442"
CL=F,"Sep 29, 2020",39.16,40.37,38.68,40.22,40.22,"340,294"
CL=F,"Sep 28, 2020",40.58,40.70,38.41,39.29,39.29,"379,599"
CL=F,"Sep 27, 2020",40.07,40.80,39.78,40.60,40.60,"226,425"
CL=F,"Sep 24, 2020",40.15,40.64,39.71,40.25,40.25,"229,025"
CL=F,"Sep 23, 2020",39.60,40.37,39.12,40.31,40.31,"269,992"
CL=F,"Sep 22, 2020",39.76,40.75,39.26,39.93,39.93,"318,754"
CL=F,"Sep 21, 2020",39.63,40.02,39.00,39.60,39.60,"287,807"
CL=F,"Sep 20, 2020",40.98,41.27,38.66,39.31,39.31,"66,195"
CL=F,"Sep 17, 2020",40.97,41.49,40.30,41.11,41.11,"85,906"
CL=F,"Sep 16, 2020",40.19,41.22,39.42,40.97,40.97,"280,669"
CL=F,"Sep 15, 2020",38.35,40.34,38.35,40.16,40.16,"367,612"
CL=F,"Sep 14, 2020",37.28,38.57,37.06,38.28,38.28,"348,861"
CL=F,"Sep 13, 2020",37.32,37.68,36.82,37.26,37.26,"347,563"
CL=F,"Sep 10, 2020",37.01,37.82,36.67,37.33,37.33,"363,787"
CL=F,"Sep 09, 2020",37.80,38.18,36.93,37.30,37.30,"367,555"
CL=F,"Sep 08, 2020",36.79,38.45,36.16,38.05,38.05,"455,356"
CL=F,"Sep 07, 2020",39.48,39.59,36.13,36.76,36.76,"720,975"
CL=F,"Sep 03, 2020",41.25,41.87,39.35,39.77,39.77,"444,184"
CL=F,"Sep 02, 2020",41.63,41.79,40.22,41.37,41.37,"417,634"
CL=F,"Sep 01, 2020",43.02,43.21,41.23,41.51,41.51,"421,771"
CL=F,"Aug 31, 2020",42.83,43.43,42.72,42.76,42.76,"285,146"
CL=F,"Aug 30, 2020",42.91,43.57,42.56,42.61,42.61,"236,877"
CL=F,"Aug 27, 2020",42.98,43.42,42.69,42.97,42.97,"272,800"
CL=F,"Aug 26, 2020",43.45,43.50,42.36,43.04,43.04,"320,968"
CL=F,"Aug 25, 2020",43.39,43.78,43.00,43.39,43.39,"262,243"
CL=F,"Aug 24, 2020",42.36,43.57,42.31,43.35,43.35,"330,800"
CL=F,"Aug 23, 2020",42.48,42.89,42.23,42.62,42.62,"294,731"
CL=F,"Aug 20, 2020",42.75,42.96,41.46,42.34,42.34,"345,368"
CL=F,"Aug 19, 2020",42.74,42.79,41.50,42.58,42.58,"377,070"
CL=F,"Aug 18, 2020",42.60,43.03,42.36,42.93,42.93,"81,299"
CL=F,"Aug 17, 2020",42.79,42.99,42.11,42.89,42.89,"111,628"
CL=F,"Aug 16, 2020",42.24,42.97,41.80,42.89,42.89,"208,429"
CL=F,"Aug 13, 2020",42.33,42.57,41.62,42.01,42.01,"310,866"
CL=F,"Aug 12, 2020",42.57,42.84,42.09,42.24,42.24,"329,507"
CL=F,"Aug 11, 2020",41.62,42.90,41.53,42.67,42.67,"397,831"
CL=F,"Aug 10, 2020",41.98,42.94,41.48,41.61,41.61,"432,843"
CL=F,"Aug 09, 2020",41.50,42.33,41.17,41.94,41.94,"367,796"
CL=F,"Aug 06, 2020",41.97,42.22,41.06,41.22,41.22,"398,997"
CL=F,"Aug 05, 2020",42.19,42.65,41.61,41.95,41.95,"359,610"
CL=F,"Aug 04, 2020",41.56,43.52,41.47,42.19,42.19,"491,268"
CL=F,"Aug 03, 2020",40.78,42.08,40.14,41.70,41.70,"451,575"
CL=F,"Aug 02, 2020",40.39,41.24,39.58,41.01,41.01,"338,326"
CL=F,"Jul 30, 2020",40.34,40.55,39.66,40.27,40.27,"318,788"
CL=F,"Jul 29, 2020",41.32,41.39,38.72,39.92,39.92,"487,325"
CL=F,"Jul 28, 2020",41.13,41.57,40.93,41.27,41.27,"295,855"
CL=F,"Jul 27, 2020",41.65,41.93,40.85,41.04,41.04,"276,804"
CL=F,"Jul 26, 2020",41.26,41.82,40.48,41.60,41.60,"377,714"
CL=F,"Jul 23, 2020",41.06,41.67,40.66,41.29,41.29,"353,159"
CL=F,"Jul 22, 2020",41.95,42.36,40.83,41.07,41.07,"389,412"
CL=F,"Jul 21, 2020",41.54,42.03,41.14,41.90,41.90,"333,647"
CL=F,"Jul 20, 2020",40.65,42.40,40.64,41.96,41.96,"389,117"
CL=F,"Jul 19, 2020",40.64,40.91,39.83,40.81,40.81,"60,179"
CL=F,"Jul 16, 2020",40.72,40.90,40.02,40.59,40.59,"88,220"
CL=F,"Jul 15, 2020",40.97,41.18,40.52,40.75,40.75,"200,101"
CL=F,"Jul 14, 2020",40.55,41.26,40.08,41.20,41.20,"352,542"
CL=F,"Jul 13, 2020",39.60,40.57,39.07,40.29,40.29,"426,971"
CL=F,"Jul 12, 2020",40.35,40.72,39.47,40.10,40.10,"370,715"
CL=F,"Jul 09, 2020",39.58,40.77,38.54,40.55,40.55,"393,149"
CL=F,"Jul 08, 2020",40.87,40.99,39.27,39.62,39.62,"367,386"
CL=F,"Jul 07, 2020",40.48,41.08,40.30,40.90,40.90,"286,740"
CL=F,"Jul 06, 2020",40.68,40.95,39.90,40.62,40.62,"256,596"
CL=F,"Jul 05, 2020",40.38,41.08,39.84,40.63,40.63,"373,236"
CL=F,"Jul 01, 2020",39.78,40.74,39.46,40.65,40.65,"347,096"
CL=F,"Jun 30, 2020",39.84,40.58,39.05,39.82,39.82,"407,170"
CL=F,"Jun 29, 2020",39.64,40.08,38.85,39.27,39.27,"370,059"
CL=F,"Jun 28, 2020",37.96,39.89,37.50,39.70,39.70,"343,913"
CL=F,"Jun 25, 2020",39.09,39.35,37.79,38.49,38.49,"356,712"
CL=F,"Jun 24, 2020",38.05,39.23,37.08,38.72,38.72,"451,640"
CL=F,"Jun 23, 2020",39.99,40.54,37.31,38.01,38.01,"499,490"
CL=F,"Jun 22, 2020",40.68,41.63,39.76,40.37,40.37,"368,730"
CL=F,"Jun 21, 2020",39.18,40.70,39.12,40.46,40.46,"315,264"
CL=F,"Jun 18, 2020",38.85,40.49,38.40,39.75,39.75,"64,113"
CL=F,"Jun 17, 2020",37.74,38.97,37.11,38.84,38.84,"113,384"
CL=F,"Jun 16, 2020",37.93,38.75,37.21,37.96,37.96,"239,516"
CL=F,"Jun 15, 2020",37.05,39.06,36.38,38.38,38.38,"366,323"
CL=F,"Jun 14, 2020",36.03,37.26,34.36,37.12,37.12,"387,546"
CL=F,"Jun 11, 2020",36.26,36.99,34.48,36.26,36.26,"406,508"
CL=F,"Jun 10, 2020",39.09,39.09,35.41,36.34,36.34,"513,912"
CL=F,"Jun 09, 2020",38.50,39.91,37.73,39.60,39.60,"385,868"
CL=F,"Jun 08, 2020",38.22,39.10,37.07,38.94,38.94,"396,033"
CL=F,"Jun 07, 2020",39.41,40.44,37.96,38.19,38.19,"416,639"
CL=F,"Jun 04, 2020",37.33,39.68,37.05,39.55,39.55,"396,856"
CL=F,"Jun 03, 2020",36.76,37.62,36.38,37.41,37.41,"307,612"
CL=F,"Jun 02, 2020",36.86,38.18,35.88,37.29,37.29,"494,253"
CL=F,"Jun 01, 2020",35.56,37.06,35.28,36.81,36.81,"343,483"
CL=F,"May 31, 2020",35.21,35.90,34.27,35.44,35.44,"385,710"
CL=F,"May 28, 2020",33.68,35.77,32.36,35.49,35.49,"443,647"
CL=F,"May 27, 2020",32.10,34.21,31.14,33.71,33.71,"440,168"
CL=F,"May 26, 2020",34.14,34.32,31.75,32.81,32.81,"415,246"
CL=F,"May 25, 2020",33.30,34.81,32.48,34.35,34.35,"466,737"
CL=F,"May 21, 2020",33.95,34.00,30.72,33.25,33.25,"429,036"
CL=F,"May 20, 2020",33.53,34.66,33.26,33.92,33.92,"372,814"
CL=F,"May 19, 2020",31.89,33.78,31.56,33.49,33.49,"406,431"
symbol,date,open,high,low,close,adjusted Close,volume
CL=F,"May 18, 2020",32.83,33.44,31.34,32.50,32.50,"430,823"
CL=F,"May 17, 2020",29.53,33.32,29.53,31.82,31.82,"89,376"
CL=F,"May 14, 2020",27.64,29.92,27.24,29.43,29.43,"108,016"
CL=F,"May 13, 2020",25.56,27.96,25.18,27.56,27.56,"160,507"
CL=F,"May 12, 2020",25.30,26.45,24.79,25.29,25.29,"150,864"
CL=F,"May 11, 2020",24.49,26.23,24.22,25.78,25.78,"212,335"
CL=F,"May 10, 2020",24.49,25.58,23.67,24.14,24.14,"179,591"
CL=F,"May 07, 2020",23.35,24.99,23.26,24.74,24.74,"205,181"
CL=F,"May 06, 2020",24.09,26.74,22.94,23.55,23.55,"310,261"
CL=F,"May 05, 2020",25.52,26.08,22.58,23.99,23.99,"381,165"
CL=F,"May 04, 2020",21.24,25.49,21.13,24.56,24.56,"387,240"
CL=F,"May 03, 2020",19.11,21.42,18.05,20.39,20.39,"311,488"
CL=F,"Apr 30, 2020",19.04,20.48,18.07,19.78,19.78,"403,201"
CL=F,"Apr 29, 2020",15.64,19.44,15.45,18.84,18.84,"545,344"
CL=F,"Apr 28, 2020",13.35,16.78,12.67,15.06,15.06,"554,134"
CL=F,"Apr 27, 2020",12.96,13.69,10.07,12.34,12.34,"897,087"
CL=F,"Apr 26, 2020",16.84,16.98,11.88,12.78,12.78,"623,201"
CL=F,"Apr 23, 2020",16.78,17.97,15.64,16.94,16.94,"600,220"
CL=F,"Apr 22, 2020",14.20,18.26,13.35,16.50,16.50,"833,584"
CL=F,"Apr 21, 2020",13.12,16.18,10.26,13.78,13.78,"1,235,218"
CL=F,"Apr 20, 2020",-14.00,13.86,-16.74,10.01,10.01,"2,288,230"
CL=F,"Apr 19, 2020",17.73,17.85,-40.32,-37.63,-37.63,"247,947"
CL=F,"Apr 16, 2020",20.00,20.22,17.31,18.27,18.27,"240,628"
CL=F,"Apr 15, 2020",20.15,20.53,19.42,19.87,19.87,"350,942"
CL=F,"Apr 14, 2020",20.72,20.89,19.20,19.87,19.87,"544,797"
CL=F,"Apr 13, 2020",22.36,23.08,19.95,20.11,20.11,"785,478"
CL=F,"Apr 12, 2020",24.60,24.74,22.03,22.41,22.41,"775,120"
CL=F,"Apr 08, 2020",26.28,28.36,22.57,22.76,22.76,"1,122,149"
CL=F,"Apr 07, 2020",24.30,26.45,23.74,25.09,25.09,"823,554"
CL=F,"Apr 06, 2020",26.34,27.24,23.54,23.63,23.63,"797,707"
CL=F,"Apr 05, 2020",26.09,28.24,25.28,26.08,26.08,"752,710"
CL=F,"Apr 02, 2020",24.81,29.13,23.52,28.34,28.34,"1,007,577"
CL=F,"Apr 01, 2020",21.22,27.39,20.76,25.32,25.32,"1,095,972"
CL=F,"Mar 31, 2020",20.10,21.55,19.90,20.31,20.31,"703,286"
CL=F,"Mar 30, 2020",20.23,21.89,20.01,20.48,20.48,"660,082"
CL=F,"Mar 29, 2020",20.93,20.93,19.27,20.09,20.09,"758,711"
CL=F,"Mar 26, 2020",23.29,23.44,20.88,21.51,21.51,"603,124"
CL=F,"Mar 25, 2020",24.25,24.65,22.38,22.60,22.60,"633,877"
CL=F,"Mar 24, 2020",24.37,25.24,22.91,24.49,24.49,"618,725"
CL=F,"Mar 23, 2020",23.87,25.16,23.09,24.01,24.01,"659,697"
CL=F,"Mar 22, 2020",22.52,24.07,20.80,23.36,23.36,"852,951"
CL=F,"Mar 19, 2020",24.73,27.89,19.46,22.43,22.43,"1,133,808"
CL=F,"Mar 18, 2020",22.30,27.71,21.36,25.22,25.22,"136,722"
CL=F,"Mar 17, 2020",26.94,27.22,20.06,20.37,20.37,"309,481"
CL=F,"Mar 16, 2020",28.69,30.30,26.63,26.95,26.95,"545,820"
CL=F,"Mar 15, 2020",33.75,33.75,28.10,28.70,28.70,"698,829"
CL=F,"Mar 12, 2020",30.77,33.87,30.33,31.73,31.73,"743,129"
CL=F,"Mar 11, 2020",33.07,33.63,30.02,31.50,31.50,"1,025,036"
CL=F,"Mar 10, 2020",34.62,36.35,32.56,32.98,32.98,"874,646"
CL=F,"Mar 09, 2020",30.37,35.02,30.20,34.36,34.36,"1,064,632"
CL=F,"Mar 08, 2020",32.87,34.88,27.34,31.13,31.13,"1,774,383"
CL=F,"Mar 06, 2020",46.09,46.38,41.05,41.28,41.28,"1,276,180"
CL=F,"Mar 05, 2020",47.13,47.57,45.65,45.90,45.90,"704,591"
CL=F,"Mar 04, 2020",46.94,48.41,46.65,46.78,46.78,"745,856"
CL=F,"Mar 03, 2020",47.72,48.66,46.47,47.18,47.18,"1,011,933"
CL=F,"Mar 02, 2020",43.70,47.56,43.32,46.75,46.75,"949,471"
CL=F,"Feb 28, 2020",46.49,47.03,43.85,44.76,44.76,"1,101,659"
CL=F,"Feb 27, 2020",48.63,48.78,45.88,47.09,47.09,"1,011,915"
CL=F,"Feb 26, 2020",50.08,50.44,48.30,48.73,48.73,"884,482"
CL=F,"Feb 25, 2020",51.37,52.02,49.69,49.90,49.90,"764,989"
CL=F,"Feb 24, 2020",52.60,52.64,50.45,51.43,51.43,"765,515"
CL=F,"Feb 21, 2020",53.74,53.86,52.55,53.38,53.38,"707,555"
CL=F,"Feb 20, 2020",53.50,54.50,53.22,53.78,53.78,"676,179"
CL=F,"Feb 19, 2020",52.12,53.66,51.93,53.29,53.29,"113,683"
CL=F,"Feb 18, 2020",52.23,52.41,50.88,52.05,52.05,"221,774"
CL=F,"Feb 14, 2020",51.51,52.34,51.32,52.05,52.05,"607,343"
CL=F,"Feb 13, 2020",51.72,51.96,50.60,51.42,51.42,"745,400"
CL=F,"Feb 12, 2020",49.96,51.73,49.95,51.17,51.17,"795,256"
CL=F,"Feb 11, 2020",49.61,50.69,49.58,49.94,49.94,"725,733"
CL=F,"Feb 10, 2020",50.12,50.49,49.42,49.57,49.57,"715,894"
CL=F,"Feb 07, 2020",51.11,51.48,50.09,50.32,50.32,"768,345"
CL=F,"Feb 06, 2020",51.17,52.20,50.24,50.95,50.95,"750,659"
CL=F,"Feb 05, 2020",49.51,51.88,49.47,50.75,50.75,"887,946"
CL=F,"Feb 04, 2020",49.94,51.55,49.31,49.61,49.61,"859,357"
CL=F,"Feb 03, 2020",51.01,51.97,49.80,50.11,50.11,"876,044"
CL=F,"Jan 31, 2020",52.92,53.36,50.97,51.56,51.56,"827,907"
CL=F,"Jan 30, 2020",53.09,53.20,51.66,52.14,52.14,"720,123"
CL=F,"Jan 29, 2020",53.97,54.37,52.81,53.33,53.33,"624,979"
CL=F,"Jan 28, 2020",52.77,54.06,52.68,53.48,53.48,"633,963"
CL=F,"Jan 27, 2020",53.70,53.71,52.13,53.14,53.14,"712,880"
CL=F,"Jan 24, 2020",55.69,55.95,53.85,54.19,54.19,"586,195"
CL=F,"Jan 23, 2020",56.11,56.27,54.77,55.59,55.59,"703,995"
CL=F,"Jan 22, 2020",58.26,58.38,56.03,56.74,56.74,"620,119"
CL=F,"Jan 21, 2020",59.17,59.73,57.68,58.34,58.34,"648,335"
CL=F,"Jan 17, 2020",58.59,58.98,58.27,58.54,58.54,"122,561"
CL=F,"Jan 16, 2020",58.10,58.87,57.56,58.52,58.52,"182,871"
CL=F,"Jan 15, 2020",58.20,58.36,57.36,57.81,57.81,"433,169"
CL=F,"Jan 14, 2020",58.03,58.72,57.72,58.23,58.23,"507,714"
CL=F,"Jan 13, 2020",59.04,59.27,57.91,58.08,58.08,"584,002"
CL=F,"Jan 10, 2020",59.61,59.78,58.85,59.04,59.04,"596,186"
CL=F,"Jan 09, 2020",59.99,60.31,58.66,59.56,59.56,"750,933"
CL=F,"Jan 08, 2020",62.84,65.65,59.15,59.61,59.61,"1,205,710"
CL=F,"Jan 07, 2020",62.91,63.15,62.11,62.70,62.70,"582,649"
CL=F,"Jan 06, 2020",63.71,64.72,62.64,63.27,63.27,"724,236"
CL=F,"Jan 03, 2020",61.18,64.09,61.13,63.05,63.05,"885,861"
CL=F,"Jan 02, 2020",61.60,61.60,60.64,61.18,61.18,"486,873"
CL=F,"Dec 31, 2019",61.68,61.88,60.63,61.06,61.06,"494,535"
symbol,date,open,high,low,close,adjusted Close,volume
CL=F,"Dec 30, 2019",61.71,62.34,61.09,61.68,61.68,"427,149"
CL=F,"Dec 27, 2019",61.73,61.97,61.24,61.72,61.72,"351,899"
CL=F,"Dec 26, 2019",61.20,61.83,61.06,61.68,61.68,"265,091"
CL=F,"Dec 24, 2019",60.63,61.16,60.47,61.11,61.11,"204,535"
CL=F,"Dec 23, 2019",60.41,60.77,60.10,60.52,60.52,"314,711"
CL=F,"Dec 20, 2019",61.11,61.20,60.02,60.44,60.44,"552,517"
CL=F,"Dec 19, 2019",60.86,61.47,60.79,61.22,61.22,"426,341"
CL=F,"Dec 18, 2019",60.55,61.18,60.32,60.93,60.93,"131,071"
CL=F,"Dec 17, 2019",60.23,61.06,60.03,60.94,60.94,"163,744"
CL=F,"Dec 16, 2019",59.87,60.34,59.71,60.21,60.21,"347,395"
CL=F,"Dec 13, 2019",59.36,60.48,59.27,60.07,60.07,"512,288"
CL=F,"Dec 12, 2019",58.88,59.72,58.75,59.18,59.18,"530,851"
CL=F,"Dec 11, 2019",59.06,59.22,58.11,58.76,58.76,"589,650"
CL=F,"Dec 10, 2019",58.92,59.52,58.52,59.24,59.24,"566,822"
CL=F,"Dec 09, 2019",59.11,59.25,58.23,59.02,59.02,"511,561"
CL=F,"Dec 06, 2019",58.32,59.85,57.70,59.20,59.20,"679,609"
CL=F,"Dec 05, 2019",58.36,59.12,58.10,58.43,58.43,"649,461"
CL=F,"Dec 04, 2019",56.43,58.66,56.28,58.43,58.43,"760,541"
CL=F,"Dec 03, 2019",55.96,56.80,55.35,56.10,56.10,"560,554"
CL=F,"Dec 02, 2019",55.47,56.67,55.42,55.96,55.96,"616,423"
CL=F,"Nov 29, 2019",58.13,58.30,55.02,55.17,55.17,"718,724"
CL=F,"Nov 27, 2019",58.27,58.68,57.51,58.11,58.11,"454,256"
CL=F,"Nov 26, 2019",57.92,58.56,57.76,58.41,58.41,"443,816"
CL=F,"Nov 25, 2019",57.92,58.15,57.21,58.01,58.01,"420,642"
CL=F,"Nov 22, 2019",58.31,58.74,57.50,57.77,57.77,"508,244"
CL=F,"Nov 21, 2019",57.00,58.67,56.60,58.58,58.58,"593,533"
CL=F,"Nov 20, 2019",55.16,57.25,54.76,57.11,57.11,"674,891"
CL=F,"Nov 19, 2019",56.90,57.11,55.04,55.21,55.21,"121,214"
CL=F,"Nov 18, 2019",57.88,58.09,56.55,57.05,57.05,"159,328"
CL=F,"Nov 15, 2019",56.91,57.97,56.43,57.72,57.72,"375,993"
CL=F,"Nov 14, 2019",57.39,57.79,56.63,56.77,56.77,"516,832"
CL=F,"Nov 13, 2019",56.79,57.53,56.20,57.12,57.12,"547,635"
CL=F,"Nov 12, 2019",56.89,57.55,56.54,56.80,56.80,"586,568"
CL=F,"Nov 11, 2019",57.40,57.40,56.25,56.86,56.86,"498,981"
CL=F,"Nov 08, 2019",57.08,57.48,55.76,57.24,57.24,"636,941"
CL=F,"Nov 07, 2019",56.35,57.88,56.27,57.15,57.15,"678,165"
CL=F,"Nov 06, 2019",57.26,57.85,56.11,56.35,56.35,"623,258"
CL=F,"Nov 05, 2019",56.56,57.50,56.30,57.23,57.23,"435,319"
CL=F,"Nov 04, 2019",56.41,57.43,55.83,56.54,56.54,"580,350"
CL=F,"Oct 31, 2019",54.15,56.33,54.07,56.20,56.20,"538,117"
CL=F,"Oct 30, 2019",54.90,55.59,53.71,54.18,54.18,"677,419"
CL=F,"Oct 29, 2019",55.53,55.73,54.42,55.06,55.06,"659,328"
CL=F,"Oct 28, 2019",55.80,55.91,54.61,55.54,55.54,"521,457"
CL=F,"Oct 27, 2019",56.65,56.92,55.58,55.81,55.81,"437,020"
CL=F,"Oct 24, 2019",56.07,56.74,55.60,56.66,56.66,"445,020"
CL=F,"Oct 23, 2019",55.90,56.51,55.41,56.23,56.23,"480,764"
CL=F,"Oct 22, 2019",54.30,56.07,53.62,55.97,55.97,"620,202"
CL=F,"Oct 21, 2019",53.39,54.62,53.10,54.16,54.16,"506,573"
CL=F,"Oct 20, 2019",53.71,54.03,52.71,53.31,53.31,"95,979"
CL=F,"Oct 17, 2019",54.09,54.62,53.35,53.78,53.78,"174,477"
CL=F,"Oct 16, 2019",52.99,54.16,52.62,53.93,53.93,"418,422"
CL=F,"Oct 15, 2019",52.92,53.74,52.52,53.36,53.36,"451,643"
CL=F,"Oct 14, 2019",53.51,53.79,52.39,52.81,52.81,"511,249"
CL=F,"Oct 13, 2019",54.90,54.90,52.77,53.59,53.59,"467,643"
CL=F,"Oct 10, 2019",53.88,54.93,53.64,54.70,54.70,"467,643"
CL=F,"Oct 09, 2019",52.69,53.97,51.38,53.55,53.55,"613,944"
CL=F,"Oct 08, 2019",52.57,53.74,52.31,52.59,52.59,"632,666"
CL=F,"Oct 07, 2019",52.81,53.27,51.81,52.63,52.63,"658,324"
CL=F,"Oct 06, 2019",52.69,54.06,52.59,52.75,52.75,"549,019"
CL=F,"Oct 03, 2019",52.29,53.35,52.04,52.81,52.81,"541,104"
CL=F,"Oct 02, 2019",52.47,52.91,50.99,52.45,52.45,"642,466"
CL=F,"Oct 01, 2019",54.00,54.42,52.17,52.64,52.64,"590,306"
CL=F,"Sep 30, 2019",54.28,54.84,53.05,53.62,53.62,"589,176"
CL=F,"Sep 29, 2019",56.54,56.57,53.98,54.07,54.07,"532,522"
CL=F,"Sep 26, 2019",56.51,56.76,54.75,55.91,55.91,"712,966"
CL=F,"Sep 25, 2019",56.69,56.84,55.41,56.41,56.41,"599,653"
CL=F,"Sep 24, 2019",56.70,57.02,55.55,56.49,56.49,"563,550"
CL=F,"Sep 23, 2019",58.44,58.49,56.69,57.29,57.29,"591,529"
CL=F,"Sep 22, 2019",59.25,59.39,57.37,58.64,58.64,"526,785"
CL=F,"Sep 19, 2019",58.65,59.10,57.79,58.09,58.09,"576,019"
CL=F,"Sep 18, 2019",58.20,59.54,58.01,58.13,58.13,"112,327"
CL=F,"Sep 17, 2019",58.81,59.43,57.67,58.11,58.11,"216,961"
CL=F,"Sep 16, 2019",61.96,62.59,58.46,59.34,59.34,"993,237"
CL=F,"Sep 15, 2019",61.48,63.38,58.77,62.90,62.90,"1,404,916"
CL=F,"Sep 12, 2019",55.15,55.68,54.44,54.85,54.85,"599,470"
CL=F,"Sep 11, 2019",55.93,56.34,54.00,55.09,55.09,"845,977"
CL=F,"Sep 10, 2019",57.89,58.30,55.61,55.75,55.75,"858,772"
CL=F,"Sep 09, 2019",58.03,58.76,57.20,57.40,57.40,"755,472"
CL=F,"Sep 08, 2019",56.80,58.16,56.58,57.85,57.85,"646,993"
CL=F,"Sep 05, 2019",56.19,56.95,54.83,56.52,56.52,"714,294"
CL=F,"Sep 04, 2019",55.95,57.76,55.75,56.30,56.30,"712,466"
CL=F,"Sep 03, 2019",53.92,56.58,53.84,56.26,56.26,"682,298"
CL=F,"Sep 02, 2019",55.00,55.24,52.84,53.94,53.94,"970,804"
CL=F,"Aug 29, 2019",56.63,56.72,54.55,55.10,55.10,"708,268"
CL=F,"Aug 28, 2019",55.88,56.89,55.43,56.71,56.71,"630,760"
CL=F,"Aug 27, 2019",55.71,56.75,55.34,55.78,55.78,"674,048"
CL=F,"Aug 26, 2019",53.76,55.72,53.69,54.93,54.93,"596,624"
CL=F,"Aug 25, 2019",53.25,55.26,52.96,53.64,53.64,"679,022"
CL=F,"Aug 22, 2019",55.35,55.60,53.24,54.17,54.17,"807,151"
CL=F,"Aug 21, 2019",55.94,56.46,54.85,55.35,55.35,"621,573"
CL=F,"Aug 20, 2019",56.05,57.13,55.55,55.68,55.68,"704,035"
CL=F,"Aug 19, 2019",56.10,56.60,55.28,56.34,56.34,"659,258"
CL=F,"Aug 18, 2019",54.96,56.41,54.84,56.21,56.21,"113,571"
CL=F,"Aug 15, 2019",54.74,55.67,54.26,54.87,54.87,"168,345"
CL=F,"Aug 14, 2019",54.90,55.33,53.77,54.47,54.47,"527,866"
CL=F,"Aug 13, 2019",56.74,56.85,53.97,55.23,55.23,"718,293"
CL=F,"Aug 12, 2019",54.73,57.47,54.21,57.10,57.10,"783,486"
CL=F,"Aug 11, 2019",54.32,55.18,53.54,54.93,54.93,"611,027"
symbol,date,open,high,low,close,adjusted Close,volume
CL=F,"Aug 08, 2019",52.88,54.92,52.37,54.50,54.50,"726,386"
CL=F,"Aug 07, 2019",52.33,53.06,51.94,52.54,52.54,"724,762"
CL=F,"Aug 06, 2019",53.42,53.77,50.52,51.09,51.09,"1,063,214"
CL=F,"Aug 05, 2019",54.95,55.42,53.29,53.63,53.63,"682,794"
CL=F,"Aug 04, 2019",55.38,55.61,54.22,54.69,54.69,"823,844"
CL=F,"Aug 01, 2019",54.54,56.05,54.15,55.66,55.66,"739,810"
CL=F,"Jul 31, 2019",57.85,57.99,53.59,53.95,53.95,"886,748"
CL=F,"Jul 30, 2019",58.34,58.82,57.81,58.58,58.58,"614,001"
CL=F,"Jul 29, 2019",57.07,58.47,56.96,58.05,58.05,"547,401"
CL=F,"Jul 28, 2019",56.20,57.10,55.81,56.87,56.87,"529,742"
CL=F,"Jul 25, 2019",55.93,56.57,55.68,56.20,56.20,"476,785"
CL=F,"Jul 24, 2019",55.90,56.99,55.81,56.02,56.02,"559,282"
CL=F,"Jul 23, 2019",57.23,57.64,55.33,55.88,55.88,"745,248"
CL=F,"Jul 22, 2019",56.17,57.47,55.74,56.77,56.77,"521,876"
CL=F,"Jul 21, 2019",56.22,56.84,55.72,56.22,56.22,"619,483"
CL=F,"Jul 18, 2019",55.72,56.36,54.99,55.63,55.63,"105,217"
CL=F,"Jul 17, 2019",56.60,57.32,54.72,55.30,55.30,"215,361"
CL=F,"Jul 16, 2019",57.52,58.36,56.21,56.78,56.78,"504,432"
CL=F,"Jul 15, 2019",59.26,60.06,57.07,57.62,57.62,"712,540"
CL=F,"Jul 14, 2019",60.25,60.92,59.20,59.58,59.58,"566,818"
CL=F,"Jul 11, 2019",60.46,60.74,59.93,60.21,60.21,"469,029"
CL=F,"Jul 10, 2019",60.44,60.94,60.14,60.20,60.20,"573,019"
CL=F,"Jul 09, 2019",58.40,60.53,58.35,60.43,60.43,"690,656"
CL=F,"Jul 08, 2019",57.56,59.10,57.29,57.83,57.83,"551,872"
CL=F,"Jul 07, 2019",57.77,58.46,57.30,57.66,57.66,"540,861"
CL=F,"Jul 04, 2019",57.38,57.82,56.29,57.51,57.51,"698,015"
CL=F,"Jul 03, 2019",56.49,57.48,56.04,57.34,57.34,"600,131"
CL=F,"Jul 01, 2019",59.14,59.43,56.09,56.25,56.25,"878,938"
CL=F,"Jun 30, 2019",59.27,60.28,58.34,59.09,59.09,"674,887"
CL=F,"Jun 27, 2019",59.22,59.80,57.75,58.47,58.47,"556,101"
CL=F,"Jun 26, 2019",59.27,59.73,58.61,59.43,59.43,"531,405"
CL=F,"Jun 25, 2019",58.84,59.93,58.65,59.38,59.38,"686,817"
CL=F,"Jun 24, 2019",57.74,58.84,57.20,57.83,57.83,"673,140"
CL=F,"Jun 23, 2019",57.72,58.22,56.75,57.90,57.90,"597,164"
CL=F,"Jun 20, 2019",57.26,57.98,56.66,57.43,57.43,"676,047"
CL=F,"Jun 19, 2019",54.12,57.02,54.11,56.65,56.65,"854,514"
CL=F,"Jun 18, 2019",54.09,54.42,53.28,53.76,53.76,"122,838"
CL=F,"Jun 17, 2019",51.95,54.31,51.50,53.90,53.90,"181,640"
CL=F,"Jun 16, 2019",52.50,52.74,51.58,51.93,51.93,"397,868"
CL=F,"Jun 13, 2019",52.18,52.98,51.70,52.51,52.51,"574,229"
CL=F,"Jun 12, 2019",51.07,53.45,50.92,52.28,52.28,"945,024"
CL=F,"Jun 11, 2019",53.04,53.05,50.72,51.14,51.14,"786,105"
CL=F,"Jun 10, 2019",53.43,54.04,52.91,53.27,53.27,"642,940"
CL=F,"Jun 09, 2019",54.24,54.84,53.05,53.26,53.26,"687,146"
CL=F,"Jun 06, 2019",53.10,54.32,52.62,53.99,53.99,"828,133"
CL=F,"Jun 05, 2019",51.66,53.30,51.17,52.59,52.59,"790,067"
CL=F,"Jun 04, 2019",52.86,53.41,50.60,51.68,51.68,"943,186"
CL=F,"Jun 03, 2019",52.89,53.78,52.43,53.48,53.48,"831,625"
CL=F,"Jun 02, 2019",53.42,54.63,52.11,53.25,53.25,"984,308"
CL=F,"May 30, 2019",56.46,56.61,53.05,53.50,53.50,"1,031,488"
CL=F,"May 29, 2019",59.12,59.70,56.33,56.59,56.59,"842,281"
CL=F,"May 28, 2019",59.07,59.14,56.88,58.81,58.81,"1,124,959"
CL=F,"May 27, 2019",58.94,59.57,58.13,59.14,59.14,"1,020,323"
CL=F,"May 23, 2019",58.21,59.10,57.50,58.63,58.63,"758,099"
CL=F,"May 22, 2019",61.27,61.29,57.33,57.91,57.91,"1,108,052"
CL=F,"May 21, 2019",62.64,62.78,61.03,61.42,61.42,"766,728"
CL=F,"May 20, 2019",63.28,63.60,62.75,62.99,62.99,"641,680"
CL=F,"May 19, 2019",63.53,63.81,62.45,63.10,63.10,"131,888"
CL=F,"May 16, 2019",63.12,63.64,62.52,62.76,62.76,"215,802"
CL=F,"May 15, 2019",62.12,63.48,62.08,62.87,62.87,"545,679"
CL=F,"May 14, 2019",61.37,62.34,60.85,62.02,62.02,"723,001"
CL=F,"May 13, 2019",60.86,62.11,60.69,61.78,61.78,"751,668"
CL=F,"May 12, 2019",61.65,63.33,60.64,61.04,61.04,"1,003,106"
CL=F,"May 09, 2019",61.64,62.49,61.42,61.66,61.66,"786,494"
CL=F,"May 08, 2019",62.02,62.21,60.92,61.70,61.70,"769,583"
CL=F,"May 07, 2019",61.44,62.37,61.07,62.12,62.12,"791,769"
CL=F,"May 06, 2019",62.17,62.49,60.66,61.40,61.40,"842,810"
CL=F,"May 05, 2019",61.43,62.95,60.04,62.25,62.25,"768,810"
CL=F,"May 02, 2019",61.55,62.52,61.30,61.94,61.94,"646,866"
CL=F,"May 01, 2019",63.61,63.68,60.95,61.81,61.81,"914,661"
CL=F,"Apr 30, 2019",63.40,63.93,62.77,63.60,63.60,"676,872"
CL=F,"Apr 29, 2019",63.58,64.75,63.30,63.91,63.91,"750,494"
CL=F,"Apr 28, 2019",62.95,63.69,62.46,63.50,63.50,"654,076"
CL=F,"Apr 25, 2019",65.13,65.18,62.28,63.30,63.30,"1,000,836"
CL=F,"Apr 24, 2019",65.81,66.28,64.90,65.21,65.21,"603,001"
CL=F,"Apr 23, 2019",66.17,66.43,65.66,65.89,65.89,"678,386"
CL=F,"Apr 22, 2019",65.75,66.60,65.58,66.30,66.30,"700,598"
CL=F,"Apr 21, 2019",64.00,65.92,64.00,65.70,65.70,"763,527"
CL=F,"Apr 17, 2019",63.75,64.16,63.46,64.00,64.00,"148,238"
CL=F,"Apr 16, 2019",64.32,64.61,63.66,63.76,63.76,"235,376"
CL=F,"Apr 15, 2019",63.57,64.37,62.99,64.05,64.05,"547,469"
CL=F,"Apr 14, 2019",63.76,63.84,63.03,63.40,63.40,"555,858"
CL=F,"Apr 11, 2019",63.71,64.65,63.66,63.89,63.89,"625,588"
CL=F,"Apr 10, 2019",64.48,64.49,63.31,63.58,63.58,"760,504"
CL=F,"Apr 09, 2019",64.22,64.70,64.05,64.61,64.61,"722,216"
CL=F,"Apr 08, 2019",64.40,64.79,63.68,63.98,63.98,"790,677"
CL=F,"Apr 07, 2019",63.33,64.48,63.13,64.40,64.40,"895,767"
CL=F,"Apr 04, 2019",62.18,63.34,61.82,63.08,63.08,"686,862"
CL=F,"Apr 03, 2019",62.50,62.77,61.89,62.10,62.10,"684,973"
CL=F,"Apr 02, 2019",62.64,62.99,62.05,62.46,62.46,"799,672"
CL=F,"Apr 01, 2019",61.81,62.75,61.60,62.58,62.58,"793,227"
CL=F,"Mar 31, 2019",60.24,61.80,60.13,61.59,61.59,"670,808"
CL=F,"Mar 28, 2019",59.53,60.73,59.41,60.14,60.14,"705,559"
CL=F,"Mar 27, 2019",59.40,59.56,58.20,59.30,59.30,"712,209"
CL=F,"Mar 26, 2019",60.03,60.22,58.81,59.41,59.41,"732,150"
CL=F,"Mar 25, 2019",59.12,60.38,59.04,59.94,59.94,"685,988"
CL=F,"Mar 24, 2019",58.98,59.35,58.17,58.82,58.82,"705,399"
CL=F,"Mar 21, 2019",59.87,60.07,58.28,59.04,59.04,"738,840"
symbol,date,open,high,low,close,adjusted Close,volume
CL=F,"Mar 20, 2019",59.99,60.39,59.66,59.98,59.98,"655,380"
CL=F,"Mar 19, 2019",59.02,60.12,58.39,59.83,59.83,"786,342"
CL=F,"Mar 18, 2019",59.01,59.57,58.62,59.03,59.03,"114,822"
CL=F,"Mar 17, 2019",58.45,59.23,58.05,59.09,59.09,"157,241"
CL=F,"Mar 14, 2019",58.51,58.95,57.74,58.52,58.52,"507,393"
CL=F,"Mar 13, 2019",58.35,58.74,58.00,58.61,58.61,"567,604"
CL=F,"Mar 12, 2019",57.09,58.48,57.01,58.26,58.26,"610,616"
CL=F,"Mar 11, 2019",56.76,57.55,56.74,56.87,56.87,"652,798"
CL=F,"Mar 10, 2019",56.07,57.01,55.96,56.79,56.79,"597,156"
CL=F,"Mar 08, 2019",56.43,56.51,54.52,56.07,56.07,"747,358"
CL=F,"Mar 07, 2019",56.20,56.99,56.08,56.66,56.66,"628,824"
CL=F,"Mar 06, 2019",56.28,56.40,55.42,56.22,56.22,"637,677"
CL=F,"Mar 05, 2019",56.45,57.19,56.09,56.56,56.56,"538,399"
CL=F,"Mar 04, 2019",55.83,57.00,55.81,56.59,56.59,"549,396"
CL=F,"Mar 01, 2019",57.22,57.88,55.57,55.80,55.80,"684,186"
CL=F,"Feb 28, 2019",57.00,57.43,56.43,57.22,57.22,"496,678"
CL=F,"Feb 27, 2019",55.95,57.39,55.72,56.94,56.94,"577,227"
CL=F,"Feb 26, 2019",55.46,56.08,55.02,55.50,55.50,"538,919"
CL=F,"Feb 25, 2019",57.17,57.53,55.08,55.48,55.48,"723,012"
CL=F,"Feb 22, 2019",56.84,57.81,56.71,57.26,57.26,"513,439"
CL=F,"Feb 21, 2019",57.24,57.61,56.64,56.96,56.96,"546,202"
CL=F,"Feb 20, 2019",55.94,57.55,55.48,56.92,56.92,"685,111"
CL=F,"Feb 19, 2019",55.78,56.33,55.29,56.09,56.09,"153,728"
CL=F,"Feb 15, 2019",54.48,55.87,54.24,55.59,55.59,"276,907"
CL=F,"Feb 14, 2019",53.96,54.68,53.08,54.41,54.41,"623,546"
CL=F,"Feb 13, 2019",53.35,54.60,53.27,53.90,53.90,"706,552"
CL=F,"Feb 12, 2019",52.47,54.05,52.29,53.10,53.10,"708,312"
CL=F,"Feb 11, 2019",52.66,52.78,51.23,52.41,52.41,"750,242"
CL=F,"Feb 08, 2019",52.59,52.99,52.08,52.72,52.72,"621,003"
CL=F,"Feb 07, 2019",53.94,54.21,51.80,52.64,52.64,"749,010"
CL=F,"Feb 06, 2019",53.73,54.30,52.86,54.01,54.01,"606,720"
CL=F,"Feb 05, 2019",54.86,55.21,53.47,53.66,53.66,"609,756"
CL=F,"Feb 04, 2019",55.32,55.75,53.29,54.56,54.56,"622,472"
CL=F,"Feb 01, 2019",54.01,55.66,53.37,55.26,55.26,"689,566"
CL=F,"Jan 31, 2019",54.28,55.37,53.62,53.79,53.79,"718,650"
CL=F,"Jan 30, 2019",53.24,54.93,53.09,54.23,54.23,"731,312"
CL=F,"Jan 29, 2019",52.12,53.93,51.84,53.31,53.31,"660,527"
CL=F,"Jan 28, 2019",53.56,53.64,51.33,51.99,51.99,"650,667"
CL=F,"Jan 25, 2019",53.17,53.94,52.91,53.69,53.69,"593,385"
CL=F,"Jan 24, 2019",52.45,53.47,52.07,53.13,53.13,"714,415"
CL=F,"Jan 23, 2019",52.95,53.64,51.86,52.62,52.62,"702,866"
CL=F,"Jan 22, 2019",53.73,54.24,51.80,52.57,52.57,"951,158"
CL=F,"Jan 18, 2019",52.23,53.92,52.09,53.80,53.80,"193,099"
CL=F,"Jan 17, 2019",52.30,52.58,50.98,52.07,52.07,"288,560"
CL=F,"Jan 16, 2019",52.00,52.52,51.26,52.31,52.31,"694,182"
CL=F,"Jan 15, 2019",50.78,52.30,50.64,52.11,52.11,"664,183"
CL=F,"Jan 14, 2019",51.73,52.11,50.38,50.51,50.51,"791,527"
CL=F,"Jan 11, 2019",52.28,53.31,51.18,51.59,51.59,"812,339"
CL=F,"Jan 10, 2019",52.18,52.78,51.37,52.59,52.59,"821,782"
CL=F,"Jan 09, 2019",49.80,52.58,49.71,52.36,52.36,"891,922"
CL=F,"Jan 08, 2019",48.73,49.95,48.31,49.78,49.78,"765,981"
CL=F,"Jan 07, 2019",48.30,49.79,48.11,48.52,48.52,"819,939"
CL=F,"Jan 04, 2019",46.90,49.22,46.65,47.96,47.96,"817,277"
CL=F,"Jan 03, 2019",46.26,47.49,45.35,47.09,47.09,"788,718"
CL=F,"Jan 02, 2019",45.80,47.78,44.35,46.54,46.54,"850,480"
CL=F,"Dec 31, 2018",45.22,46.53,44.73,45.41,45.41,"476,970"
CL=F,"Dec 28, 2018",45.44,46.22,44.42,45.33,45.33,"564,385"
CL=F,"Dec 27, 2018",46.58,46.70,44.37,44.61,44.61,"665,590"
CL=F,"Dec 26, 2018",42.85,47.00,42.52,46.22,46.22,"698,408"
CL=F,"Dec 24, 2018",45.45,46.24,42.36,42.53,42.53,"415,859"
CL=F,"Dec 21, 2018",46.25,46.77,45.13,45.59,45.59,"694,003"
CL=F,"Dec 20, 2018",47.39,47.51,45.67,45.88,45.88,"794,130"
CL=F,"Dec 19, 2018",45.93,48.00,45.93,47.20,47.20,"817,721"
CL=F,"Dec 18, 2018",49.16,49.59,45.79,46.24,46.24,"120,101"
CL=F,"Dec 17, 2018",51.25,51.87,49.01,49.88,49.88,"211,257"
CL=F,"Dec 14, 2018",52.83,52.95,50.84,51.20,51.20,"526,839"
CL=F,"Dec 13, 2018",51.20,53.27,50.35,52.58,52.58,"733,627"
CL=F,"Dec 12, 2018",51.95,52.88,50.94,51.15,51.15,"730,810"
CL=F,"Dec 11, 2018",50.89,52.43,50.70,51.65,51.65,"665,262"
CL=F,"Dec 10, 2018",52.03,52.81,50.53,51.00,51.00,"733,225"
CL=F,"Dec 07, 2018",51.76,54.22,50.60,52.61,52.61,"987,717"
CL=F,"Dec 06, 2018",52.93,53.30,50.08,51.49,51.49,"987,266"
CL=F,"Dec 04, 2018",53.13,54.55,52.43,53.25,53.25,"738,130"
CL=F,"Dec 03, 2018",52.45,53.85,52.03,52.95,52.95,"758,010"
CL=F,"Nov 30, 2018",51.27,51.79,49.65,50.93,50.93,"796,714"
CL=F,"Nov 29, 2018",50.31,52.20,49.41,51.45,51.45,"812,721"
CL=F,"Nov 28, 2018",52.09,52.56,50.06,50.29,50.29,"831,688"
CL=F,"Nov 27, 2018",51.54,52.38,50.30,51.56,51.56,"764,010"
CL=F,"Nov 26, 2018",50.62,52.25,50.10,51.63,51.63,"663,108"
CL=F,"Nov 23, 2018",53.87,54.12,50.15,50.42,50.42,"1,014,667"
CL=F,"Nov 21, 2018",53.39,55.86,53.39,54.63,54.63,"734,277"
CL=F,"Nov 20, 2018",57.39,57.44,52.77,53.43,53.43,"983,120"
CL=F,"Nov 19, 2018",56.72,57.33,55.08,56.76,56.76,"699,684"
CL=F,"Nov 16, 2018",56.58,57.96,55.89,56.46,56.46,"159,001"
CL=F,"Nov 15, 2018",56.02,57.26,55.59,56.46,56.46,"256,499"
CL=F,"Nov 14, 2018",55.27,57.37,55.13,56.25,56.25,"844,696"
CL=F,"Nov 13, 2018",58.88,59.35,54.75,55.69,55.69,"1,095,643"
CL=F,"Nov 12, 2018",60.70,61.28,58.68,59.93,59.93,"806,219"
CL=F,"Nov 09, 2018",60.75,60.79,59.26,60.19,60.19,"821,729"
CL=F,"Nov 08, 2018",61.64,62.42,60.40,60.67,60.67,"764,546"
CL=F,"Nov 07, 2018",61.74,63.18,61.20,61.67,61.67,"866,628"
CL=F,"Nov 06, 2018",62.70,63.32,61.31,62.21,62.21,"761,240"
CL=F,"Nov 05, 2018",62.99,64.14,62.52,63.10,63.10,"609,129"
CL=F,"Nov 01, 2018",63.50,63.95,62.63,63.14,63.14,"708,906"
CL=F,"Oct 31, 2018",64.88,65.39,63.11,63.69,63.69,"790,286"
symbol,date,open,high,low,close,adjusted Close,volume
CL=F,"Oct 30, 2018",66.32,67.00,64.81,65.31,65.31,"666,487"
CL=F,"Oct 29, 2018",66.68,67.26,65.33,66.18,66.18,"680,441"
CL=F,"Oct 28, 2018",67.55,67.95,66.29,67.04,67.04,"477,487"
CL=F,"Oct 25, 2018",66.95,67.88,66.20,67.59,67.59,"595,211"
CL=F,"Oct 24, 2018",66.36,67.65,65.99,67.33,67.33,"573,096"
CL=F,"Oct 23, 2018",66.17,67.72,66.05,66.82,66.82,"775,963"
CL=F,"Oct 22, 2018",69.55,69.66,65.74,66.43,66.43,"853,265"
CL=F,"Oct 21, 2018",69.41,69.65,68.27,69.17,69.17,"513,770"
CL=F,"Oct 18, 2018",68.68,69.77,68.56,69.12,69.12,"108,311"
CL=F,"Oct 17, 2018",70.03,70.03,68.47,68.65,68.65,"215,337"
CL=F,"Oct 16, 2018",72.17,72.43,69.43,69.75,69.75,"651,584"
CL=F,"Oct 15, 2018",71.72,72.29,71.02,71.92,71.92,"535,003"
CL=F,"Oct 14, 2018",71.85,72.70,70.85,71.78,71.78,"568,610"
CL=F,"Oct 11, 2018",70.99,72.01,70.64,71.34,71.34,"626,668"
CL=F,"Oct 10, 2018",72.68,72.76,70.51,70.97,70.97,"783,962"
CL=F,"Oct 09, 2018",74.66,75.08,72.38,73.17,73.17,"652,737"
CL=F,"Oct 08, 2018",74.21,75.28,74.00,74.96,74.96,"623,537"
CL=F,"Oct 07, 2018",74.40,74.58,73.07,74.29,74.29,"554,938"
CL=F,"Oct 04, 2018",74.67,75.22,73.84,74.34,74.34,"613,218"
CL=F,"Oct 03, 2018",76.18,76.47,73.88,74.33,74.33,"687,949"
CL=F,"Oct 02, 2018",75.12,76.90,74.30,76.41,76.41,"698,817"
CL=F,"Oct 01, 2018",75.42,75.91,74.93,75.23,75.23,"463,615"
CL=F,"Sep 30, 2018",73.29,75.77,72.95,75.30,75.30,"601,451"
CL=F,"Sep 27, 2018",72.18,73.73,71.88,73.25,73.25,"544,047"
CL=F,"Sep 26, 2018",72.01,72.60,71.71,72.12,72.12,"454,549"
CL=F,"Sep 25, 2018",72.09,72.38,71.47,71.57,71.57,"464,463"
CL=F,"Sep 24, 2018",72.25,72.78,71.89,72.28,72.28,"551,280"
CL=F,"Sep 23, 2018",71.14,72.74,71.14,72.08,72.08,"576,894"
CL=F,"Sep 20, 2018",70.20,71.80,69.98,70.78,70.78,"855,943"
CL=F,"Sep 19, 2018",71.39,71.81,70.73,70.80,70.80,"607,520"
CL=F,"Sep 18, 2018",69.71,71.50,69.65,71.12,71.12,"125,208"
CL=F,"Sep 17, 2018",68.80,70.42,68.53,69.85,69.85,"234,202"
CL=F,"Sep 16, 2018",68.93,69.72,68.53,68.91,68.91,"422,294"
CL=F,"Sep 13, 2018",68.79,69.91,67.94,68.99,68.99,"611,075"
CL=F,"Sep 12, 2018",70.24,70.28,68.35,68.59,68.59,"684,937"
CL=F,"Sep 11, 2018",69.89,71.26,69.50,70.37,70.37,"800,543"
CL=F,"Sep 10, 2018",67.53,70.01,67.48,69.25,69.25,"676,869"
CL=F,"Sep 09, 2018",67.82,68.52,67.33,67.54,67.54,"571,174"
CL=F,"Sep 06, 2018",67.88,68.08,66.86,67.75,67.75,"530,895"
CL=F,"Sep 05, 2018",68.64,69.02,67.00,67.77,67.77,"633,824"
CL=F,"Sep 04, 2018",69.43,69.59,68.56,68.72,68.72,"542,104"
CL=F,"Sep 03, 2018",70.12,71.40,69.08,69.87,69.87,"785,981"
CL=F,"Aug 30, 2018",70.06,70.36,69.64,69.80,69.80,"419,739"
CL=F,"Aug 29, 2018",69.71,70.50,69.55,70.25,70.25,"445,584"
CL=F,"Aug 28, 2018",68.54,69.76,68.37,69.51,69.51,"497,095"
CL=F,"Aug 27, 2018",68.93,69.20,68.21,68.53,68.53,"426,833"
CL=F,"Aug 26, 2018",68.57,68.97,68.34,68.87,68.87,"332,612"
CL=F,"Aug 23, 2018",67.90,69.31,67.78,68.72,68.72,"517,796"
CL=F,"Aug 22, 2018",68.07,68.12,67.32,67.83,67.83,"450,690"
CL=F,"Aug 21, 2018",66.08,68.15,65.98,67.86,67.86,"581,899"
CL=F,"Aug 20, 2018",66.62,68.10,66.52,67.35,67.35,"437,164"
CL=F,"Aug 19, 2018",65.91,66.68,65.59,66.43,66.43,"112,709"
CL=F,"Aug 16, 2018",65.47,66.39,65.30,65.91,65.91,"171,403"
CL=F,"Aug 15, 2018",64.95,65.52,64.43,65.46,65.46,"383,380"
CL=F,"Aug 14, 2018",66.62,66.90,64.51,65.01,65.01,"573,473"
CL=F,"Aug 13, 2018",67.42,68.37,66.58,67.04,67.04,"538,484"
CL=F,"Aug 12, 2018",67.78,67.95,65.71,67.20,67.20,"578,219"
CL=F,"Aug 09, 2018",66.74,67.87,66.14,67.63,67.63,"524,490"
CL=F,"Aug 08, 2018",66.79,67.41,66.49,66.81,66.81,"509,401"
CL=F,"Aug 07, 2018",69.09,69.37,66.32,66.94,66.94,"760,313"
CL=F,"Aug 06, 2018",68.90,69.83,68.81,69.17,69.17,"485,027"
CL=F,"Aug 05, 2018",68.65,69.92,68.50,69.01,69.01,"495,605"
CL=F,"Aug 02, 2018",68.99,69.24,67.87,68.49,68.49,"476,615"
CL=F,"Aug 01, 2018",67.86,69.36,66.92,68.96,68.96,"531,071"
CL=F,"Jul 31, 2018",68.43,68.52,67.31,67.66,67.66,"576,561"
CL=F,"Jul 30, 2018",70.05,70.22,67.98,68.76,68.76,"519,070"
CL=F,"Jul 29, 2018",69.01,70.43,68.80,70.13,70.13,"463,011"
CL=F,"Jul 26, 2018",69.58,69.77,68.26,68.69,68.69,"460,450"
CL=F,"Jul 25, 2018",69.38,69.92,68.92,69.61,69.61,"489,059"
CL=F,"Jul 24, 2018",68.77,69.70,68.20,69.30,69.30,"622,913"
CL=F,"Jul 23, 2018",67.80,69.05,67.56,68.52,68.52,"524,591"
CL=F,"Jul 22, 2018",68.17,69.31,67.60,67.89,67.89,"555,915"
CL=F,"Jul 19, 2018",69.39,71.10,69.37,70.46,70.46,"500,967"
CL=F,"Jul 18, 2018",69.00,70.17,67.80,69.46,69.46,"103,220"
CL=F,"Jul 17, 2018",67.61,69.06,67.04,68.76,68.76,"187,313"
CL=F,"Jul 16, 2018",68.03,68.44,67.03,68.08,68.08,"440,727"
CL=F,"Jul 15, 2018",70.52,70.87,67.58,68.06,68.06,"530,480"
CL=F,"Jul 12, 2018",70.38,71.66,69.84,71.01,71.01,"530,277"
CL=F,"Jul 11, 2018",70.60,71.24,69.23,70.33,70.33,"707,887"
CL=F,"Jul 10, 2018",74.20,74.26,70.02,70.38,70.38,"861,726"
CL=F,"Jul 09, 2018",74.04,74.70,73.65,74.11,74.11,"586,829"
CL=F,"Jul 08, 2018",73.87,74.28,72.99,73.85,73.85,"533,003"
CL=F,"Jul 05, 2018",73.16,74.01,72.14,73.80,73.80,"611,419"
CL=F,"Jul 04, 2018",74.35,74.80,72.53,72.94,72.94,"841,632"
CL=F,"Jul 03, 2018",74.08,75.27,72.73,74.14,74.14,"667,235"
CL=F,"Jul 01, 2018",73.62,74.35,72.51,73.94,73.94,"652,167"
CL=F,"Jun 28, 2018",73.33,74.46,72.93,74.15,74.15,"602,399"
CL=F,"Jun 27, 2018",72.27,74.03,72.20,73.45,73.45,"717,347"
CL=F,"Jun 26, 2018",70.68,73.06,70.56,72.76,72.76,"775,155"
CL=F,"Jun 25, 2018",68.21,70.91,67.72,70.53,70.53,"848,537"
CL=F,"Jun 24, 2018",68.75,69.44,67.78,68.08,68.08,"816,207"
CL=F,"Jun 21, 2018",65.93,69.38,65.71,68.58,68.58,"1,136,232"
CL=F,"Jun 20, 2018",65.34,66.22,64.34,65.54,65.54,"760,719"
CL=F,"Jun 19, 2018",65.11,66.53,65.01,66.22,66.22,"801,625"
CL=F,"Jun 18, 2018",65.82,65.90,64.39,65.07,65.07,"122,646"
CL=F,"Jun 17, 2018",64.40,65.98,63.59,65.85,65.85,"218,933"
CL=F,"Jun 14, 2018",66.62,67.16,64.29,65.06,65.06,"512,591"
CL=F,"Jun 13, 2018",66.62,67.16,66.36,66.89,66.89,"460,168"
CL=F,"Jun 12, 2018",66.01,66.89,65.52,66.64,66.64,"626,398"
symbol,date,open,high,low,close,adjusted Close,volume
CL=F,"Jun 11, 2018",66.05,66.70,65.87,66.36,66.36,"524,411"
CL=F,"Jun 10, 2018",65.56,66.35,64.85,66.10,66.10,"558,281"
CL=F,"Jun 07, 2018",65.98,66.24,65.15,65.74,65.74,"571,224"
CL=F,"Jun 06, 2018",65.07,66.07,64.81,65.95,65.95,"675,041"
CL=F,"Jun 05, 2018",65.51,65.96,64.27,64.73,64.73,"708,829"
CL=F,"Jun 04, 2018",64.94,65.57,64.22,65.52,65.52,"714,674"
CL=F,"Jun 03, 2018",65.71,66.04,64.57,64.75,64.75,"696,050"
CL=F,"May 31, 2018",67.07,67.34,65.51,65.81,65.81,"781,103"
CL=F,"May 30, 2018",68.24,68.30,66.56,67.04,67.04,"917,563"
CL=F,"May 29, 2018",66.85,68.67,66.35,68.21,68.21,"726,886"
CL=F,"May 28, 2018",66.49,67.35,65.92,66.73,66.73,"1,059,750"
CL=F,"May 24, 2018",70.65,70.80,67.42,67.88,67.88,"955,354"
CL=F,"May 23, 2018",71.83,72.00,70.52,70.71,70.71,"640,725"
CL=F,"May 22, 2018",72.11,72.26,71.19,71.84,71.84,"702,791"
CL=F,"May 21, 2018",72.53,72.83,71.90,72.13,72.13,"723,458"
CL=F,"May 20, 2018",71.47,72.59,71.25,72.24,72.24,"119,892"
CL=F,"May 17, 2018",71.60,71.75,70.99,71.28,71.28,"211,785"
CL=F,"May 16, 2018",71.56,72.30,71.09,71.49,71.49,"562,639"
CL=F,"May 15, 2018",71.02,71.59,70.66,71.49,71.49,"574,279"
CL=F,"May 14, 2018",71.15,71.92,70.42,71.31,71.31,"815,289"
CL=F,"May 13, 2018",70.54,71.26,70.26,70.96,70.96,"592,826"
CL=F,"May 10, 2018",71.45,71.63,70.45,70.70,70.70,"634,145"
CL=F,"May 09, 2018",71.23,71.89,70.56,71.36,71.36,"749,808"
CL=F,"May 08, 2018",70.05,71.36,69.85,71.14,71.14,"863,386"
CL=F,"May 07, 2018",70.03,70.40,67.63,69.06,69.06,"1,253,566"
CL=F,"May 06, 2018",69.85,70.84,69.51,70.73,70.73,"758,916"
CL=F,"May 03, 2018",68.50,69.97,68.12,69.72,69.72,"690,876"
CL=F,"May 02, 2018",67.68,68.60,67.21,68.43,68.43,"691,219"
CL=F,"May 01, 2018",67.49,68.14,66.92,67.93,67.93,"789,367"
CL=F,"Apr 30, 2018",68.56,68.90,66.85,67.25,67.25,"694,771"
CL=F,"Apr 29, 2018",68.15,69.34,67.17,68.57,68.57,"755,186"
CL=F,"Apr 26, 2018",68.21,68.36,67.64,68.10,68.10,"542,549"
CL=F,"Apr 25, 2018",68.03,68.78,67.71,68.19,68.19,"660,549"
CL=F,"Apr 24, 2018",67.75,68.18,67.11,68.05,68.05,"764,049"
CL=F,"Apr 23, 2018",68.95,69.38,67.54,67.70,67.70,"832,296"
CL=F,"Apr 22, 2018",68.22,69.03,67.14,68.64,68.64,"740,941"
CL=F,"Apr 19, 2018",68.26,68.62,67.50,68.38,68.38,"724,906"
CL=F,"Apr 18, 2018",68.75,69.56,67.98,68.29,68.29,"125,993"
CL=F,"Apr 17, 2018",66.68,68.91,66.56,68.47,68.47,"221,664"
CL=F,"Apr 16, 2018",66.42,66.75,65.56,66.52,66.52,"486,076"
CL=F,"Apr 15, 2018",67.24,67.74,66.13,66.22,66.22,"560,076"
CL=F,"Apr 12, 2018",67.18,67.76,66.70,67.39,67.39,"624,203"
CL=F,"Apr 11, 2018",66.75,67.33,66.00,67.07,67.07,"687,468"
CL=F,"Apr 10, 2018",65.59,67.45,65.15,66.82,66.82,"963,017"
CL=F,"Apr 09, 2018",63.30,65.86,63.20,65.51,65.51,"840,280"
CL=F,"Apr 08, 2018",62.00,63.61,61.93,63.42,63.42,"655,831"
CL=F,"Apr 05, 2018",63.70,63.79,61.81,62.06,62.06,"753,262"
CL=F,"Apr 04, 2018",63.60,64.12,63.07,63.54,63.54,"588,597"
CL=F,"Apr 03, 2018",63.59,63.64,62.06,63.37,63.37,"760,596"
CL=F,"Apr 02, 2018",62.89,63.86,62.86,63.51,63.51,"527,289"
CL=F,"Apr 01, 2018",64.91,65.42,62.80,63.01,63.01,"582,742"
CL=F,"Mar 28, 2018",64.69,65.26,64.16,64.94,64.94,"562,819"
CL=F,"Mar 27, 2018",64.70,65.13,63.72,64.38,64.38,"697,678"
CL=F,"Mar 26, 2018",65.53,66.41,64.53,65.25,65.25,"670,811"
CL=F,"Mar 25, 2018",65.90,66.55,65.08,65.55,65.55,"585,899"
CL=F,"Mar 22, 2018",64.28,66.00,64.11,65.88,65.88,"752,994"
CL=F,"Mar 21, 2018",65.50,65.74,64.14,64.30,64.30,"689,172"
CL=F,"Mar 20, 2018",63.72,65.55,63.58,65.17,65.17,"763,768"
CL=F,"Mar 19, 2018",62.10,63.81,62.08,63.40,63.40,"717,709"
CL=F,"Mar 18, 2018",62.23,62.35,61.36,62.06,62.06,"115,962"
CL=F,"Mar 15, 2018",61.19,62.54,61.08,62.34,62.34,"202,493"
CL=F,"Mar 14, 2018",60.95,61.54,60.82,61.19,61.19,"430,201"
CL=F,"Mar 13, 2018",60.87,61.33,60.11,60.96,60.96,"665,017"
CL=F,"Mar 12, 2018",61.37,61.97,60.27,60.71,60.71,"747,738"
CL=F,"Mar 11, 2018",62.10,62.33,60.67,61.36,61.36,"537,990"
CL=F,"Mar 09, 2018",60.27,62.18,60.14,62.04,62.04,"659,722"
CL=F,"Mar 08, 2018",61.33,61.40,59.95,60.12,60.12,"720,510"
CL=F,"Mar 07, 2018",62.30,62.58,60.58,61.15,61.15,"879,119"
CL=F,"Mar 06, 2018",62.58,63.28,62.17,62.60,62.60,"634,953"
CL=F,"Mar 05, 2018",61.55,62.79,61.10,62.57,62.57,"599,266"
CL=F,"Mar 02, 2018",61.34,61.60,60.13,61.25,61.25,"613,514"
CL=F,"Mar 01, 2018",61.55,61.83,60.18,60.99,60.99,"812,505"
CL=F,"Feb 28, 2018",62.79,63.44,61.36,61.64,61.64,"768,409"
CL=F,"Feb 27, 2018",64.06,64.08,62.64,63.01,63.01,"562,670"
CL=F,"Feb 26, 2018",63.60,64.24,63.06,63.91,63.91,"469,853"
CL=F,"Feb 23, 2018",62.60,63.73,62.33,63.55,63.55,"460,597"
CL=F,"Feb 22, 2018",61.34,63.09,60.75,62.77,62.77,"592,603"
CL=F,"Feb 21, 2018",61.63,61.86,60.92,61.68,61.68,"466,924"
CL=F,"Feb 20, 2018",61.63,62.74,61.58,61.90,61.90,"794,481"
CL=F,"Feb 16, 2018",61.45,61.99,60.88,61.68,61.68,"181,179"
CL=F,"Feb 15, 2018",60.71,61.64,59.72,61.34,61.34,"340,401"
CL=F,"Feb 14, 2018",58.98,60.90,58.20,60.60,60.60,"650,324"
CL=F,"Feb 13, 2018",59.35,59.73,58.39,59.19,59.19,"580,600"
CL=F,"Feb 12, 2018",59.12,60.83,59.10,59.29,59.29,"736,917"
CL=F,"Feb 09, 2018",60.43,60.77,58.07,59.20,59.20,"933,307"
CL=F,"Feb 08, 2018",61.70,62.09,60.27,61.15,61.15,"929,578"
CL=F,"Feb 07, 2018",63.92,64.18,61.25,61.79,61.79,"1,029,408"
CL=F,"Feb 06, 2018",63.43,64.29,63.12,63.39,63.39,"797,814"
CL=F,"Feb 05, 2018",65.10,65.40,63.42,64.15,64.15,"891,063"
CL=F,"Feb 02, 2018",65.99,66.30,64.47,65.45,65.45,"857,572"
CL=F,"Feb 01, 2018",64.76,66.25,64.63,65.80,65.80,"685,750"
CL=F,"Jan 31, 2018",64.03,64.94,63.67,64.73,64.73,"613,258"
CL=F,"Jan 30, 2018",65.53,65.56,63.89,64.50,64.50,"688,380"
CL=F,"Jan 29, 2018",66.18,66.46,64.98,65.56,65.56,"656,168"
CL=F,"Jan 26, 2018",65.25,66.35,64.91,66.14,66.14,"678,186"
CL=F,"Jan 25, 2018",65.88,66.66,65.08,65.51,65.51,"771,758"
CL=F,"Jan 24, 2018",64.42,66.05,64.34,65.61,65.61,"887,018"
CL=F,"Jan 23, 2018",63.88,64.88,63.70,64.47,64.47,"662,456"
symbol,date,open,high,low,close,adjusted Close,volume
CL=F,"Jan 22, 2018",63.61,64.14,63.17,63.49,63.49,"625,662"
CL=F,"Jan 19, 2018",63.74,63.77,62.85,63.37,63.37,"142,711"
CL=F,"Jan 18, 2018",64.07,64.35,63.47,63.95,63.95,"204,504"
CL=F,"Jan 17, 2018",63.89,64.17,63.31,63.97,63.97,"444,384"
CL=F,"Jan 16, 2018",64.43,64.89,63.39,63.73,63.73,"867,771"
CL=F,"Jan 12, 2018",63.57,64.50,63.06,64.30,64.30,"678,727"
CL=F,"Jan 11, 2018",63.50,64.77,63.43,63.80,63.80,"876,642"
CL=F,"Jan 10, 2018",63.41,63.67,63.09,63.57,63.57,"697,844"
CL=F,"Jan 09, 2018",61.92,63.48,61.80,62.96,62.96,"844,720"
CL=F,"Jan 08, 2018",61.61,61.97,61.34,61.73,61.73,"616,474"
CL=F,"Jan 05, 2018",61.90,62.04,61.09,61.44,61.44,"563,036"
CL=F,"Jan 04, 2018",61.96,62.21,61.59,62.01,62.01,"654,363"
CL=F,"Jan 03, 2018",60.39,61.97,60.28,61.63,61.63,"673,859"
CL=F,"Jan 02, 2018",60.20,60.74,60.10,60.37,60.37,"510,313"
CL=F,"Dec 29, 2017",59.91,60.51,59.82,60.42,60.42,"464,478"
CL=F,"Dec 28, 2017",59.53,59.94,59.44,59.84,59.84,"345,962"
CL=F,"Dec 27, 2017",59.79,59.93,59.33,59.64,59.64,"402,396"
CL=F,"Dec 26, 2017",58.40,60.01,58.32,59.97,59.97,"437,785"
CL=F,"Dec 22, 2017",58.21,58.50,57.87,58.47,58.47,"324,554"
CL=F,"Dec 21, 2017",58.02,58.38,57.63,58.36,58.36,"405,320"
CL=F,"Dec 20, 2017",57.66,58.12,57.44,58.09,58.09,"420,844"
CL=F,"Dec 19, 2017",57.30,57.64,57.16,57.46,57.46,"420,784"
CL=F,"Dec 18, 2017",57.37,57.78,56.82,57.16,57.16,"137,151"
CL=F,"Dec 15, 2017",57.15,57.49,56.94,57.30,57.30,"210,054"
CL=F,"Dec 14, 2017",56.70,57.22,56.09,57.04,57.04,"580,571"
CL=F,"Dec 13, 2017",57.45,57.83,56.55,56.60,56.60,"658,143"
CL=F,"Dec 12, 2017",58.02,58.56,56.85,57.14,57.14,"826,488"
CL=F,"Dec 11, 2017",57.25,58.08,56.91,57.99,57.99,"606,724"
CL=F,"Dec 08, 2017",56.65,57.79,56.54,57.36,57.36,"681,599"
CL=F,"Dec 07, 2017",56.00,56.78,55.82,56.69,56.69,"557,325"
CL=F,"Dec 06, 2017",57.45,57.57,55.87,55.96,55.96,"678,992"
CL=F,"Dec 05, 2017",57.48,57.92,57.08,57.62,57.62,"499,245"
CL=F,"Dec 04, 2017",58.32,58.34,57.35,57.47,57.47,"529,965"
CL=F,"Dec 01, 2017",57.42,58.88,57.29,58.36,58.36,"685,215"
CL=F,"Nov 30, 2017",57.41,57.98,56.82,57.40,57.40,"735,128"
CL=F,"Nov 29, 2017",57.73,58.30,56.75,57.30,57.30,"741,564"
CL=F,"Nov 28, 2017",57.86,58.11,57.42,57.99,57.99,"546,526"
CL=F,"Nov 27, 2017",58.95,58.99,57.55,58.11,58.11,"690,078"
CL=F,"Nov 24, 2017",58.05,59.05,57.75,58.95,58.95,"577,826"
CL=F,"Nov 22, 2017",57.12,58.15,57.03,58.02,58.02,"837,411"
CL=F,"Nov 21, 2017",56.38,57.22,56.32,56.83,56.83,"619,066"
CL=F,"Nov 20, 2017",56.69,56.76,55.57,56.09,56.09,"593,241"
CL=F,"Nov 17, 2017",55.25,56.68,55.18,56.55,56.55,"184,944"
CL=F,"Nov 16, 2017",55.30,55.62,54.93,55.14,55.14,"213,923"
CL=F,"Nov 15, 2017",55.06,55.56,54.88,55.33,55.33,"501,385"
CL=F,"Nov 14, 2017",56.72,56.77,54.81,55.70,55.70,"707,338"
CL=F,"Nov 13, 2017",56.90,57.15,56.30,56.76,56.76,"631,619"
CL=F,"Nov 10, 2017",57.02,57.35,56.55,56.74,56.74,"541,296"
CL=F,"Nov 09, 2017",56.85,57.53,56.69,57.17,57.17,"666,949"
CL=F,"Nov 08, 2017",56.96,57.92,56.41,56.81,56.81,"919,147"
CL=F,"Nov 07, 2017",57.27,57.69,56.83,57.20,57.20,"750,187"
CL=F,"Nov 06, 2017",55.97,57.61,55.66,57.35,57.35,"861,713"
CL=F,"Nov 02, 2017",54.73,55.76,54.40,55.64,55.64,"614,159"
CL=F,"Nov 01, 2017",54.28,54.84,53.99,54.54,54.54,"482,846"
CL=F,"Oct 31, 2017",54.65,55.22,53.89,54.30,54.30,"671,038"
CL=F,"Oct 30, 2017",54.08,54.85,53.93,54.38,54.38,"497,295"
CL=F,"Oct 29, 2017",54.16,54.46,53.75,54.15,54.15,"565,043"
CL=F,"Oct 26, 2017",52.80,54.20,52.25,53.90,53.90,"730,915"
CL=F,"Oct 25, 2017",52.19,52.86,51.91,52.64,52.64,"594,647"
CL=F,"Oct 24, 2017",52.56,52.57,51.89,52.18,52.18,"681,739"
CL=F,"Oct 23, 2017",51.89,52.62,51.55,52.47,52.47,"709,553"
CL=F,"Oct 22, 2017",52.07,52.30,51.68,51.90,51.90,"583,563"
CL=F,"Oct 19, 2017",51.42,51.73,50.70,51.47,51.47,"674,142"
CL=F,"Oct 18, 2017",52.05,52.17,51.07,51.29,51.29,"127,413"
CL=F,"Oct 17, 2017",51.94,52.33,51.69,52.04,52.04,"152,620"
CL=F,"Oct 16, 2017",51.93,52.25,51.21,51.88,51.88,"471,612"
CL=F,"Oct 15, 2017",51.43,52.37,51.35,51.87,51.87,"520,725"
CL=F,"Oct 12, 2017",50.73,51.72,50.70,51.45,51.45,"667,497"
CL=F,"Oct 11, 2017",51.00,51.13,50.15,50.60,50.60,"729,273"
CL=F,"Oct 10, 2017",50.94,51.42,50.61,51.30,51.30,"651,948"
CL=F,"Oct 09, 2017",49.55,51.06,49.54,50.92,50.92,"664,839"
CL=F,"Oct 08, 2017",49.25,49.79,49.13,49.58,49.58,"505,079"
CL=F,"Oct 05, 2017",50.75,50.82,49.10,49.29,49.29,"743,114"
CL=F,"Oct 04, 2017",49.88,51.22,49.85,50.79,50.79,"654,385"
CL=F,"Oct 03, 2017",50.16,50.67,49.76,49.98,49.98,"598,836"
CL=F,"Oct 02, 2017",50.59,50.73,50.14,50.42,50.42,"462,735"
CL=F,"Oct 01, 2017",51.64,51.71,50.07,50.58,50.58,"600,933"
CL=F,"Sep 28, 2017",51.58,51.77,51.25,51.67,51.67,"551,982"
CL=F,"Sep 27, 2017",52.05,52.86,51.22,51.56,51.56,"801,816"
CL=F,"Sep 26, 2017",52.09,52.34,51.63,52.14,52.14,"637,035"
CL=F,"Sep 25, 2017",52.12,52.43,51.43,51.88,51.88,"709,515"
CL=F,"Sep 24, 2017",50.68,52.28,50.39,52.22,52.22,"701,244"
CL=F,"Sep 21, 2017",50.73,50.78,50.29,50.66,50.66,"473,795"
CL=F,"Sep 20, 2017",50.72,50.81,50.07,50.55,50.55,"580,569"
CL=F,"Sep 19, 2017",49.84,50.65,49.75,50.41,50.41,"754,413"
CL=F,"Sep 18, 2017",49.91,50.42,49.33,49.48,49.48,"143,379"
CL=F,"Sep 17, 2017",49.85,50.33,49.19,49.91,49.91,"189,605"
CL=F,"Sep 14, 2017",49.72,50.13,49.41,49.89,49.89,"433,597"
CL=F,"Sep 13, 2017",49.31,50.50,49.15,49.89,49.89,"709,035"
CL=F,"Sep 12, 2017",48.34,49.40,48.12,49.30,49.30,"706,925"
CL=F,"Sep 11, 2017",48.12,48.44,47.73,48.23,48.23,"676,040"
CL=F,"Sep 10, 2017",47.58,48.27,47.00,48.07,48.07,"774,468"
CL=F,"Sep 07, 2017",49.09,49.26,47.27,47.48,47.48,"843,760"
CL=F,"Sep 06, 2017",49.14,49.33,48.63,49.09,49.09,"702,514"
CL=F,"Sep 05, 2017",48.59,49.42,48.52,49.16,49.16,"788,963"
CL=F,"Sep 04, 2017",47.28,48.98,47.15,48.66,48.66,"742,808"
