date,name,market_cap,volume,open,close
2021-11-01,Bitcoin,1159841954948.0,32494948461.0,61472.0,61472.0
2021-10-31,Bitcoin,1166423768410.0,31810216330.0,61837.0,61472.0
2021-10-30,Bitcoin,1178047465292.0,38648967245.0,62283.0,61837.0
2021-10-29,Bitcoin,1145912030969.0,52318597557.0,60768.0,62283.0
2021-10-28,Bitcoin,1105754837661.0,43976252157.0,58641.0,60768.0
2021-10-27,Bitcoin,1143497865065.0,33233702858.0,60604.0,58641.0
2021-10-26,Bitcoin,1192131994833.0,30852852368.0,63228.0,60604.0
2021-10-25,Bitcoin,1153315262663.0,29982535557.0,61173.0,63228.0
2021-10-24,Bitcoin,1161166467847.0,28505039148.0,61572.0,61173.0
2021-10-23,Bitcoin,1151508584005.0,40766460605.0,61029.0,61572.0
2021-10-22,Bitcoin,1178926819141.0,48709960686.0,62541.0,61029.0
2021-10-21,Bitcoin,1250376460616.0,40790757382.0,66238.0,62541.0
2021-10-20,Bitcoin,1217582580303.0,42550624869.0,64518.0,66238.0
2021-10-19,Bitcoin,1173944883530.0,39610183787.0,62018.0,64518.0
2021-10-18,Bitcoin,1160650121142.0,29625957542.0,61584.0,62018.0
2021-10-17,Bitcoin,1153847028825.0,35385452269.0,61166.0,61584.0
2021-10-16,Bitcoin,1164782155730.0,53653355008.0,61809.0,61166.0
2021-10-15,Bitcoin,1082900149763.0,35994603913.0,57452.0,61809.0
2021-10-14,Bitcoin,1083366079899.0,41216945749.0,57488.0,57452.0
2021-10-13,Bitcoin,1061829863954.0,40021384611.0,56335.0,57488.0
2021-10-12,Bitcoin,1084736227838.0,41913482915.0,57573.0,56335.0
2021-10-11,Bitcoin,1030788036762.0,38579271671.0,54712.0,57573.0
2021-10-10,Bitcoin,1038524699061.0,31927344846.0,55125.0,54712.0
2021-10-09,Bitcoin,1016650501581.0,33935485257.0,54011.0,55125.0
2021-10-08,Bitcoin,1015246512239.0,36549815857.0,53895.0,54011.0
2021-10-07,Bitcoin,1044675252844.0,48462388016.0,55415.0,53895.0
2021-10-06,Bitcoin,973040988103.0,35480330025.0,51669.0,55415.0
2021-10-05,Bitcoin,927812140868.0,32691763060.0,49260.0,51669.0
2021-10-04,Bitcoin,910331395887.0,26034594562.0,48283.0,49260.0
2021-10-03,Bitcoin,900582483713.0,29742127388.0,47778.0,48283.0
2021-10-02,Bitcoin,906929641889.0,42089383190.0,48182.0,47778.0
2021-10-01,Bitcoin,827840965060.0,30859918335.0,43859.0,48182.0
2021-09-30,Bitcoin,782626384092.0,30068690312.0,41588.0,43859.0
2021-09-29,Bitcoin,775534111089.0,29691944223.0,41010.0,41588.0
2021-09-28,Bitcoin,794889951096.0,30483144439.0,42247.0,41010.0
2021-09-27,Bitcoin,825341135636.0,30462815705.0,43337.0,42247.0
2021-09-26,Bitcoin,808279417023.0,30898116660.0,42857.0,43337.0
2021-09-25,Bitcoin,809772498813.0,42973070343.0,42752.0,42857.0
2021-09-24,Bitcoin,846615719474.0,33594750550.0,44981.0,42752.0
2021-09-23,Bitcoin,820460824051.0,36624234960.0,43587.0,44981.0
2021-09-22,Bitcoin,760802031651.0,45940419565.0,40387.0,43587.0
2021-09-21,Bitcoin,805826302811.0,41220025454.0,42933.0,40387.0
2021-09-20,Bitcoin,891560241243.0,26163167369.0,47371.0,42933.0
2021-09-19,Bitcoin,907957032341.0,27630476158.0,48267.0,47371.0
2021-09-18,Bitcoin,892585184978.0,27731209179.0,47229.0,48267.0
2021-09-17,Bitcoin,900990520812.0,31578783375.0,47879.0,47229.0
2021-09-16,Bitcoin,906727769791.0,30037816650.0,48187.0,47879.0
2021-09-15,Bitcoin,886524004597.0,38645575966.0,47135.0,48187.0
2021-09-14,Bitcoin,848992511474.0,40683028028.0,45140.0,47135.0
2021-09-13,Bitcoin,869122611514.0,27585855039.0,46195.0,45140.0
2021-09-12,Bitcoin,849828231596.0,34160277726.0,45196.0,46195.0
2021-09-11,Bitcoin,842222636395.0,38051987740.0,44803.0,45196.0
2021-09-10,Bitcoin,876179332244.0,38581092904.0,46519.0,44803.0
2021-09-09,Bitcoin,866885887154.0,48151104381.0,46085.0,46519.0
2021-09-08,Bitcoin,881943904969.0,64010507329.0,46995.0,46085.0
2021-09-07,Bitcoin,992868819862.0,37532574717.0,52740.0,46995.0
2021-09-06,Bitcoin,971284117138.0,31765191430.0,51696.0,52740.0
2021-09-05,Bitcoin,940538655660.0,36985805207.0,50013.0,51696.0
2021-09-04,Bitcoin,937295558515.0,42934455726.0,49935.0,50013.0
2021-09-03,Bitcoin,927323146557.0,39362789535.0,49339.0,49935.0
2021-09-02,Bitcoin,918058330851.0,39060601275.0,48823.0,49339.0
2021-09-01,Bitcoin,890014982635.0,34868965959.0,47335.0,48823.0
2021-08-31,Bitcoin,885729258053.0,32326073272.0,47124.0,47335.0
2021-08-30,Bitcoin,919515378469.0,26244843558.0,48907.0,47124.0
2021-08-29,Bitcoin,920017911099.0,28491785397.0,48937.0,48907.0
2021-08-28,Bitcoin,922969799299.0,34607868773.0,49083.0,48937.0
2021-08-27,Bitcoin,887832142450.0,33774857003.0,47229.0,49083.0
2021-08-26,Bitcoin,921328247354.0,33517327124.0,49003.0,47229.0
2021-08-25,Bitcoin,902489541308.0,38387146175.0,47941.0,49003.0
2021-08-24,Bitcoin,930729196214.0,35800255386.0,49519.0,47941.0
2021-08-23,Bitcoin,925630106451.0,27110183703.0,49251.0,49519.0
2021-08-22,Bitcoin,920750216465.0,42147725293.0,48934.0,49251.0
2021-08-21,Bitcoin,923013359587.0,36497089237.0,49196.0,48934.0
2021-08-20,Bitcoin,867650725473.0,38434805723.0,46745.0,49196.0
2021-08-19,Bitcoin,847143004615.0,34668999388.0,45015.0,46745.0
2021-08-18,Bitcoin,836777066606.0,34488116651.0,44534.0,45015.0
2021-08-17,Bitcoin,866391335029.0,34221605780.0,46032.0,44534.0
2021-08-16,Bitcoin,882888202378.0,32863850458.0,47025.0,46032.0
2021-08-15,Bitcoin,886593539913.0,33294851811.0,47089.0,47025.0
2021-08-14,Bitcoin,895084141169.0,34320865037.0,47717.0,47089.0
2021-08-13,Bitcoin,836054770492.0,35838614930.0,44495.0,47717.0
2021-08-12,Bitcoin,857660568377.0,35679832771.0,45652.0,44495.0
2021-08-11,Bitcoin,854344953099.0,35669862362.0,45640.0,45652.0
2021-08-10,Bitcoin,861862844506.0,42726733998.0,46311.0,45640.0
2021-08-09,Bitcoin,821704814136.0,39633218479.0,43753.0,46311.0
2021-08-08,Bitcoin,838457486988.0,42725276705.0,44648.0,43753.0
2021-08-07,Bitcoin,803853127161.0,40840608017.0,42802.0,44648.0
2021-08-06,Bitcoin,768416417394.0,38527930905.0,40825.0,42802.0
2021-08-05,Bitcoin,747085951935.0,27751046040.0,39752.0,40825.0
2021-08-04,Bitcoin,720835141114.0,28422901237.0,38368.0,39752.0
2021-08-03,Bitcoin,737440183776.0,28057528866.0,39279.0,38368.0
2021-08-02,Bitcoin,747403845432.0,28555173662.0,39915.0,39279.0
2021-08-01,Bitcoin,786531956384.0,35530501783.0,41936.0,41754.0
2021-07-31,Bitcoin,786531956384.0,35530501783.0,41936.0,41754.0
2021-07-30,Bitcoin,750407963580.0,28717414113.0,39978.0,41936.0
2021-07-29,Bitcoin,751371299911.0,41369107423.0,40031.0,39978.0
2021-07-28,Bitcoin,732311951673.0,36401287454.0,39077.0,40031.0
2021-07-27,Bitcoin,701921012035.0,53550491998.0,37282.0,39077.0
2021-07-26,Bitcoin,664681184169.0,20929083221.0,35456.0,37282.0
2021-07-25,Bitcoin,642012590041.0,22120323672.0,34214.0,35456.0
2021-07-24,Bitcoin,627747173675.0,22937379735.0,33456.0,34214.0
2021-07-23,Bitcoin,607621607805.0,19741588059.0,32409.0,33456.0
2021-07-22,Bitcoin,605357009417.0,29070652060.0,32384.0,32409.0
2021-07-21,Bitcoin,561743228117.0,23000299062.0,29972.0,32384.0
2021-07-20,Bitcoin,580252472383.0,20095540828.0,30928.0,29972.0
2021-07-19,Bitcoin,597872278369.0,17742105808.0,31919.0,30928.0
2021-07-18,Bitcoin,592581931071.0,17715455995.0,31589.0,31919.0
2021-07-17,Bitcoin,588495008676.0,22671859963.0,31400.0,31589.0
2021-07-16,Bitcoin,595342431374.0,21557729227.0,31726.0,31400.0
2021-07-15,Bitcoin,616691143980.0,21779069066.0,32879.0,31726.0
2021-07-14,Bitcoin,613002045101.0,19932531700.0,32676.0,32879.0
2021-07-13,Bitcoin,623350567667.0,21683885321.0,33263.0,32676.0
2021-07-12,Bitcoin,643335853171.0,17798828844.0,34300.0,33263.0
2021-07-11,Bitcoin,632185737683.0,20558304484.0,33705.0,34300.0
2021-07-10,Bitcoin,637000370375.0,24282108111.0,33971.0,33705.0
2021-07-09,Bitcoin,617861633772.0,29065577052.0,32934.0,33971.0
2021-07-08,Bitcoin,636246944189.0,23692220470.0,33932.0,32934.0
2021-07-07,Bitcoin,640405812762.0,26106856612.0,34150.0,33932.0
2021-07-06,Bitcoin,636061920915.0,25894820185.0,33928.0,34150.0
2021-07-05,Bitcoin,663571591568.0,22727930418.0,35394.0,33928.0
2021-07-04,Bitcoin,650382046625.0,22986053605.0,34730.0,35394.0
2021-07-03,Bitcoin,633684390026.0,25084046353.0,33951.0,34730.0
2021-07-02,Bitcoin,629863895572.0,29129630236.0,33678.0,33951.0
2021-07-01,Bitcoin,660200427590.0,31024153847.0,35171.0,33678.0
2021-06-30,Bitcoin,674231340724.0,35121257876.0,35969.0,35171.0
2021-06-29,Bitcoin,647741224117.0,32453802891.0,34557.0,35969.0
2021-06-28,Bitcoin,649262127990.0,34335452117.0,34607.0,34557.0
2021-06-27,Bitcoin,600235334321.0,36873109420.0,32024.0,34607.0
2021-06-26,Bitcoin,598703019611.0,38635245431.0,34675.0,32024.0
2021-06-25,Bitcoin,650340461976.0,31862051544.0,34675.0,31943.0
2021-06-24,Bitcoin,631634847766.0,39798236962.0,33703.0,34675.0
2021-06-23,Bitcoin,606580031923.0,57443014758.0,32508.0,33703.0
2021-06-22,Bitcoin,598335733136.0,51873870277.0,31712.0,32508.0
2021-06-21,Bitcoin,670634370557.0,35609127164.0,35787.0,31712.0
2021-06-20,Bitcoin,666901325910.0,28858979692.0,35582.0,35787.0
2021-06-19,Bitcoin,673761687974.0,35162612173.0,35881.0,35582.0
2021-06-18,Bitcoin,715652442155.0,36330237284.0,38194.0,35881.0
2021-06-17,Bitcoin,718016373177.0,36563438890.0,38321.0,38194.0
2021-06-16,Bitcoin,756522207420.0,36706248352.0,40378.0,38321.0
2021-06-15,Bitcoin,761104314502.0,45836408439.0,40625.0,40378.0
2021-06-14,Bitcoin,733402631079.0,38185633278.0,39148.0,40625.0
2021-06-13,Bitcoin,668148892256.0,35710196743.0,35666.0,39148.0
2021-06-12,Bitcoin,698528023664.0,36358044263.0,37289.0,35666.0
2021-06-11,Bitcoin,691681868464.0,42952476855.0,36903.0,37289.0
2021-06-10,Bitcoin,705292677171.0,54511387836.0,37554.0,36903.0
2021-06-09,Bitcoin,629018966290.0,46727462986.0,33557.0,37554.0
2021-06-08,Bitcoin,626527049948.0,33345528753.0,33451.0,33557.0
2021-06-07,Bitcoin,671131079524.0,27689283071.0,35834.0,33451.0
2021-06-06,Bitcoin,662913486273.0,34068172836.0,35547.0,35834.0
2021-06-05,Bitcoin,691747462828.0,39345490149.0,36939.0,35547.0
2021-06-04,Bitcoin,733150718114.0,33396718845.0,39151.0,36939.0
2021-06-03,Bitcoin,704531333543.0,31240691604.0,37686.0,39151.0
2021-06-02,Bitcoin,688726381047.0,33536905028.0,36680.0,37686.0
2021-06-01,Bitcoin,699138611681.0,37950798680.0,37341.0,36680.0
2021-05-31,Bitcoin,668664301774.0,30650274658.0,35715.0,37341.0
2021-05-30,Bitcoin,654239808357.0,43184025045.0,34775.0,35715.0
2021-05-29,Bitcoin,668521654365.0,49991590068.0,35710.0,34775.0
2021-05-28,Bitcoin,723137484747.0,40836817156.0,38643.0,35710.0
2021-05-27,Bitcoin,737668726732.0,47026386118.0,39407.0,38643.0
2021-05-26,Bitcoin,715248689990.0,48724794158.0,38211.0,39407.0
2021-05-25,Bitcoin,723143072420.0,71163197727.0,38642.0,38211.0
2021-05-24,Bitcoin,654558962028.0,84358034876.0,34978.0,38642.0
2021-05-23,Bitcoin,702143968884.0,61178935274.0,37520.0,34978.0
2021-05-22,Bitcoin,698762712554.0,88706010988.0,37340.0,37520.0
2021-05-21,Bitcoin,759679496751.0,95001812131.0,40438.0,37340.0
2021-05-20,Bitcoin,697785056488.0,141151477375.0,37287.0,40438.0
2021-05-19,Bitcoin,800545278568.0,65037066859.0,43091.0,37287.0
2021-05-18,Bitcoin,819256623329.0,84054878924.0,43781.0,43091.0
2021-05-17,Bitcoin,871695620616.0,70636455914.0,46585.0,43781.0
2021-05-16,Bitcoin,875321252276.0,62896879696.0,46781.0,46585.0
2021-05-15,Bitcoin,935962705739.0,56820196965.0,49913.0,46781.0
2021-05-14,Bitcoin,934964766186.0,104203551168.0,49973.0,49913.0
2021-05-13,Bitcoin,935512493151.0,75523928654.0,50005.0,49973.0
2021-05-12,Bitcoin,1064993057464.0,67726708141.0,56929.0,50005.0
2021-05-11,Bitcoin,1045714370754.0,76672978748.0,55902.0,56929.0
2021-05-10,Bitcoin,1088903483393.0,67906284081.0,58214.0,55902.0
2021-05-09,Bitcoin,1099271802311.0,66812167538.0,58772.0,58214.0
2021-05-08,Bitcoin,1072831991777.0,68154805947.0,57362.0,58772.0
2021-05-07,Bitcoin,1056801053575.0,87510802711.0,56508.0,57362.0
2021-05-06,Bitcoin,1070969079354.0,72158368258.0,57432.0,56508.0
2021-05-05,Bitcoin,999775008412.0,71296763919.0,53464.0,57432.0
2021-05-04,Bitcoin,1069571255196.0,54132470274.0,57200.0,53464.0
2021-05-03,Bitcoin,1057850321949.0,39072664394.0,56601.0,57200.0
2021-05-02,Bitcoin,1080897634123.0,43967070046.0,57813.0,56601.0
2021-05-01,Bitcoin,1082721727348.0,53879045974.0,57829.0,57813.0
2021-04-30,Bitcoin,1001973605935.0,46958036373.0,53597.0,57829.0
2021-04-29,Bitcoin,1024625833392.0,48072930663.0,54811.0,53597.0
2021-04-28,Bitcoin,1027617870422.0,48468560013.0,54992.0,54811.0
2021-04-27,Bitcoin,1008389773190.0,60226926860.0,53979.0,54992.0
2021-04-26,Bitcoin,915533819859.0,46233432154.0,48981.0,53979.0
2021-04-25,Bitcoin,937014999515.0,49296256746.0,50133.0,48981.0
2021-04-24,Bitcoin,956744203682.0,91138220375.0,51191.0,50133.0
2021-04-23,Bitcoin,971174701493.0,77897442832.0,51966.0,51191.0
2021-04-22,Bitcoin,1012699264346.0,56115370322.0,54190.0,51966.0
2021-04-21,Bitcoin,1055145534127.0,68166802216.0,56295.0,54190.0
2021-04-20,Bitcoin,1043148020633.0,66156275210.0,55721.0,56295.0
2021-04-19,Bitcoin,1053618163310.0,102065957642.0,56289.0,55721.0
2021-04-18,Bitcoin,1125592412523.0,63808212133.0,60274.0,56289.0
2021-04-17,Bitcoin,1149602869702.0,86260673270.0,61497.0,60274.0
2021-04-16,Bitcoin,1179561609817.0,60495376851.0,63180.0,61497.0
2021-04-15,Bitcoin,1173412921930.0,80157135508.0,62807.0,63180.0
2021-04-14,Bitcoin,1187737045885.0,71993120011.0,63577.0,62807.0
2021-04-13,Bitcoin,1118532902102.0,55994558889.0,59911.0,63577.0
2021-04-12,Bitcoin,1120606689450.0,46792500387.0,59988.0,59911.0
2021-04-11,Bitcoin,1116221525334.0,61788197399.0,59979.0,59988.0
2021-04-10,Bitcoin,1085794662405.0,45880879042.0,58153.0,59979.0
2021-04-09,Bitcoin,1083362883828.0,48714359354.0,58066.0,58153.0
2021-04-08,Bitcoin,1050759681845.0,67617613532.0,56134.0,58066.0
2021-04-07,Bitcoin,1084341670321.0,61497704158.0,58062.0,56134.0
2021-04-06,Bitcoin,1096202611390.0,54670173277.0,58707.0,58062.0
2021-04-05,Bitcoin,1087344280110.0,46156767978.0,58229.0,58707.0
2021-04-04,Bitcoin,1067101827373.0,52067853988.0,57060.0,58229.0
2021-04-03,Bitcoin,1103133931137.0,52224918752.0,59060.0,57060.0
2021-04-02,Bitcoin,1098583823874.0,54320681401.0,58801.0,59060.0
2021-04-01,Bitcoin,1098127310947.0,57495844478.0,58817.0,58801.0
2021-03-31,Bitcoin,1095293012033.0,52387542501.0,58669.0,58817.0
2021-03-30,Bitcoin,1075942162537.0,57387039705.0,57635.0,58669.0
2021-03-29,Bitcoin,1039333584621.0,49315845081.0,55728.0,57635.0
2021-03-28,Bitcoin,1042184275333.0,47285749219.0,55832.0,55728.0
2021-03-27,Bitcoin,1027209990795.0,55442557956.0,55033.0,55832.0
2021-03-26,Bitcoin,959155260367.0,63401640503.0,51417.0,55033.0
2021-03-25,Bitcoin,982797427007.0,73029051195.0,52527.0,51417.0
2021-03-24,Bitcoin,1017637245492.0,60383378707.0,54585.0,52527.0
2021-03-23,Bitcoin,1020641820439.0,62001716795.0,54370.0,54585.0
2021-03-22,Bitcoin,1074356788297.0,55664123838.0,57574.0,54370.0
2021-03-21,Bitcoin,1090022321078.0,54549112636.0,58376.0,57574.0
2021-03-20,Bitcoin,1086741150607.0,51948388931.0,58243.0,58376.0
2021-03-19,Bitcoin,1081065767946.0,58387006276.0,57922.0,58243.0
2021-03-18,Bitcoin,1101028543248.0,63368268626.0,59015.0,57922.0
2021-03-17,Bitcoin,1060221966895.0,63219904254.0,56830.0,59015.0
2021-03-16,Bitcoin,1049197142852.0,70594488700.0,55805.0,56830.0
2021-03-15,Bitcoin,1111684638819.0,48104078384.0,59429.0,55805.0
2021-03-14,Bitcoin,1145191373522.0,67332756651.0,61315.0,59429.0
2021-03-13,Bitcoin,1069776383194.0,59984971692.0,57354.0,61315.0
2021-03-12,Bitcoin,1077836070933.0,64605228618.0,57789.0,57354.0
2021-03-11,Bitcoin,1044805904678.0,63560545037.0,56020.0,57789.0
2021-03-10,Bitcoin,1018978819157.0,57418251743.0,54700.0,56020.0
2021-03-09,Bitcoin,974195000547.0,53568946626.0,52329.0,54700.0
2021-03-08,Bitcoin,955040794770.0,46146324828.0,51313.0,52329.0
2021-03-07,Bitcoin,916504852500.0,41478786533.0,49019.0,51313.0
2021-03-06,Bitcoin,911379300053.0,56568112294.0,49092.0,49019.0
2021-03-05,Bitcoin,908517236708.0,60749587836.0,48727.0,49092.0
2021-03-04,Bitcoin,942969910364.0,59212268141.0,50577.0,48727.0
2021-03-03,Bitcoin,905413239165.0,53499537417.0,48532.0,50577.0
2021-03-02,Bitcoin,928146793676.0,63218569172.0,49787.0,48532.0
2021-03-01,Bitcoin,838307614585.0,59679588927.0,44970.0,49787.0
2021-02-28,Bitcoin,869649724201.0,50989764249.0,46654.0,44970.0
2021-02-27,Bitcoin,869070614248.0,74357197464.0,46551.0,46654.0
2021-02-26,Bitcoin,875883932252.0,60355381276.0,46993.0,46551.0
2021-02-25,Bitcoin,929081504354.0,73140585469.0,49849.0,46993.0
2021-02-24,Bitcoin,904133801445.0,116689607926.0,48692.0,49849.0
2021-02-23,Bitcoin,1012091985973.0,101532021847.0,54411.0,48692.0
2021-02-22,Bitcoin,1075380337358.0,61223272211.0,57669.0,54411.0
2021-02-21,Bitcoin,1050555931433.0,77351787996.0,56378.0,57669.0
2021-02-20,Bitcoin,1044189900352.0,71397235197.0,56039.0,56378.0
2021-02-19,Bitcoin,963911356673.0,58486508606.0,51733.0,56039.0
2021-02-18,Bitcoin,971516568848.0,68478739131.0,52144.0,51733.0
2021-02-17,Bitcoin,917339726315.0,64141133354.0,49238.0,52144.0
2021-02-16,Bitcoin,892345220938.0,61061855794.0,47898.0,49238.0
2021-02-15,Bitcoin,905515462577.0,57738376570.0,48608.0,47898.0
2021-02-14,Bitcoin,874425017687.0,55312381649.0,46941.0,48608.0
2021-02-13,Bitcoin,880620921496.0,61942185129.0,47414.0,46941.0
2021-02-12,Bitcoin,890629045244.0,66187179919.0,47816.0,47414.0
2021-02-11,Bitcoin,839561451461.0,70000356396.0,44849.0,47816.0
2021-02-10,Bitcoin,867164581003.0,78828431117.0,46570.0,44849.0
2021-02-09,Bitcoin,862413737411.0,86994225365.0,46308.0,46570.0
2021-02-08,Bitcoin,723434796638.0,53802559039.0,38833.0,46308.0
2021-02-07,Bitcoin,732453192637.0,57076868562.0,39279.0,38833.0
2021-02-06,Bitcoin,706320162929.0,47446256482.0,38008.0,39279.0
2021-02-05,Bitcoin,686453802173.0,54494811707.0,36817.0,38008.0
2021-02-04,Bitcoin,695794870716.0,49762137494.0,37495.0,36817.0
2021-02-03,Bitcoin,660664104637.0,50730704377.0,35486.0,37495.0
2021-02-02,Bitcoin,621908231690.0,49268860243.0,33406.0,35486.0
2021-02-01,Bitcoin,615013848827.0,42488649643.0,33065.0,33406.0
2021-01-31,Bitcoin,636624676861.0,52001249491.0,34200.0,33065.0
2021-01-30,Bitcoin,635688668064.0,97468515525.0,34151.0,34200.0
2021-01-29,Bitcoin,616625386428.0,51075972572.0,33128.0,34151.0
2021-01-28,Bitcoin,566661443732.0,51514291052.0,30446.0,33128.0
2021-01-27,Bitcoin,606573549810.0,48489676580.0,32582.0,30446.0
2021-01-26,Bitcoin,602517850752.0,50410553261.0,32375.0,32582.0
2021-01-25,Bitcoin,600595408892.0,42810544126.0,32274.0,32375.0
2021-01-24,Bitcoin,596744391345.0,43575409685.0,32068.0,32274.0
2021-01-23,Bitcoin,613271077002.0,69549742252.0,32958.0,32068.0
2021-01-22,Bitcoin,575205510268.0,69415314298.0,30914.0,32958.0
2021-01-21,Bitcoin,662434464441.0,58406615612.0,35587.0,30914.0
2021-01-20,Bitcoin,671734819189.0,51736994549.0,36105.0,35587.0
2021-01-19,Bitcoin,682647247200.0,46769030147.0,36595.0,36105.0
2021-01-18,Bitcoin,672291934493.0,50749258739.0,35804.0,36595.0
2021-01-17,Bitcoin,674660879866.0,55054325262.0,36255.0,35804.0
2021-01-16,Bitcoin,684304915288.0,63450740093.0,36788.0,36255.0
2021-01-15,Bitcoin,729751433670.0,57519444622.0,39233.0,36788.0
2021-01-14,Bitcoin,696668634091.0,65278944794.0,37456.0,39233.0
2021-01-13,Bitcoin,629751630408.0,68954134557.0,33938.0,37456.0
2021-01-12,Bitcoin,663380898829.0,111691569520.0,35670.0,33938.0
2021-01-11,Bitcoin,714078952009.0,73381123613.0,38398.0,35670.0
2021-01-10,Bitcoin,749347201463.0,55921808672.0,40297.0,38398.0
2021-01-09,Bitcoin,758971014787.0,82846468856.0,40816.0,40297.0
2021-01-08,Bitcoin,735339707368.0,78642959829.0,39547.0,40816.0
2021-01-07,Bitcoin,682743683563.0,71027195898.0,36934.0,39547.0
2021-01-06,Bitcoin,633651671519.0,67420500716.0,34082.0,36934.0
2021-01-05,Bitcoin,585726270249.0,74657165356.0,31516.0,34082.0
2021-01-04,Bitcoin,613616917626.0,178894068361.0,33008.0,31516.0
2021-01-03,Bitcoin,597887713054.0,57273436641.0,32164.0,33008.0
2021-01-02,Bitcoin,545593282215.0,34089717988.0,29352.0,32164.0
2021-01-01,Bitcoin,539438036436.0,43503516563.0,29022.0,29352.0
2020-12-31,Bitcoin,535967306918.0,43341140482.0,28837.0,29022.0
2020-12-30,Bitcoin,509680257177.0,38081840206.0,27425.0,28837.0
2020-12-29,Bitcoin,503712223154.0,42186521237.0,27125.0,27425.0
2020-12-28,Bitcoin,493427450341.0,56654980596.0,26423.0,27125.0
2020-12-27,Bitcoin,491978602970.0,41995154623.0,26476.0,26423.0
2020-12-26,Bitcoin,458416319552.0,36622874230.0,24671.0,26476.0
2020-12-25,Bitcoin,441614502954.0,36826373659.0,23760.0,24671.0
2020-12-24,Bitcoin,433051601801.0,42917744240.0,23308.0,23760.0
2020-12-23,Bitcoin,441752551013.0,38733771616.0,23795.0,23308.0
2020-12-22,Bitcoin,424329939582.0,38423396405.0,22841.0,23795.0
2020-12-21,Bitcoin,436893169133.0,32907758818.0,23518.0,22841.0
2020-12-20,Bitcoin,443289431125.0,35252972900.0,23864.0,23518.0
2020-12-19,Bitcoin,429459534590.0,37000188847.0,23121.0,23864.0
2020-12-18,Bitcoin,423587689809.0,60693764159.0,22806.0,23121.0
2020-12-17,Bitcoin,396179736656.0,39062639738.0,21318.0,22806.0
2020-12-16,Bitcoin,360542942205.0,24173322660.0,19432.36,21318.0
2020-12-15,Bitcoin,357681110300.0,21638023120.0,19259.97,19432.36
2020-12-14,Bitcoin,355642790361.0,23550581096.0,19151.13,19259.97
2020-12-13,Bitcoin,349235537026.0,21918803314.0,18807.1,19151.13
2020-12-12,Bitcoin,335310805699.0,26080197328.0,18058.03,18807.1
2020-12-11,Bitcoin,339714540194.0,24092658534.0,18262.06,18058.03
2020-12-10,Bitcoin,344693077430.0,29806757749.0,18564.99,18262.06
2020-12-09,Bitcoin,340435142948.0,26799991796.0,18336.51,18564.99
2020-12-08,Bitcoin,356587934226.0,22034483384.0,19198.81,18336.51
2020-12-07,Bitcoin,358762118305.0,21832193873.0,19325.55,19198.81
2020-12-06,Bitcoin,355244908735.0,23333284386.0,19139.11,19325.55
2020-12-05,Bitcoin,347850442857.0,26369871383.0,18711.23,19139.11
2020-12-04,Bitcoin,360661550057.0,24342606871.0,19435.2,18711.23
2020-12-03,Bitcoin,356517705143.0,28923102075.0,19208.4,19435.2
2020-12-02,Bitcoin,349587593227.0,38614628144.0,18857.42,19208.4
2020-12-01,Bitcoin,363927715779.0,36160827241.0,19609.52,18857.42
2020-11-30,Bitcoin,336495192223.0,23940328529.0,18169.95,19609.52
2020-11-29,Bitcoin,328812520406.0,24501260966.0,17718.97,18169.95
2020-11-28,Bitcoin,318057301370.0,30680336583.0,17140.28,17718.97
2020-11-27,Bitcoin,317999016791.0,48738957777.0,17138.03,17140.28
2020-11-26,Bitcoin,348158099247.0,32146102840.0,18753.29,17138.03
2020-11-25,Bitcoin,354209935574.0,49429532567.0,19091.52,18753.29
2020-11-24,Bitcoin,340635146714.0,33389683851.0,18360.69,19091.52
2020-11-23,Bitcoin,342078349285.0,33010231294.0,18390.61,18360.69
2020-11-22,Bitcoin,346623937352.0,31201880852.0,18689.53,18390.61
2020-11-21,Bitcoin,345552251091.0,28731271104.0,18628.81,18689.53
2020-11-20,Bitcoin,330526082019.0,30586797552.0,17819.76,18628.81
2020-11-19,Bitcoin,330792375072.0,40089857655.0,17829.93,17819.76
2020-11-18,Bitcoin,327448838765.0,31572384446.0,17651.82,17829.93
2020-11-17,Bitcoin,309857769717.0,24606359052.0,16714.4,17651.82
2020-11-16,Bitcoin,296277008765.0,19184714603.0,15984.67,16714.4
2020-11-15,Bitcoin,298290647831.0,22096608221.0,16095.56,15984.67
2020-11-14,Bitcoin,302672502422.0,24826304420.0,16326.81,16095.56
2020-11-13,Bitcoin,301529322417.0,28001128791.0,16265.15,16326.81
2020-11-12,Bitcoin,291215273242.0,23990613793.0,15686.91,16265.15
2020-11-11,Bitcoin,283242342239.0,21918753733.0,15278.71,15686.91
2020-11-10,Bitcoin,284292217076.0,29501754043.0,15335.34,15278.71
2020-11-09,Bitcoin,287116472704.0,24082570972.0,15496.32,15335.34
2020-11-08,Bitcoin,274687727890.0,30369855795.0,14818.46,15496.32
2020-11-07,Bitcoin,288563189165.0,34523587705.0,15548.31,14818.46
2020-11-06,Bitcoin,288118007577.0,36313255719.0,15553.33,15548.31
2020-11-05,Bitcoin,261103557611.0,25857225138.0,14101.72,15553.33
2020-11-04,Bitcoin,259277183165.0,22602862338.0,13989.98,14101.72
2020-11-03,Bitcoin,251266177558.0,22630851230.0,13558.36,13989.98
2020-11-02,Bitcoin,254260250528.0,19771957708.0,13720.36,13558.36
2020-11-01,Bitcoin,255329261021.0,22691200479.0,13778.64,13720.36
2020-10-31,Bitcoin,250845436638.0,23482756915.0,13537.17,13778.64
2020-10-30,Bitcoin,249545455596.0,22860841954.0,13441.88,13537.17
2020-10-29,Bitcoin,245661872194.0,26825856788.0,13283.0,13441.88
2020-10-28,Bitcoin,253004886697.0,23918511528.0,13655.19,13283.0
2020-10-27,Bitcoin,241326618199.0,21507619986.0,13060.79,13655.19
2020-10-26,Bitcoin,241326618199.0,18998745579.0,13021.41,13060.79
2020-10-25,Bitcoin,242785151288.0,19302801175.0,13106.05,13021.41
2020-10-24,Bitcoin,239590543524.0,21379873278.0,12928.07,13106.05
2020-10-23,Bitcoin,240257678154.0,25070864647.0,12951.04,12928.07
2020-10-22,Bitcoin,236717318526.0,29314287990.0,12806.44,12951.04
2020-10-21,Bitcoin,220404884319.0,21431994056.0,11908.71,12806.44
2020-10-20,Bitcoin,217391050813.0,18121468516.0,11752.15,11908.71
2020-10-19,Bitcoin,212752326976.0,15569792414.0,11495.9,11752.15
2020-10-18,Bitcoin,210421523307.0,15650920221.0,11365.81,11495.9
2020-10-17,Bitcoin,209993205751.0,20436703034.0,11319.1,11365.81
2020-10-16,Bitcoin,212878404237.0,20511481707.0,11495.58,11319.1
2020-10-15,Bitcoin,211756280001.0,20441486195.0,11435.57,11495.58
2020-10-14,Bitcoin,211576163358.0,19556025069.0,11426.11,11435.57
2020-10-13,Bitcoin,213726225963.0,20957733314.0,11543.18,11426.11
2020-10-12,Bitcoin,210799352797.0,16270141990.0,11377.81,11543.18
2020-10-11,Bitcoin,209268690953.0,19496631246.0,11286.54,11377.81
2020-10-10,Bitcoin,204809205392.0,19254933802.0,11063.25,11286.54
2020-10-09,Bitcoin,201518932274.0,19767968267.0,10888.67,11063.25
2020-10-08,Bitcoin,197575523785.0,17222472600.0,10668.01,10888.67
2020-10-07,Bitcoin,196314284797.0,19419734685.0,10605.96,10668.01
2020-10-06,Bitcoin,199530129891.0,17853484006.0,10784.95,10605.96
2020-10-05,Bitcoin,197494664454.0,16029160488.0,10670.7,10784.95
2020-10-04,Bitcoin,195188285650.0,16039831145.0,10546.66,10670.7
2020-10-03,Bitcoin,195660035180.0,21258724984.0,10572.67,10546.66
2020-10-02,Bitcoin,196617081791.0,20889752500.0,10627.98,10572.67
2020-10-01,Bitcoin,199310441689.0,18558607663.0,10770.88,10627.98
2020-09-30,Bitcoin,200532996048.0,18308943801.0,10837.52,10770.88
2020-09-29,Bitcoin,197720212771.0,19869963340.0,10672.03,10837.52
2020-09-28,Bitcoin,199236216251.0,17639951628.0,10765.3,10672.03
2020-09-27,Bitcoin,198687083452.0,16886146730.0,10743.19,10765.3
2020-09-26,Bitcoin,197616950282.0,19119761059.0,10681.99,10743.19
2020-09-25,Bitcoin,198514026300.0,21348447554.0,10726.53,10681.99
2020-09-24,Bitcoin,189120580778.0,19981974722.0,10223.78,10726.53
2020-09-23,Bitcoin,194731087415.0,19866578109.0,10527.59,10223.78
2020-09-22,Bitcoin,193677795064.0,23757059692.0,10439.52,10527.59
2020-09-21,Bitcoin,202032519471.0,20161733907.0,10923.33,10439.52
2020-09-20,Bitcoin,204994315603.0,18334274060.0,11084.0,10923.33
2020-09-19,Bitcoin,202091264905.0,20681771888.0,10927.15,11084.0
2020-09-18,Bitcoin,202358479464.0,23547167125.0,10938.0,10927.15
2020-09-17,Bitcoin,202524001250.0,24459086809.0,10952.25,10938.0
2020-09-16,Bitcoin,199044338128.0,23802088944.0,10787.58,10952.25
2020-09-15,Bitcoin,197010021430.0,23526143436.0,10661.1,10787.58
2020-09-14,Bitcoin,190922719938.0,21057424433.0,10328.87,10661.1
2020-09-13,Bitcoin,192997988416.0,19955498078.0,10439.38,10328.87
2020-09-12,Bitcoin,192111562750.0,20796810116.0,10378.22,10439.38
2020-09-11,Bitcoin,191180566587.0,77545788531.0,10342.16,10378.22
2020-09-10,Bitcoin,188757938084.0,21357083446.0,10230.15,10342.16
2020-09-09,Bitcoin,186825391249.0,47780699209.0,10125.01,10230.15
2020-09-08,Bitcoin,191501904759.0,26560146962.0,10359.45,10125.01
2020-09-07,Bitcoin,189621410257.0,28801019507.0,10260.02,10359.45
2020-09-06,Bitcoin,188092098308.0,56430042199.0,10177.79,10260.02
2020-09-05,Bitcoin,194040447576.0,27623487077.0,10484.47,10177.79
2020-09-04,Bitcoin,188438095255.0,49411126241.0,10197.46,10484.47
2020-09-03,Bitcoin,210746091570.0,26038738389.0,11418.25,10197.46
2020-09-02,Bitcoin,221315690777.0,25232603062.0,11895.23,11418.25
2020-09-01,Bitcoin,215921598551.0,21077276618.0,11672.32,11895.23
2020-08-31,Bitcoin,216179629567.0,19909556667.0,11701.0,11672.32
2020-08-30,Bitcoin,212114842612.0,18415439614.0,11481.48,11701.0
2020-08-29,Bitcoin,212799723685.0,19271253871.0,11519.12,11481.48
2020-08-28,Bitcoin,208747591910.0,21595917446.0,11300.4,11519.12
2020-08-27,Bitcoin,211778947737.0,20869928786.0,11465.0,11300.4
2020-08-26,Bitcoin,209658632328.0,23423332919.0,11350.75,11465.0
2020-08-25,Bitcoin,217410678530.0,20061559392.0,11758.83,11350.75
2020-08-24,Bitcoin,215347356765.0,18467219109.0,11647.93,11758.83
2020-08-23,Bitcoin,215641597240.0,19572783954.0,11676.39,11647.93
2020-08-22,Bitcoin,212896669546.0,23406354443.0,11515.12,11676.39
2020-08-21,Bitcoin,219044968221.0,20353349055.0,11861.84,11515.12
2020-08-20,Bitcoin,216660276173.0,23384200656.0,11733.28,11861.84
2020-08-19,Bitcoin,220980135332.0,24825715159.0,11949.61,11733.28
2020-08-18,Bitcoin,226536103502.0,25481896191.0,12272.47,11949.61
2020-08-17,Bitcoin,219750735623.0,19209711614.0,11901.78,12272.47
2020-08-16,Bitcoin,219049736823.0,21285690553.0,11864.91,11901.78
2020-08-15,Bitcoin,216916952670.0,21650925952.0,11777.39,11864.91
2020-08-14,Bitcoin,217185020505.0,24755770184.0,11817.16,11777.39
2020-08-13,Bitcoin,213770877598.0,22803776235.0,11579.87,11817.16
2020-08-12,Bitcoin,210825577055.0,24448699831.0,11398.67,11579.87
2020-08-11,Bitcoin,218920276229.0,24145919191.0,11862.94,11398.67
2020-08-10,Bitcoin,215621627428.0,17051550191.0,11682.85,11862.94
2020-08-09,Bitcoin,213579066889.0,21624736673.0,11571.49,11739.13
2020-08-08,Bitcoin,213579066889.0,21624736673.0,11571.49,11739.13
2020-08-07,Bitcoin,217128467890.0,21793317051.0,11768.13,11571.49
2020-08-06,Bitcoin,216249264844.0,22359870185.0,11719.26,11768.13
2020-08-05,Bitcoin,206583502228.0,20527193171.0,11181.92,11719.26
2020-08-04,Bitcoin,207218525402.0,20583344057.0,11230.91,11181.92
2020-08-03,Bitcoin,204126077225.0,27584591853.0,11066.31,11230.91
2020-08-02,Bitcoin,217741425309.0,26198946496.0,11812.09,11066.31
2020-08-01,Bitcoin,208933774575.0,22329797905.0,11325.55,11812.09
2020-07-31,Bitcoin,205200775318.0,22265381996.0,11116.31,11325.55
2020-07-30,Bitcoin,204969785091.0,23642111784.0,11093.61,11116.31
2020-07-29,Bitcoin,201144184191.0,27637575180.0,10904.92,11093.61
2020-07-28,Bitcoin,202191797991.0,34694788844.0,10962.26,10904.92
2020-07-27,Bitcoin,183064851468.0,19713211085.0,9925.75,10962.26
2020-07-26,Bitcoin,178740874539.0,36726067828.0,9691.83,9925.75
2020-07-25,Bitcoin,175865705418.0,35810926085.0,9535.94,9691.83
2020-07-24,Bitcoin,176821599774.0,26966148756.0,9589.82,9535.94
2020-07-23,Bitcoin,175370017197.0,19702428931.0,9514.3,9589.82
2020-07-22,Bitcoin,173036757676.0,20048075731.0,9384.38,9514.3
2020-07-21,Bitcoin,168936986921.0,17080393205.0,9163.16,9384.38
2020-07-20,Bitcoin,169692625142.0,16085385662.0,9202.62,9163.16
2020-07-19,Bitcoin,169031588403.0,15638459043.0,9168.4,9202.62
2020-07-18,Bitcoin,168760444137.0,16500659022.0,9156.28,9168.4
2020-07-17,Bitcoin,168496782961.0,18760484380.0,9136.48,9156.28
2020-07-16,Bitcoin,169758848798.0,16565948995.0,9203.37,9136.48
2020-07-15,Bitcoin,170451532162.0,19147263017.0,9247.06,9203.37
2020-07-14,Bitcoin,170370727819.0,18245667827.0,9240.76,9247.06
2020-07-13,Bitcoin,171364106456.0,17173962880.0,9297.48,9240.76
2020-07-12,Bitcoin,170191069703.0,16167064476.0,9234.31,9297.48
2020-07-11,Bitcoin,171104767642.0,18224423468.0,9282.91,9234.31
2020-07-10,Bitcoin,170198606144.0,19480413474.0,9235.72,9282.91
2020-07-09,Bitcoin,173809293390.0,20708592426.0,9432.17,9235.72
2020-07-08,Bitcoin,170510411872.0,18945747769.0,9253.63,9432.17
2020-07-07,Bitcoin,172136257752.0,21987059042.0,9342.38,9253.63
2020-07-06,Bitcoin,167429736493.0,17324463886.0,9087.41,9342.38
2020-07-05,Bitcoin,168258822207.0,16643732673.0,9132.91,9087.41
2020-07-04,Bitcoin,167116284671.0,17420495829.0,9071.39,9132.91
2020-07-03,Bitcoin,167604994105.0,19379463385.0,9094.32,9071.39
2020-07-02,Bitcoin,170031996603.0,20005031554.0,9230.67,9094.32
2020-07-01,Bitcoin,168558715595.0,19741435780.0,9149.72,9230.67
2020-06-30,Bitcoin,169175896894.0,19754459583.0,9185.17,9149.72
2020-06-29,Bitcoin,168334049772.0,19665935217.0,9139.9,9185.17
2020-06-28,Bitcoin,166004979430.0,21515626881.0,9013.91,9139.9
2020-06-27,Bitcoin,168807143703.0,22429204011.0,9166.49,9013.91
2020-06-26,Bitcoin,170495281892.0,23499175984.0,9258.67,9166.49
2020-06-25,Bitcoin,171028279702.0,23183760292.0,9288.06,9258.67
2020-06-24,Bitcoin,177187041227.0,17756804210.0,9624.68,9288.06
2020-06-23,Bitcoin,178128652480.0,24768621257.0,9678.68,9624.68
2020-06-22,Bitcoin,171192409474.0,18986237382.0,9298.36,9678.68
2020-06-21,Bitcoin,172323213442.0,19774464253.0,9360.25,9298.36
2020-06-20,Bitcoin,171101646024.0,23738525502.0,9312.78,9360.25
2020-06-19,Bitcoin,173034439846.0,20601074386.0,9399.77,9312.78
2020-06-18,Bitcoin,174231189757.0,23643218251.0,9463.36,9399.77
2020-06-17,Bitcoin,175075304218.0,26391020757.0,9524.93,9463.36
2020-06-16,Bitcoin,173598215784.0,29160908897.0,9431.72,9524.93
2020-06-15,Bitcoin,172116372679.0,18836155989.0,9345.96,9431.72
2020-06-14,Bitcoin,174275005803.0,19693461097.0,9469.47,9345.96
2020-06-13,Bitcoin,174266571296.0,23601462338.0,9469.53,9469.47
2020-06-12,Bitcoin,171615707160.0,31225155445.0,9326.0,9469.53
2020-06-11,Bitcoin,181705166674.0,24398738300.0,9874.9,9326.0
2020-06-10,Bitcoin,179709840754.0,22844271951.0,9767.01,9874.9
2020-06-09,Bitcoin,179810911053.0,21154971285.0,9773.03,9767.01
2020-06-08,Bitcoin,179167717944.0,23856639265.0,9738.6,9773.03
2020-06-07,Bitcoin,177901732350.0,19374357195.0,9662.86,9738.6
2020-06-06,Bitcoin,177373937377.0,23447982002.0,9636.97,9662.86
2020-06-05,Bitcoin,179830985955.0,24903069188.0,9776.2,9636.97
2020-06-04,Bitcoin,177416480473.0,25222025159.0,9645.23,9776.2
2020-06-03,Bitcoin,175463166972.0,36841150779.0,9515.24,9645.23
2020-06-02,Bitcoin,186932702066.0,33702539854.0,10167.93,9515.24
2020-06-01,Bitcoin,174105710752.0,27396663221.0,9466.96,10167.93
2020-05-31,Bitcoin,177978616383.0,30231487422.0,9662.71,9466.96
2020-05-30,Bitcoin,173355014878.0,28880265575.0,9427.12,9662.71
2020-05-29,Bitcoin,175534414971.0,31771100326.0,9546.05,9427.12
2020-05-28,Bitcoin,168615778510.0,28916177010.0,9174.12,9546.05
2020-05-27,Bitcoin,162547226897.0,26860828303.0,8839.13,9174.12
2020-05-26,Bitcoin,163333743989.0,29130957734.0,8883.69,8839.13
2020-05-25,Bitcoin,161407638875.0,29437505507.0,8731.85,8883.69
2020-05-24,Bitcoin,168614573111.0,26159735072.0,9170.36,8731.85
2020-05-23,Bitcoin,168309812993.0,27700943120.0,9131.77,9170.36
2020-05-22,Bitcoin,166569335291.0,35965016694.0,9059.96,9131.77
2020-05-21,Bitcoin,175227227253.0,34829170075.0,9526.51,9059.96
2020-05-20,Bitcoin,179127815803.0,37077538115.0,9760.2,9526.51
2020-05-19,Bitcoin,178446153576.0,38922896810.0,9708.44,9760.2
2020-05-18,Bitcoin,177224284369.0,35650032954.0,9666.33,9708.44
2020-05-17,Bitcoin,172309401207.0,34146492788.0,9375.3,9666.33
2020-05-16,Bitcoin,170983863891.0,44866846516.0,9309.3,9375.3
2020-05-15,Bitcoin,179398095871.0,52076585311.0,9796.49,9309.3
2020-05-14,Bitcoin,170593350056.0,44239951917.0,9283.09,9796.49
2020-05-13,Bitcoin,161474125336.0,39515455756.0,8788.47,9283.09
2020-05-12,Bitcoin,158113540964.0,57996080837.0,8604.75,8788.47
2020-05-11,Bitcoin,160814678354.0,61704475185.0,8752.62,8604.75
2020-05-10,Bitcoin,175752574355.0,46706541180.0,9566.78,8752.62
2020-05-09,Bitcoin,180421762956.0,50955646313.0,9821.81,9566.78
2020-05-08,Bitcoin,182927847431.0,61712313965.0,9959.17,9821.81
2020-05-07,Bitcoin,167950864937.0,48538811467.0,9144.69,9959.17
2020-05-06,Bitcoin,165335617639.0,43436234292.0,9003.24,9144.69
2020-05-05,Bitcoin,162341412440.0,44698213713.0,8884.41,9003.24
2020-05-04,Bitcoin,163036842347.0,45617019157.0,8888.67,8884.41
2020-05-03,Bitcoin,164603123456.0,39177855720.0,8966.31,8888.67
2020-05-02,Bitcoin,161989355179.0,44773967198.0,8824.82,8966.31
2020-05-01,Bitcoin,158042623264.0,65838312160.0,8610.64,8610.64
2020-04-30,Bitcoin,160483573440.0,60399592066.0,8744.43,8610.64
2020-04-29,Bitcoin,142370212777.0,32855687797.0,7758.23,8744.43
2020-04-28,Bitcoin,142649802463.0,35205525352.0,7774.28,7758.23
2020-04-27,Bitcoin,140977260141.0,33760863612.0,7683.87,7774.28
2020-04-26,Bitcoin,138298135123.0,31610167152.0,7538.56,7683.87
2020-04-25,Bitcoin,137493716065.0,33233126913.0,7495.39,7538.56
2020-04-24,Bitcoin,135414822710.0,41032858925.0,7382.79,7495.39
2020-04-23,Bitcoin,130398643209.0,30819547915.0,7110.0,7382.79
2020-04-22,Bitcoin,125473149029.0,30093303601.0,6842.04,7110.0
2020-04-21,Bitcoin,125724610428.0,35276609104.0,6856.46,6842.04
2020-04-20,Bitcoin,130680700686.0,29714765522.0,7127.51,6856.46
2020-04-19,Bitcoin,132775323305.0,30035235468.0,7242.51,7127.51
2020-04-18,Bitcoin,128961704237.0,31701906840.0,7035.26,7242.51
2020-04-17,Bitcoin,129402884478.0,45752002264.0,7059.93,7035.26
2020-04-16,Bitcoin,121499498110.0,29692916171.0,6629.43,7059.93
2020-04-15,Bitcoin,125713883016.0,33837365577.0,6860.18,6629.43
2020-04-14,Bitcoin,125651103790.0,38062368291.0,6857.54,6860.18
2020-04-13,Bitcoin,126655463658.0,34544392366.0,6913.16,6857.54
2020-04-12,Bitcoin,125980543742.0,30280054180.0,6878.78,6913.16
2020-04-11,Bitcoin,125740858699.0,37828011011.0,6864.69,6878.78
2020-04-10,Bitcoin,133598651282.0,34921486435.0,7294.49,6864.69
2020-04-09,Bitcoin,134518720640.0,38922547593.0,7342.29,7294.49
2020-04-08,Bitcoin,131782164466.0,43386074291.0,7196.78,7342.29
2020-04-07,Bitcoin,133484854333.0,45370138561.0,7297.64,7196.78
2020-04-06,Bitcoin,124272363452.0,31885662165.0,6788.05,7297.64
2020-04-05,Bitcoin,125564427826.0,35009177102.0,6859.42,6788.05
2020-04-04,Bitcoin,123234164428.0,39867535857.0,6732.85,6859.42
2020-04-03,Bitcoin,124719708454.0,47638672294.0,6807.9,6732.85
2020-04-02,Bitcoin,120921617010.0,35886963978.0,6640.8,6807.9
2020-04-01,Bitcoin,117750205634.0,32287674952.0,6421.71,6640.8
2020-03-31,Bitcoin,117151628727.0,34907149978.0,6403.14,6421.71
2020-03-30,Bitcoin,108551603304.0,25923471292.0,5915.34,6403.14
2020-03-29,Bitcoin,114171796491.0,35231848359.0,6255.0,5915.34
2020-03-28,Bitcoin,117019679178.0,32910551599.0,6397.83,6255.0
2020-03-27,Bitcoin,123732739823.0,34840544710.0,6765.56,6397.83
2020-03-26,Bitcoin,122445336599.0,42082295491.0,6695.9,6765.56
2020-03-25,Bitcoin,123064256189.0,45846522059.0,6730.17,6695.9
2020-03-24,Bitcoin,118046727573.0,45578824448.0,6456.35,6730.17
2020-03-23,Bitcoin,107128564671.0,37255748385.0,5859.65,6456.35
2020-03-22,Bitcoin,112349835902.0,40189198131.0,6145.77,5859.65
2020-03-21,Bitcoin,113030383273.0,50936770688.0,6195.6,6145.77
2020-03-20,Bitcoin,112778383593.0,48056214948.0,6170.2,6195.6
2020-03-19,Bitcoin,98259998309.0,37618067230.0,5376.28,6170.2
2020-03-18,Bitcoin,98079756007.0,36007089254.0,5389.42,5376.28
2020-03-17,Bitcoin,91962797384.0,44034438468.0,5032.5,5389.42
2020-03-16,Bitcoin,98632587514.0,32985693210.0,5397.93,5032.5
2020-03-15,Bitcoin,95216478865.0,36054625747.0,5214.19,5397.93
2020-03-14,Bitcoin,101262945297.0,74329688818.0,5542.82,5214.19
2020-03-13,Bitcoin,93092131087.0,50009548492.0,5142.99,5542.82
2020-03-12,Bitcoin,144948460093.0,38689036553.0,7935.52,5142.99
2020-03-11,Bitcoin,144410718988.0,40882213634.0,7906.73,7935.52
2020-03-10,Bitcoin,144664117909.0,45678665163.0,7921.33,7906.73
2020-03-09,Bitcoin,147076617272.0,39132209138.0,8041.37,7921.33
2020-03-08,Bitcoin,162543409238.0,36764763103.0,8902.2,8041.37
2020-03-07,Bitcoin,166791067805.0,41388087588.0,9135.85,8902.2
2020-03-06,Bitcoin,165070261613.0,38122635173.0,9038.87,9135.85
2020-03-05,Bitcoin,159869936941.0,38832067217.0,8758.65,9038.87
2020-03-04,Bitcoin,159816567727.0,68336042797.0,8756.72,8758.65
2020-03-03,Bitcoin,162521881369.0,59776629743.0,8905.88,8756.72
2020-03-02,Bitcoin,155934421965.0,34310775733.0,8567.8,8905.88
2020-03-01,Bitcoin,156047250857.0,33291626663.0,8552.99,8567.8
2020-02-29,Bitcoin,159030381910.0,41297721067.0,8717.33,8552.99
2020-02-28,Bitcoin,160149975301.0,43045469001.0,8781.18,8717.33
2020-02-27,Bitcoin,160731785488.0,45140119230.0,8801.66,8781.18
2020-02-26,Bitcoin,170478976468.0,39441760776.0,9345.34,8801.66
2020-02-25,Bitcoin,175872097740.0,41928789500.0,9670.96,9345.34
2020-02-24,Bitcoin,181368043820.0,38743680759.0,9946.72,9670.96
2020-02-23,Bitcoin,176097270350.0,32555342237.0,9658.61,9946.72
2020-02-22,Bitcoin,176701844102.0,37678167401.0,9673.01,9658.61
2020-02-21,Bitcoin,174871048291.0,53579139401.0,9608.17,9673.01
2020-02-20,Bitcoin,175312937107.0,50502739124.0,9618.41,9608.17
2020-02-19,Bitcoin,184918071499.0,54648014950.0,10133.82,9618.41
2020-02-18,Bitcoin,176547652266.0,48517591137.0,9723.61,10133.82
2020-02-17,Bitcoin,181221481669.0,42364906261.0,9943.67,9723.61
2020-02-16,Bitcoin,180265718401.0,51460340289.0,9894.14,9943.67
2020-02-15,Bitcoin,187680301471.0,50206573483.0,10320.16,9894.14
2020-02-14,Bitcoin,186190344916.0,54151236618.0,10221.26,10320.16
2020-02-13,Bitcoin,188132988213.0,45456624048.0,10328.9,10221.26
2020-02-12,Bitcoin,186262984852.0,38930644712.0,10226.93,10328.9
2020-02-11,Bitcoin,180145850760.0,81406687324.0,9890.12,10226.93
2020-02-10,Bitcoin,184792100015.0,78110955305.0,10148.38,9890.12
2020-02-09,Bitcoin,180081607384.0,71561797135.0,9890.7,10148.38
2020-02-08,Bitcoin,178414902529.0,69495711756.0,9799.45,9890.7
2020-02-07,Bitcoin,177388314198.0,71141695218.0,9744.64,9799.45
2020-02-06,Bitcoin,174596806174.0,65675565621.0,9592.18,9744.64
2020-02-05,Bitcoin,167075369075.0,55377658456.0,9179.96,9592.18
2020-02-04,Bitcoin,169406963183.0,56824765308.0,9308.91,9179.96
2020-02-03,Bitcoin,169926610304.0,55025402184.0,9338.42,9308.91
2020-02-02,Bitcoin,170361167834.0,48307978234.0,9363.22,9338.42
2020-02-01,Bitcoin,169340144566.0,50102814006.0,9308.06,9363.22
2020-01-31,Bitcoin,172993102966.0,51037775415.0,9509.81,9308.06
2020-01-30,Bitcoin,168738228802.0,47273353144.0,9276.89,9509.81
2020-01-29,Bitcoin,169518428145.0,49812761504.0,9320.81,9276.89
2020-01-28,Bitcoin,161473602737.0,39661537340.0,8879.34,9320.81
2020-01-27,Bitcoin,156302144661.0,30241155463.0,8595.73,8879.34
2020-01-26,Bitcoin,151794495723.0,26582198966.0,8348.67,8595.73
2020-01-25,Bitcoin,153294353937.0,30691734305.0,8432.1,8348.67
2020-01-24,Bitcoin,152984928859.0,30696020541.0,8415.96,8432.1
2020-01-23,Bitcoin,157502652064.0,25628542095.0,8665.44,8415.96
2020-01-22,Bitcoin,158564958351.0,27057681780.0,8724.82,8665.44
2020-01-21,Bitcoin,156848009984.0,29527689343.0,8631.25,8724.82
2020-01-20,Bitcoin,157906057309.0,39242297096.0,8690.38,8631.25
2020-01-19,Bitcoin,161823609428.0,36801813632.0,8906.9,8690.38
2020-01-18,Bitcoin,161848747742.0,41671910798.0,8902.57,8906.9
2020-01-17,Bitcoin,158412991118.0,36462155571.0,8720.92,8902.57
2020-01-16,Bitcoin,159960761752.0,48160401007.0,8820.85,8720.92
2020-01-15,Bitcoin,159481192214.0,55384169406.0,8801.87,8820.85
2020-01-14,Bitcoin,147446058196.0,27962176781.0,8110.65,8801.87
2020-01-13,Bitcoin,148204228775.0,27533390876.0,8171.4,8110.65
2020-01-12,Bitcoin,145561586659.0,31504583511.0,8012.09,8171.4
2020-01-11,Bitcoin,146879934259.0,35777298156.0,8180.51,8012.09
2020-01-10,Bitcoin,141913856953.0,29276053441.0,7832.8,8180.51
2020-01-09,Bitcoin,146089575425.0,39971512000.0,8045.79,7832.8
2020-01-08,Bitcoin,147798610896.0,34823187724.0,8147.42,8045.79
2020-01-07,Bitcoin,140557168287.0,28148518762.0,7734.68,8147.42
2020-01-06,Bitcoin,133388991087.0,21929224571.0,7349.97,7734.68
2020-01-05,Bitcoin,133474716218.0,20611640058.0,7351.38,7349.97
2020-01-04,Bitcoin,132766262579.0,31015776262.0,7300.35,7351.38
2020-01-03,Bitcoin,126280790200.0,20313194628.0,6963.85,7300.35
2020-01-02,Bitcoin,130422953818.0,18123516839.0,7193.75,6963.85
2020-01-01,Bitcoin,130394101536.0,21187883711.0,7195.15,7193.75
2019-12-31,Bitcoin,131377523457.0,22320671264.0,7240.43,7195.15
2019-12-30,Bitcoin,133997529973.0,22035194451.0,7394.03,7240.43
2019-12-29,Bitcoin,132567576728.0,21437778062.0,7307.89,7394.03
2019-12-28,Bitcoin,131349923253.0,25893684880.0,7247.62,7307.89
2019-12-27,Bitcoin,130768750218.0,24771695136.0,7208.49,7247.62
2019-12-26,Bitcoin,130643567867.0,23546783551.0,7204.18,7208.49
2019-12-25,Bitcoin,131358497319.0,26519710985.0,7266.61,7204.18
2019-12-24,Bitcoin,132931613272.0,30235862119.0,7335.21,7266.61
2019-12-23,Bitcoin,135086328271.0,24325792144.0,7488.2,7335.21
2019-12-22,Bitcoin,129342305760.0,18632480433.0,7141.55,7488.2
2019-12-21,Bitcoin,130122764301.0,22483207164.0,7185.44,7141.55
2019-12-20,Bitcoin,129498636861.0,23539013331.0,7152.56,7185.44
2019-12-19,Bitcoin,131230049167.0,57308255784.0,7274.77,7152.56
2019-12-18,Bitcoin,119931733577.0,26481385709.0,6627.16,7274.77
2019-12-17,Bitcoin,124984942946.0,22208927989.0,6901.04,6627.16
2019-12-16,Bitcoin,128886696697.0,18896096612.0,7108.56,6901.04
2019-12-15,Bitcoin,128114177662.0,19497758114.0,7081.74,7108.56
2019-12-14,Bitcoin,131188243085.0,18535665729.0,7247.35,7081.74
2019-12-13,Bitcoin,130489545692.0,19829801018.0,7200.71,7247.35
2019-12-12,Bitcoin,130242932604.0,18016936696.0,7197.43,7200.71
2019-12-11,Bitcoin,130970047495.0,19546221322.0,7233.95,7197.43
2019-12-10,Bitcoin,133091781421.0,19646929699.0,7347.04,7233.95
2019-12-09,Bitcoin,135886870643.0,17330633418.0,7508.32,7347.04
2019-12-08,Bitcoin,135655571431.0,17579259211.0,7493.55,7508.32
2019-12-07,Bitcoin,135763797983.0,20930338572.0,7530.92,7493.55
2019-12-06,Bitcoin,133644089122.0,22344057774.0,7373.78,7530.92
2019-12-05,Bitcoin,130707605072.0,24794733347.0,7209.97,7373.78
2019-12-04,Bitcoin,131920184619.0,17246866851.0,7286.08,7209.97
2019-12-03,Bitcoin,132186853223.0,19403364523.0,7308.98,7286.08
2019-12-02,Bitcoin,133806709251.0,22892863740.0,7405.81,7308.98
2019-12-01,Bitcoin,136619988248.0,19070509165.0,7556.4,7405.81
2019-11-30,Bitcoin,139585890644.0,23595242634.0,7720.87,7556.4
2019-11-29,Bitcoin,134540136589.0,22282583661.0,7438.62,7720.87
2019-11-28,Bitcoin,135280930612.0,28972696169.0,7483.75,7438.62
2019-11-27,Bitcoin,129550686419.0,25650766568.0,7157.68,7483.75
2019-11-26,Bitcoin,128442554041.0,34693320000.0,7118.26,7157.68
2019-11-25,Bitcoin,126056411448.0,25073885715.0,6935.74,7118.26
2019-11-24,Bitcoin,132153647358.0,23984198665.0,7309.69,6935.74
2019-11-23,Bitcoin,131796120680.0,39111609334.0,7293.01,7309.69
2019-11-22,Bitcoin,137741605692.0,26390689050.0,7632.49,7293.01
2019-11-21,Bitcoin,146173851046.0,23442272035.0,8095.87,7632.49
2019-11-20,Bitcoin,146797393103.0,24993518394.0,8138.83,8095.87
2019-11-19,Bitcoin,148089631527.0,25563738776.0,8202.83,8138.83
2019-11-18,Bitcoin,153491320213.0,22808991915.0,8508.5,8202.83
2019-11-17,Bitcoin,153343011226.0,21153024163.0,8496.38,8508.5
2019-11-16,Bitcoin,152925645909.0,27102692385.0,8480.44,8496.38
2019-11-15,Bitcoin,156230551241.0,24149531742.0,8652.03,8480.44
2019-11-14,Bitcoin,158380664654.0,22919706604.0,8770.78,8652.03
2019-11-13,Bitcoin,158722325408.0,25677565876.0,8806.75,8770.78
2019-11-12,Bitcoin,157759659438.0,24569575080.0,8729.92,8806.75
2019-11-11,Bitcoin,162996713001.0,24973742613.0,9043.67,8729.92
2019-11-10,Bitcoin,159050488592.0,22726115539.0,8809.78,9043.67
2019-11-09,Bitcoin,158619022798.0,30263888375.0,8795.9,8809.78
2019-11-08,Bitcoin,166326340114.0,27099310470.0,9221.07,8795.9
2019-11-07,Bitcoin,168462131862.0,28787468130.0,9340.05,9221.07
2019-11-06,Bitcoin,167676477991.0,30247351916.0,9300.37,9340.05
2019-11-05,Bitcoin,169099256442.0,30915689706.0,9378.95,9300.37
2019-11-04,Bitcoin,166118344448.0,24204135433.0,9204.29,9378.95
2019-11-03,Bitcoin,167702162283.0,24723381192.0,9302.83,9204.29
2019-11-02,Bitcoin,166428932045.0,28239184319.0,9233.41,9302.83
2019-11-01,Bitcoin,165197797837.0,30452200168.0,9151.82,9233.41
2019-10-31,Bitcoin,165289440819.0,30846909824.0,9171.87,9151.82
2019-10-30,Bitcoin,169552821617.0,32395177165.0,9407.16,9171.87
2019-10-29,Bitcoin,166074573773.0,36102429175.0,9239.9,9407.16
2019-10-28,Bitcoin,171191596562.0,38396780064.0,9502.02,9239.9
2019-10-27,Bitcoin,166118326255.0,49973845767.0,9217.24,9502.02
2019-10-26,Bitcoin,155391555503.0,33573878836.0,8652.03,9217.24
2019-10-25,Bitcoin,133881191476.0,18827850067.0,7433.92,8652.03
2019-10-24,Bitcoin,134533554377.0,23372887463.0,7468.53,7433.92
2019-10-23,Bitcoin,144778678026.0,19789278104.0,8045.29,7468.53
2019-10-22,Bitcoin,147972317569.0,17608633116.0,8220.92,8045.29
2019-10-21,Bitcoin,147845092520.0,18477598770.0,8208.36,8220.92
2019-10-20,Bitcoin,143016860664.0,16704267725.0,7949.8,8208.36
2019-10-19,Bitcoin,143241128773.0,18867966948.0,7957.31,7949.8
2019-10-18,Bitcoin,145395122717.0,17154383747.0,8079.93,7957.31
2019-10-17,Bitcoin,144153894666.0,18700096465.0,8010.3,8079.93
2019-10-16,Bitcoin,147132917996.0,17879549109.0,8175.86,8010.3
2019-10-15,Bitcoin,150188449071.0,17384052861.0,8347.35,8175.86
2019-10-14,Bitcoin,149295847367.0,17006193532.0,8289.5,8347.35
2019-10-13,Bitcoin,149460560799.0,18009645881.0,8308.47,8289.5
2019-10-12,Bitcoin,148684409190.0,22522161254.0,8277.85,8308.47
2019-10-11,Bitcoin,153974523119.0,21307956537.0,8561.52,8277.85
2019-10-10,Bitcoin,154173400068.0,21622617283.0,8573.06,8561.52
2019-10-09,Bitcoin,147101302075.0,19349468269.0,8180.69,8573.06
2019-10-08,Bitcoin,147113201630.0,21702135919.0,8182.25,8180.69
2019-10-07,Bitcoin,141846566055.0,16860212059.0,7890.23,8182.25
2019-10-06,Bitcoin,146326858013.0,16751341178.0,8140.24,7890.23
2019-10-05,Bitcoin,146603545122.0,16931274118.0,8156.52,8140.24
2019-10-04,Bitcoin,146959035400.0,17383555314.0,8176.35,8156.52
2019-10-03,Bitcoin,150093691782.0,17676173879.0,8350.13,8176.35
2019-10-02,Bitcoin,150346803071.0,17832872037.0,8366.5,8350.13
2019-10-01,Bitcoin,148699326425.0,21681424235.0,8271.29,8366.5
2019-09-30,Bitcoin,144886125388.0,16673592220.0,8064.38,8271.29
2019-09-29,Bitcoin,147518938470.0,17936691398.0,8225.11,8064.38
2019-09-28,Bitcoin,147034755882.0,19755414533.0,8183.48,8225.11
2019-09-27,Bitcoin,145450672157.0,22627889544.0,8098.81,8183.48
2019-09-26,Bitcoin,151968918856.0,25000732108.0,8446.24,8098.81
2019-09-25,Bitcoin,158225996381.0,27762368999.0,8702.71,8446.24
2019-09-24,Bitcoin,174073117683.0,17797331462.0,9699.5,8702.71
2019-09-23,Bitcoin,180261864538.0,16268084727.0,10041.3,9699.5
2019-09-22,Bitcoin,179541584401.0,15973816316.0,9997.2,10041.3
2019-09-21,Bitcoin,182621118150.0,17281137872.0,10178.44,9997.2
2019-09-20,Bitcoin,183793185093.0,23532550738.0,10253.23,10178.44
2019-09-19,Bitcoin,182304851002.0,18848349198.0,10158.85,10253.23
2019-09-18,Bitcoin,183148194810.0,17279102873.0,10203.07,10158.85
2019-09-17,Bitcoin,184216635305.0,17580630288.0,10268.42,10203.07
2019-09-16,Bitcoin,184860740268.0,13781855194.0,10305.68,10268.42
2019-09-15,Bitcoin,185709926005.0,16529697331.0,10349.55,10305.68
2019-09-14,Bitcoin,185791118117.0,16650634276.0,10355.63,10349.55
2019-09-13,Bitcoin,186490286819.0,17986804177.0,10401.32,10355.63
2019-09-12,Bitcoin,182006412816.0,19989784061.0,10150.71,10401.32
2019-09-11,Bitcoin,181228983505.0,17425806761.0,10121.1,10150.71
2019-09-10,Bitcoin,185101736449.0,21012460994.0,10321.93,10121.1
2019-09-09,Bitcoin,186487925900.0,16804085431.0,10404.33,10321.93
2019-09-08,Bitcoin,187490153206.0,18658457494.0,10461.55,10404.33
2019-09-07,Bitcoin,185513074362.0,23555216964.0,10350.75,10461.55
2019-09-06,Bitcoin,189354988380.0,18952591605.0,10570.25,10350.75
2019-09-05,Bitcoin,189378108189.0,21198071665.0,10573.52,10570.25
2019-09-04,Bitcoin,190297653629.0,23588848898.0,10620.17,10573.52
2019-09-03,Bitcoin,184367332386.0,20258697359.0,10323.02,10620.17
2019-09-02,Bitcoin,174169160999.0,15003447441.0,9729.27,10323.02
2019-09-01,Bitcoin,172069023390.0,15364904439.0,9607.29,9729.27
2019-08-31,Bitcoin,171703455568.0,16388578394.0,9588.99,9607.29
2019-08-30,Bitcoin,169825879930.0,20461661030.0,9485.14,9588.99
2019-08-29,Bitcoin,174174790993.0,22948105442.0,9753.49,9485.14
2019-08-28,Bitcoin,181891056658.0,20937236587.0,10167.89,9753.49
2019-08-27,Bitcoin,184989701186.0,23392461463.0,10334.91,10167.89
2019-08-26,Bitcoin,180491202154.0,17899166778.0,10090.06,10334.91
2019-08-25,Bitcoin,181764456091.0,21187546608.0,10145.01,10090.06
2019-08-24,Bitcoin,187878412536.0,18313019853.0,10385.51,10145.01
2019-08-23,Bitcoin,181311699890.0,20144228964.0,10127.79,10385.51
2019-08-22,Bitcoin,181094936744.0,22757336326.0,10124.06,10127.79
2019-08-21,Bitcoin,192182485884.0,19460170323.0,10743.79,10124.06
2019-08-20,Bitcoin,194884121165.0,22097997942.0,10895.97,10743.79
2019-08-19,Bitcoin,184381498344.0,19708814223.0,10309.87,10895.97
2019-08-18,Bitcoin,182893178091.0,20998246407.0,10224.22,10309.87
2019-08-17,Bitcoin,184635409004.0,28168163141.0,10324.99,10224.22
2019-08-16,Bitcoin,183808182262.0,31003755662.0,10295.88,10324.99
2019-08-15,Bitcoin,178691691521.0,26620934498.0,10016.22,10295.88
2019-08-14,Bitcoin,194716791550.0,22886684528.0,10903.65,10016.22
2019-08-13,Bitcoin,203438784511.0,19933740546.0,11381.24,10903.65
2019-08-12,Bitcoin,206323428608.0,23042219585.0,11550.0,11381.24
2019-08-11,Bitcoin,202567916483.0,24949094387.0,11327.84,11550.0
2019-08-10,Bitcoin,211775940827.0,26240065035.0,11852.56,11327.84
2019-08-09,Bitcoin,214023992148.0,26678574728.0,12024.33,11852.56
2019-08-08,Bitcoin,213446022649.0,30083670252.0,11970.66,12024.33
2019-08-07,Bitcoin,204493918414.0,31588470768.0,11510.16,11970.66
2019-08-06,Bitcoin,210831100252.0,30944497414.0,11818.53,11510.16
2019-08-05,Bitcoin,195575205442.0,23160251365.0,10951.59,11818.53
2019-08-04,Bitcoin,192658484290.0,22296222953.0,10791.2,10951.59
2019-08-03,Bitcoin,187993708173.0,24128945575.0,10529.17,10791.2
2019-08-02,Bitcoin,185025579625.0,23668036460.0,10361.31,10529.17
2019-08-01,Bitcoin,179525433372.0,22957330876.0,10063.0,10361.31
2019-07-31,Bitcoin,170790961771.0,20138691741.0,9568.44,10063.0
2019-07-30,Bitcoin,169247002246.0,18424113910.0,9510.59,9568.44
2019-07-29,Bitcoin,170325673262.0,18649152593.0,9534.76,9510.59
2019-07-28,Bitcoin,168472890624.0,21257664351.0,9447.68,9534.76
2019-07-27,Bitcoin,175634298897.0,19942172081.0,9846.0,9447.68
2019-07-26,Bitcoin,176569486288.0,21622492404.0,9878.23,9846.0
2019-07-25,Bitcoin,175298806838.0,33861034799.0,9799.31,9878.23
2019-07-24,Bitcoin,177060329754.0,22986552398.0,9936.38,9799.31
2019-07-23,Bitcoin,184582963699.0,21903683695.0,10343.32,9936.38
2019-07-22,Bitcoin,189302289398.0,22814710058.0,10607.46,10343.32
2019-07-21,Bitcoin,190839615019.0,26163874235.0,10774.28,10607.46
2019-07-20,Bitcoin,187718958961.0,28858600368.0,10536.57,10774.28
2019-07-19,Bitcoin,189588944050.0,34034952895.0,10636.16,10536.57
2019-07-18,Bitcoin,172236725014.0,33328381505.0,9657.3,10636.16
2019-07-17,Bitcoin,170100385848.0,34409824869.0,9538.83,9657.3
2019-07-16,Bitcoin,195225460386.0,37553147017.0,10911.35,9538.83
2019-07-15,Bitcoin,183265698057.0,29857566851.0,10285.46,10911.35
2019-07-14,Bitcoin,202979011731.0,28485045772.0,11418.51,10285.46
2019-07-13,Bitcoin,210058300504.0,30078548880.0,11804.56,11418.51
2019-07-12,Bitcoin,202244103401.0,37061858273.0,11385.06,11804.56
2019-07-11,Bitcoin,216918064310.0,42163626088.0,12166.4,11385.06
2019-07-10,Bitcoin,223082925043.0,35885342263.0,12544.17,12166.4
2019-07-09,Bitcoin,217909027168.0,30917398836.0,12260.28,12544.17
2019-07-08,Bitcoin,203441013270.0,25828700447.0,11436.43,12260.28
2019-07-07,Bitcoin,200989208003.0,28013279881.0,11279.48,11436.43
2019-07-06,Bitcoin,195514947598.0,31349147297.0,10987.25,11279.48
2019-07-05,Bitcoin,199869428147.0,32487315000.0,11229.61,10987.25
2019-07-04,Bitcoin,213139916542.0,39944515602.0,11975.64,11229.61
2019-07-03,Bitcoin,191741802294.0,39264695559.0,10822.76,11975.64
2019-07-02,Bitcoin,189075622551.0,37463414437.0,10639.05,10822.76
2019-07-01,Bitcoin,193705059814.0,34920211165.0,10888.1,10639.05
2019-06-30,Bitcoin,213020899675.0,37724824507.0,11972.56,10888.1
2019-06-29,Bitcoin,219700496726.0,44872003181.0,12352.2,11972.56
2019-06-28,Bitcoin,198805331512.0,49628524363.0,11178.68,12352.2
2019-06-27,Bitcoin,231104555835.0,56948964491.0,12996.12,11178.68
2019-06-26,Bitcoin,209906767119.0,33544426408.0,11808.42,12996.12
2019-06-25,Bitcoin,196224565119.0,27529761441.0,11045.55,11808.42
2019-06-24,Bitcoin,193006026351.0,29108428088.0,10846.13,11045.55
2019-06-23,Bitcoin,190271555704.0,40190146697.0,10704.92,10846.13
2019-06-22,Bitcoin,179686819951.0,28580960083.0,10118.36,10704.92
2019-06-21,Bitcoin,169961289185.0,24707058599.0,9548.31,10118.36
2019-06-20,Bitcoin,164856060873.0,22298101529.0,9285.93,9548.31
2019-06-19,Bitcoin,161689176435.0,25029522787.0,9094.02,9285.93
2019-06-18,Bitcoin,165478791606.0,27464356714.0,9312.87,9094.02
2019-06-17,Bitcoin,159990740760.0,27305637341.0,8978.77,9312.87
2019-06-16,Bitcoin,156571955413.0,21892878337.0,8818.61,8978.77
2019-06-15,Bitcoin,154448670611.0,23291543613.0,8671.51,8818.61
2019-06-14,Bitcoin,145982200974.0,22919390184.0,8227.63,8671.51
2019-06-13,Bitcoin,144409895372.0,22181532883.0,8145.06,8227.63
2019-06-12,Bitcoin,140220553938.0,21017248550.0,7897.98,8145.06
2019-06-11,Bitcoin,141925422733.0,21741587788.0,8002.73,7897.98
2019-06-10,Bitcoin,136055336062.0,20152037018.0,7668.03,8002.73
2019-06-09,Bitcoin,140990840428.0,19829877311.0,7942.54,7668.03
2019-06-08,Bitcoin,142810130543.0,23629265497.0,8036.11,7942.54
2019-06-07,Bitcoin,138816674701.0,24560046378.0,7821.12,8036.11
2019-06-06,Bitcoin,138590833268.0,24641673547.0,7812.45,7821.12
2019-06-05,Bitcoin,136045887610.0,25442100900.0,7683.64,7812.45
2019-06-04,Bitcoin,145118113642.0,24486741553.0,8173.63,7683.64
2019-06-03,Bitcoin,155008799790.0,25133975363.0,8743.71,8173.63
2019-06-02,Bitcoin,151754429106.0,26683797990.0,8554.26,8743.71
2019-06-01,Bitcoin,152037344606.0,30329343189.0,8575.65,8554.26
2019-05-31,Bitcoin,147528939419.0,33295240431.0,8310.89,8575.65
2019-05-30,Bitcoin,153190671230.0,28214892247.0,8650.68,8310.89
2019-05-29,Bitcoin,154706420285.0,27335990651.0,8726.98,8650.68
2019-05-28,Bitcoin,156351517829.0,33136840741.0,8816.03,8726.98
2019-05-27,Bitcoin,152778982388.0,29224396883.0,8631.08,8816.03
2019-05-26,Bitcoin,142301375409.0,23978335158.0,8037.63,8631.08
2019-05-25,Bitcoin,141356836449.0,27368459147.0,7977.24,8037.63
2019-05-24,Bitcoin,139495233992.0,25345060243.0,7861.81,7977.24
2019-05-23,Bitcoin,135913068221.0,24589881451.0,7665.8,7861.81
2019-05-22,Bitcoin,141016653223.0,25314342979.0,7958.37,7665.8
2019-05-21,Bitcoin,141109768386.0,28621475468.0,7976.85,7958.37
2019-05-20,Bitcoin,144597541605.0,30747684364.0,8168.73,7976.85
2019-05-19,Bitcoin,129270047520.0,22478772524.0,7300.66,8168.73
2019-05-18,Bitcoin,130123159718.0,33030146386.0,7343.37,7300.66
2019-05-17,Bitcoin,139525363820.0,35026947534.0,7875.91,7343.37
2019-05-16,Bitcoin,144615566025.0,30893707828.0,8192.22,7875.91
2019-05-15,Bitcoin,141341132029.0,35426123185.0,7990.06,8192.22
2019-05-14,Bitcoin,138089773338.0,32078035931.0,7805.98,7990.06
2019-05-13,Bitcoin,122826926577.0,31545333637.0,6953.75,7805.98
2019-05-12,Bitcoin,129323693413.0,32480039430.0,7258.26,6953.75
2019-05-11,Bitcoin,112684642519.0,20801839693.0,6370.23,7258.26
2019-05-10,Bitcoin,109284325643.0,18401396126.0,6168.27,6370.23
2019-05-09,Bitcoin,105271848240.0,16672412472.0,5957.86,6168.27
2019-05-08,Bitcoin,103982497546.0,19408267639.0,5841.05,5957.86
2019-05-07,Bitcoin,101101531131.0,16811224132.0,5715.76,5841.05
2019-05-06,Bitcoin,101764683179.0,16184057012.0,5749.32,5715.76
2019-05-05,Bitcoin,102653043813.0,19242843060.0,5803.94,5749.32
2019-05-04,Bitcoin,101175865117.0,20006287572.0,5731.49,5803.94
2019-05-03,Bitcoin,96389607752.0,16512618031.0,5450.71,5731.49
2019-05-02,Bitcoin,94579889910.0,14566414700.0,5354.59,5450.71
2019-05-01,Bitcoin,93534079556.0,16794865767.0,5292.8,5354.59
2019-04-30,Bitcoin,91885324030.0,15442022887.0,5199.76,5292.8
2019-04-29,Bitcoin,92775167509.0,15573084969.0,5257.8,5199.76
2019-04-28,Bitcoin,93148101240.0,14876251954.0,5256.98,5257.8
2019-04-27,Bitcoin,93049690718.0,19632024918.0,5295.85,5256.98
2019-04-26,Bitcoin,91817406864.0,19329534424.0,5203.09,5295.85
2019-04-25,Bitcoin,96218396013.0,20538511242.0,5452.1,5203.09
2019-04-24,Bitcoin,98039931169.0,19400647820.0,5557.93,5452.1
2019-04-23,Bitcoin,94990455843.0,17199396917.0,5380.94,5557.93
2019-04-22,Bitcoin,93759009855.0,16383813162.0,5311.16,5380.94
2019-04-21,Bitcoin,93900276129.0,14990889922.0,5307.69,5311.16
2019-04-20,Bitcoin,93210585887.0,16257796674.0,5280.35,5307.69
2019-04-19,Bitcoin,93215173177.0,15343841014.0,5274.77,5280.35
2019-04-18,Bitcoin,92156851199.0,14530488676.0,5218.96,5274.77
2019-04-17,Bitcoin,91835875598.0,13646324290.0,5213.6,5218.96
2019-04-16,Bitcoin,89148028192.0,13837248985.0,5039.88,5213.6
2019-04-15,Bitcoin,90952758268.0,12373544681.0,5149.31,5039.88
2019-04-14,Bitcoin,89473995794.0,12260233701.0,5072.99,5149.31
2019-04-13,Bitcoin,89668931908.0,15595642634.0,5082.47,5072.99
2019-04-12,Bitcoin,89079171480.0,19758274668.0,5047.79,5082.47
2019-04-11,Bitcoin,93646653914.0,19407452727.0,5308.91,5047.79
2019-04-10,Bitcoin,91255525158.0,15780870293.0,5172.18,5308.91
2019-04-09,Bitcoin,92817357385.0,21960916923.0,5266.89,5172.18
2019-04-08,Bitcoin,91102196906.0,22875598540.0,5176.98,5266.89
2019-04-07,Bitcoin,88955701285.0,19652913084.0,5041.87,5176.98
2019-04-06,Bitcoin,88332459638.0,20072621554.0,5014.96,5041.87
2019-04-05,Bitcoin,86482892583.0,23773239681.0,4899.02,5014.96
2019-04-04,Bitcoin,87673795384.0,27840300619.0,4955.83,4899.02
2019-04-03,Bitcoin,86200568433.0,24241877355.0,4862.23,4955.83
2019-04-02,Bitcoin,73066822742.0,12393581267.0,4146.32,4862.23
2019-04-01,Bitcoin,72310769858.0,9729996888.0,4103.52,4146.32
2019-03-31,Bitcoin,72305792937.0,13007834060.0,4103.86,4103.52
2019-03-30,Bitcoin,72303023146.0,16340416942.0,4103.32,4103.86
2019-03-29,Bitcoin,70961529493.0,15160882531.0,4028.39,4103.32
2019-03-28,Bitcoin,71134892682.0,16215886403.0,4036.16,4028.39
2019-03-27,Bitcoin,69368692535.0,19375985748.0,3938.66,4036.16
2019-03-26,Bitcoin,69206266249.0,10661215003.0,3927.58,3938.66
2019-03-25,Bitcoin,70330401860.0,9883972401.0,3993.39,3927.58
2019-03-24,Bitcoin,70485598084.0,9206940725.0,4008.95,3993.39
2019-03-23,Bitcoin,70227188529.0,9404569963.0,3989.16,4008.95
2019-03-22,Bitcoin,70175421257.0,9845582434.0,3983.32,3989.16
2019-03-21,Bitcoin,71208656537.0,9137227916.0,4045.57,3983.32
2019-03-20,Bitcoin,70618508802.0,7503839511.0,4013.58,4045.57
2019-03-19,Bitcoin,70152235369.0,7639543945.0,3986.71,4013.58
2019-03-18,Bitcoin,70051219293.0,6533306537.0,3980.99,3986.71
2019-03-17,Bitcoin,70497099778.0,8463266885.0,4007.71,3980.99
2019-03-16,Bitcoin,69031558676.0,8157372615.0,3925.46,4007.71
2019-03-15,Bitcoin,68177693410.0,8610482287.0,3876.7,3925.46
2019-03-14,Bitcoin,67968370344.0,7240802847.0,3865.82,3876.7
2019-03-13,Bitcoin,68203157396.0,8326845841.0,3876.48,3865.82
2019-03-12,Bitcoin,67983966610.0,6459945402.0,3860.36,3876.48
2019-03-11,Bitcoin,68962957216.0,8576340544.0,3923.56,3860.36
2019-03-10,Bitcoin,69292799411.0,8968209822.0,3941.6,3923.56
2019-03-09,Bitcoin,67914021946.0,9387592412.0,3861.88,3941.6
2019-03-08,Bitcoin,68020879276.0,6098011810.0,3871.64,3861.88
2019-03-07,Bitcoin,67888909504.0,8477459044.0,3860.51,3871.64
2019-03-06,Bitcoin,67733767403.0,9088065055.0,3852.46,3860.51
2019-03-05,Bitcoin,65238057882.0,3608196681.0,3712.81,3852.46
2019-03-04,Bitcoin,66885712070.0,6749676087.0,3806.95,3712.81
2019-03-03,Bitcoin,67101767699.0,3291046239.0,3819.65,3806.95
2019-03-02,Bitcoin,67085713234.0,5524886886.0,3815.75,3819.65
2019-03-01,Bitcoin,67016664287.0,7627783001.0,3815.61,3815.75
2019-02-28,Bitcoin,67155912259.0,7731184276.0,3813.38,3815.61
2019-02-27,Bitcoin,66890485485.0,2992667601.0,3809.21,3813.38
2019-02-26,Bitcoin,67154603800.0,9049456994.0,3824.68,3809.21
2019-02-25,Bitcoin,66108588220.0,11112465191.0,3742.87,3824.68
2019-02-24,Bitcoin,72266544792.0,8493566415.0,4115.34,3742.87
2019-02-23,Bitcoin,69748877117.0,5999302846.0,3973.64,4115.34
2019-02-22,Bitcoin,69059468753.0,6838246918.0,3934.81,3973.64
2019-02-21,Bitcoin,69790459106.0,6377580055.0,3976.81,3934.81
2019-02-20,Bitcoin,68719418872.0,5969708630.0,3915.01,3976.81
2019-02-19,Bitcoin,68147457623.0,9588927259.0,3886.52,3915.01
2019-02-18,Bitcoin,64383522064.0,4945386865.0,3665.08,3886.52
2019-02-17,Bitcoin,63547140519.0,4019925055.0,3622.59,3665.08
2019-02-16,Bitcoin,63165603232.0,4506367417.0,3601.23,3622.59
2019-02-15,Bitcoin,62991824524.0,11971659893.0,3589.66,3601.23
2019-02-14,Bitcoin,63267872021.0,5635612273.0,3610.06,3589.66
2019-02-13,Bitcoin,63712841387.0,5532706262.0,3633.97,3610.06
2019-02-12,Bitcoin,63670312531.0,5446022476.0,3631.44,3633.97
2019-02-11,Bitcoin,64439836442.0,5081021130.0,3675.69,3631.44
2019-02-10,Bitcoin,64286029202.0,4883557857.0,3667.41,3675.69
2019-02-09,Bitcoin,64226481382.0,6293135761.0,3664.28,3667.41
2019-02-08,Bitcoin,59482397753.0,3297274818.0,3394.01,3664.28
2019-02-07,Bitcoin,59682137962.0,4211212356.0,3405.84,3394.01
2019-02-06,Bitcoin,60825168549.0,3653777872.0,3469.89,3405.84
2019-02-05,Bitcoin,60723961266.0,4454914649.0,3464.0,3469.89
2019-02-04,Bitcoin,60524138032.0,2375918195.0,3454.03,3464.0
2019-02-03,Bitcoin,61071179758.0,3310421844.0,3486.58,3454.03
2019-02-02,Bitcoin,60678990333.0,3765731026.0,3464.49,3486.58
2019-02-01,Bitcoin,60101226569.0,4330022381.0,3431.94,3464.49
2019-01-31,Bitcoin,60555372964.0,4973814467.0,3457.88,3431.94
2019-01-30,Bitcoin,59768195291.0,4865613085.0,3413.38,3457.88
2019-01-29,Bitcoin,60087154448.0,3445780458.0,3432.22,3413.38
2019-01-28,Bitcoin,62192208388.0,2882787007.0,3553.12,3432.22
2019-01-27,Bitcoin,62374968461.0,2548165746.0,3563.61,3553.12
2019-01-26,Bitcoin,62386316357.0,2582590473.0,3564.82,3563.61
2019-01-25,Bitcoin,62397665388.0,2514079888.0,3565.64,3564.82
2019-01-24,Bitcoin,62216525710.0,2663764215.0,3555.7,3565.64
2019-01-23,Bitcoin,62482350134.0,2718371972.0,3571.27,3555.7
2019-01-22,Bitcoin,61784404483.0,2561594565.0,3531.0,3571.27
2019-01-21,Bitcoin,61969431897.0,2940644469.0,3539.17,3531.0
2019-01-20,Bitcoin,64269861568.0,2766880413.0,3674.59,3539.17
2019-01-19,Bitcoin,62898826372.0,2649449860.0,3597.79,3674.59
2019-01-18,Bitcoin,63320099663.0,3049367561.0,3620.98,3597.79
2019-01-17,Bitcoin,62969304894.0,2753646524.0,3597.65,3620.98
2019-01-16,Bitcoin,62348810149.0,2953789408.0,3567.8,3597.65
2019-01-15,Bitcoin,63758350561.0,3101461658.0,3648.05,3567.8
2019-01-14,Bitcoin,61050348902.0,2675674830.0,3495.83,3648.05
2019-01-13,Bitcoin,62924488426.0,2456062890.0,3598.44,3495.83
2019-01-12,Bitcoin,63121578244.0,3263342033.0,3632.85,3598.44
2019-01-11,Bitcoin,63326376681.0,4144535970.0,3623.85,3632.85
2019-01-10,Bitcoin,69609283899.0,3230523441.0,3982.23,3623.85
2019-01-09,Bitcoin,69418693910.0,3482430798.0,3973.59,3982.23
2019-01-08,Bitcoin,69602133074.0,3360163853.0,3989.67,3973.59
2019-01-07,Bitcoin,70084169300.0,3435733236.0,4013.52,3989.67
2019-01-06,Bitcoin,66070973627.0,2763831884.0,3787.31,4013.52
2019-01-05,Bitcoin,66650769533.0,2950054796.0,3815.27,3787.31
2019-01-04,Bitcoin,65922288583.0,2261199755.0,3776.53,3815.27
2019-01-03,Bitcoin,67643304990.0,3263469039.0,3872.17,3776.53
2019-01-02,Bitcoin,66188448932.0,2689877851.0,3794.26,3872.17
2019-01-01,Bitcoin,64422635600.0,2991427568.0,3692.53,3794.26
2018-12-31,Bitcoin,66494185031.0,3109685385.0,3809.73,3692.53
2018-12-30,Bitcoin,66838758054.0,3031003209.0,3778.19,3809.73
2018-12-29,Bitcoin,67263083067.0,3561935969.0,3854.42,3778.19
2018-12-28,Bitcoin,62808667854.0,3386167814.0,3587.7,3854.42
2018-12-27,Bitcoin,65972460015.0,3568561116.0,3781.61,3587.7
2018-12-26,Bitcoin,65350104373.0,4189084247.0,3759.18,3781.61
2018-12-25,Bitcoin,70266326465.0,5022191528.0,4021.99,3759.18
2018-12-24,Bitcoin,68680118909.0,3514437243.0,3941.62,4021.99
2018-12-23,Bitcoin,68846085704.0,3568245608.0,3960.57,3941.62
2018-12-22,Bitcoin,67118181897.0,4813606169.0,3846.23,3960.57
2018-12-21,Bitcoin,70578857837.0,6126325233.0,4065.1,3846.23
2018-12-20,Bitcoin,64363548271.0,4721562504.0,3687.75,4065.1
2018-12-19,Bitcoin,63720433230.0,3898845062.0,3655.78,3687.75
2018-12-18,Bitcoin,61143447505.0,3421249875.0,3506.22,3655.78
2018-12-17,Bitcoin,56050483690.0,1972663570.0,3217.05,3506.22
2018-12-16,Bitcoin,56171263934.0,2103029920.0,3221.98,3217.05
2018-12-15,Bitcoin,55998515509.0,2663819605.0,3216.63,3221.98
2018-12-14,Bitcoin,57318285688.0,2620531733.0,3294.64,3216.63
2018-12-13,Bitcoin,59878323500.0,2552041790.0,3438.1,3294.64
2018-12-12,Bitcoin,58852767064.0,2720740077.0,3378.81,3438.1
2018-12-11,Bitcoin,59805353929.0,2614506143.0,3433.81,3378.81
2018-12-10,Bitcoin,61832986280.0,2938443354.0,3550.55,3433.81
2018-12-09,Bitcoin,59526617774.0,3430203804.0,3424.71,3550.55
2018-12-08,Bitcoin,59348913270.0,5243194484.0,3408.52,3424.71
2018-12-07,Bitcoin,60357918912.0,3672494312.0,3466.76,3466.76
2018-12-06,Bitcoin,65355774058.0,3020004368.0,3751.69,3466.76
2018-12-05,Bitcoin,68592152288.0,3255899965.0,3943.69,3751.69
2018-12-04,Bitcoin,67489136960.0,3128854933.0,3878.84,3943.69
2018-12-03,Bitcoin,71784475616.0,3242289556.0,4124.59,3878.84
2018-12-02,Bitcoin,73075855208.0,3183894471.0,4189.57,4124.59
2018-12-01,Bitcoin,69715049461.0,4007783473.0,4009.69,4189.57
2018-11-30,Bitcoin,74400715840.0,4313265392.0,4279.48,4009.69
2018-11-29,Bitcoin,74381953561.0,4973628808.0,4267.24,4279.48
2018-11-28,Bitcoin,66811830848.0,4050028039.0,3832.92,4267.24
2018-11-27,Bitcoin,66796155269.0,4652103084.0,3811.92,3832.92
2018-11-26,Bitcoin,70327984591.0,5226773378.0,4039.84,3811.92
2018-11-25,Bitcoin,67756132282.0,3115187178.0,3895.84,4039.84
2018-11-24,Bitcoin,76120308176.0,3520222576.0,4376.9,3895.84
2018-11-23,Bitcoin,75518575145.0,3055231903.0,4307.39,4376.9
2018-11-22,Bitcoin,80360705527.0,4321511764.0,4613.45,4307.39
2018-11-21,Bitcoin,76601948314.0,6314969584.0,4450.71,4613.45
2018-11-20,Bitcoin,85228342224.0,6126269575.0,4889.2,4450.71
2018-11-19,Bitcoin,98118875508.0,2422604401.0,5638.86,4889.2
2018-11-18,Bitcoin,97299989131.0,2525819291.0,5599.19,5638.86
2018-11-17,Bitcoin,97344067024.0,3236633357.0,5609.96,5599.19
2018-11-16,Bitcoin,98829079081.0,4981978553.0,5686.54,5609.96
2018-11-15,Bitcoin,100585460320.0,5690409837.0,5788.61,5686.54
2018-11-14,Bitcoin,111126759495.0,2890964719.0,6394.29,5788.61
2018-11-13,Bitcoin,111385885802.0,2651674691.0,6411.35,6394.29
2018-11-12,Bitcoin,111773252087.0,2943678894.0,6434.28,6411.35
2018-11-11,Bitcoin,111308110603.0,1672332108.0,6429.9,6434.28
2018-11-10,Bitcoin,111440702128.0,2707057000.0,6413.78,6429.9
2018-11-09,Bitcoin,112723294658.0,2402484611.0,6490.45,6413.78
2018-11-08,Bitcoin,113943582818.0,3120683821.0,6574.8,6490.45
2018-11-07,Bitcoin,112347500910.0,3408876944.0,6474.85,6574.8
2018-11-06,Bitcoin,111383003826.0,3213571991.0,6415.44,6474.85
2018-11-05,Bitcoin,110241536216.0,3198297932.0,6351.06,6415.44
2018-11-04,Bitcoin,110888814024.0,2582446887.0,6388.19,6351.06
2018-11-03,Bitcoin,111528929053.0,2675454291.0,6425.44,6388.19
2018-11-02,Bitcoin,110896563655.0,2922702484.0,6379.97,6425.44
2018-11-01,Bitcoin,110487418903.0,2042670545.0,6366.72,6379.97
2018-10-31,Bitcoin,109890575608.0,1962209614.0,6331.78,6366.72
2018-10-30,Bitcoin,109167179052.0,3631795693.0,6292.65,6331.78
2018-10-29,Bitcoin,112422008134.0,2065446089.0,6481.32,6292.65
2018-10-28,Bitcoin,111998326692.0,2383295891.0,6457.06,6481.32
2018-10-27,Bitcoin,112200801079.0,2698016931.0,6468.83,6457.06
2018-10-26,Bitcoin,112010056845.0,2618534041.0,6458.19,6468.83
2018-10-25,Bitcoin,112363064964.0,2607022302.0,6481.44,6458.19
2018-10-24,Bitcoin,112227883463.0,2784381147.0,6472.8,6481.44
2018-10-23,Bitcoin,112905904007.0,2655159955.0,6512.59,6472.8
2018-10-22,Bitcoin,113208108539.0,2127987153.0,6529.67,6512.59
2018-10-21,Bitcoin,113214078425.0,2387105749.0,6532.68,6529.67
2018-10-20,Bitcoin,112394945005.0,2652532022.0,6483.83,6532.68
2018-10-19,Bitcoin,112970698851.0,2625598931.0,6517.51,6483.83
2018-10-18,Bitcoin,114953321633.0,2820354466.0,6635.74,6517.51
2018-10-17,Bitcoin,114960968518.0,2746546151.0,6635.13,6635.74
2018-10-16,Bitcoin,115236573310.0,6217858944.0,6659.88,6635.13
2018-10-15,Bitcoin,109624316973.0,1847113724.0,6328.55,6659.88
2018-10-14,Bitcoin,109372673142.0,1851879465.0,6314.88,6328.55
2018-10-13,Bitcoin,108845285497.0,2295615181.0,6285.59,6314.88
2018-10-12,Bitcoin,108155761831.0,3581191343.0,6234.37,6285.59
2018-10-11,Bitcoin,113987017102.0,2070407902.0,6582.46,6234.37
2018-10-10,Bitcoin,114837789505.0,1741398467.0,6633.75,6582.46
2018-10-09,Bitcoin,115167647222.0,2081626437.0,6653.09,6633.75
2018-10-08,Bitcoin,113962679825.0,1499424737.0,6584.83,6653.09
2018-10-07,Bitcoin,114021329402.0,1464404366.0,6589.12,6584.83
2018-10-06,Bitcoin,114567814411.0,1840911130.0,6621.19,6589.12
2018-10-05,Bitcoin,113846158430.0,2059404665.0,6578.7,6621.19
2018-10-04,Bitcoin,112545036631.0,2247969611.0,6499.26,6578.7
2018-10-03,Bitcoin,112814709079.0,2035903501.0,6524.61,6499.26
2018-10-02,Bitcoin,114225251471.0,1893760873.0,6598.84,6524.61
2018-10-01,Bitcoin,114617564008.0,1908960743.0,6626.04,6598.84
2018-09-30,Bitcoin,114265552574.0,2294291064.0,6606.07,6626.04
2018-09-29,Bitcoin,114768551691.0,3140320712.0,6634.77,6606.07
2018-09-28,Bitcoin,115905890383.0,4690261095.0,6704.7,6634.77
2018-09-27,Bitcoin,111760801181.0,3788299697.0,6462.8,6704.7
2018-09-26,Bitcoin,111360852966.0,4580781824.0,6441.31,6462.8
2018-09-25,Bitcoin,114024650850.0,4626497702.0,6596.19,6441.31
2018-09-24,Bitcoin,116001860056.0,4322794079.0,6711.03,6596.19
2018-09-23,Bitcoin,116607568774.0,5159534299.0,6747.03,6711.03
2018-09-22,Bitcoin,116710823191.0,5931455400.0,6753.83,6747.03
2018-09-21,Bitcoin,112172960507.0,5059042420.0,6491.89,6753.83
2018-09-20,Bitcoin,110292032125.0,5380977505.0,6383.75,6491.89
2018-09-19,Bitcoin,109629673485.0,4472798160.0,6347.07,6383.75
2018-09-18,Bitcoin,107960190646.0,4600931272.0,6250.12,6347.07
2018-09-17,Bitcoin,112373562207.0,4715407407.0,6506.25,6250.12
2018-09-16,Bitcoin,112796085615.0,4295951324.0,6530.22,6506.25
2018-09-15,Bitcoin,112334356298.0,5350596522.0,6500.01,6530.22
2018-09-14,Bitcoin,112124461661.0,4987196752.0,6486.46,6500.01
2018-09-13,Bitcoin,109298582014.0,5026516733.0,6330.57,6486.46
2018-09-12,Bitcoin,108449181465.0,5001529025.0,6278.92,6330.57
2018-09-11,Bitcoin,108846231385.0,4504626594.0,6308.14,6278.92
2018-09-10,Bitcoin,108219061919.0,4174629548.0,6260.76,6308.14
2018-09-09,Bitcoin,106668555554.0,3851077568.0,6181.19,6260.76
2018-09-08,Bitcoin,110396118507.0,4422971842.0,6397.82,6181.19
2018-09-07,Bitcoin,112034863191.0,6558109771.0,6498.28,6397.82
2018-09-06,Bitcoin,116602093876.0,7036065651.0,6764.93,6498.28
2018-09-05,Bitcoin,126949626756.0,5344233220.0,7359.46,6764.93
2018-09-04,Bitcoin,125200923805.0,4511643010.0,7260.9,7359.46
2018-09-03,Bitcoin,125994361369.0,6640164155.0,7305.27,7260.9
2018-09-02,Bitcoin,124380655386.0,6257915214.0,7211.27,7305.27
2018-09-01,Bitcoin,121186316787.0,5959884321.0,7027.63,7211.27
2018-08-31,Bitcoin,121103237786.0,6587864491.0,7024.15,7027.63
2018-08-30,Bitcoin,121479639297.0,5976493149.0,7046.75,7024.15
2018-08-29,Bitcoin,121992306938.0,6246602892.0,7075.98,7046.75
2018-08-28,Bitcoin,118546009736.0,5444349729.0,6911.1,7075.98
2018-08-27,Bitcoin,115406552891.0,5215045899.0,6728.29,6911.1
2018-08-26,Bitcoin,116073397012.0,5280060348.0,6736.04,6728.29
2018-08-25,Bitcoin,115177527172.0,6913767388.0,6684.38,6736.04
2018-08-24,Bitcoin,112327439429.0,6096332849.0,6521.07,6684.38
2018-08-23,Bitcoin,109149076720.0,6759411528.0,6336.66,6521.07
2018-08-22,Bitcoin,111399689881.0,5658517103.0,6467.27,6336.66
2018-08-21,Bitcoin,107511643841.0,5578292471.0,6242.88,6467.27
2018-08-20,Bitcoin,111490970656.0,5160365103.0,6475.49,6242.88
2018-08-19,Bitcoin,109889851531.0,5616965846.0,6382.06,6475.49
2018-08-18,Bitcoin,113018605465.0,6206194159.0,6566.72,6382.06
2018-08-17,Bitcoin,108578823549.0,5982589407.0,6309.39,6566.72
2018-08-16,Bitcoin,107788817700.0,6619548180.0,6267.77,6309.39
2018-08-15,Bitcoin,106911788927.0,7179484727.0,6212.23,6267.77
2018-08-14,Bitcoin,108135868387.0,5381627198.0,6284.0,6212.23
2018-08-13,Bitcoin,108716328041.0,5507023282.0,6318.41,6284.0
2018-08-12,Bitcoin,106756980149.0,5708911347.0,6205.22,6318.41
2018-08-11,Bitcoin,106079149844.0,6731245061.0,6166.59,6205.22
2018-08-10,Bitcoin,112337822894.0,5843796067.0,6531.25,6166.59
2018-08-09,Bitcoin,107652609456.0,6834119515.0,6259.53,6531.25
2018-08-08,Bitcoin,115416628668.0,6729676124.0,6711.73,6259.53
2018-08-07,Bitcoin,119089729729.0,6927841832.0,6926.12,6711.73
2018-08-06,Bitcoin,120977961419.0,5989412029.0,7036.61,6926.12
2018-08-05,Bitcoin,120489906899.0,5952900998.0,7009.01,7036.61
2018-08-04,Bitcoin,127395242324.0,5580835718.0,7411.67,7009.01
2018-08-03,Bitcoin,129596337580.0,6834800615.0,7540.63,7411.67
2018-08-02,Bitcoin,130813483342.0,11591125727.0,7612.3,7540.63
2018-08-01,Bitcoin,132963528816.0,4675498855.0,7738.25,7612.3
2018-07-31,Bitcoin,140640772124.0,3497813385.0,8185.92,7738.25
2018-07-30,Bitcoin,140827378169.0,2598593362.0,8197.59,8185.92
2018-07-29,Bitcoin,140716208460.0,3659115451.0,8192.14,8197.59
2018-07-28,Bitcoin,139897416706.0,3624913498.0,8145.33,8192.14
2018-07-27,Bitcoin,136166569453.0,3429994450.0,7929.08,8145.33
2018-07-26,Bitcoin,139850429189.0,4086880124.0,8144.55,7929.08
2018-07-25,Bitcoin,144602365043.0,5592076818.0,8422.37,8144.55
2018-07-24,Bitcoin,132270404905.0,6202101798.0,7705.0,8422.37
2018-07-23,Bitcoin,126948286633.0,5717881946.0,7395.87,7705.0
2018-07-22,Bitcoin,126644347499.0,2892881147.0,7379.14,7395.87
2018-07-21,Bitcoin,125820597539.0,3727831731.0,7331.87,7379.14
2018-07-20,Bitcoin,127709804700.0,4107857511.0,7442.8,7331.87
2018-07-19,Bitcoin,125840376647.0,4843025305.0,7334.77,7442.8
2018-07-18,Bitcoin,125285895739.0,6194130741.0,7303.37,7334.77
2018-07-17,Bitcoin,115637208433.0,4559363479.0,6741.69,7303.37
2018-07-16,Bitcoin,108903950780.0,2857367440.0,6349.7,6741.69
2018-07-15,Bitcoin,107117271574.0,3709146623.0,6246.14,6349.7
2018-07-14,Bitcoin,107145717585.0,3951261053.0,6248.4,6246.14
2018-07-13,Bitcoin,106829387990.0,3534743492.0,6230.59,6248.4
2018-07-12,Bitcoin,109263693477.0,3969169304.0,6373.23,6230.59
2018-07-11,Bitcoin,108055463517.0,4358427108.0,6303.38,6373.23
2018-07-10,Bitcoin,113955190215.0,5246420831.0,6648.26,6303.38
2018-07-09,Bitcoin,114841688928.0,5015170530.0,6700.64,6648.26
2018-07-08,Bitcoin,115842716194.0,6047929423.0,6759.84,6700.64
2018-07-07,Bitcoin,113147533992.0,4742128038.0,6603.29,6759.84
2018-07-06,Bitcoin,112011029363.0,3315114738.0,6537.74,6603.29
2018-07-05,Bitcoin,112427869580.0,3111969366.0,6562.72,6537.74
2018-07-04,Bitcoin,111301577387.0,3013786719.0,6497.61,6562.72
2018-07-03,Bitcoin,112969688595.0,3392521918.0,6595.55,6497.61
2018-07-02,Bitcoin,108116702995.0,2601785822.0,6312.88,6595.55
2018-07-01,Bitcoin,109023438456.0,2086842502.0,6366.5,6312.88
2018-06-30,Bitcoin,105857391287.0,2341618860.0,6182.26,6366.5
2018-06-29,Bitcoin,100670773792.0,1928320709.0,5879.99,6182.26
2018-06-28,Bitcoin,104717160923.0,2057221708.0,6117.04,5879.99
2018-06-27,Bitcoin,103900589096.0,3248018160.0,6069.87,6117.04
2018-06-26,Bitcoin,106832748620.0,4326984848.0,6241.85,6069.87
2018-06-25,Bitcoin,105415073017.0,2452039492.0,6159.71,6241.85
2018-06-24,Bitcoin,105568325741.0,1635692583.0,6169.44,6159.71
2018-06-23,Bitcoin,104172397755.0,2932411240.0,6088.58,6169.44
2018-06-22,Bitcoin,114463912846.0,1400178396.0,6690.83,6088.58
2018-06-21,Bitcoin,114852494306.0,1626421446.0,6714.38,6690.83
2018-06-20,Bitcoin,114742187734.0,1649449915.0,6708.68,6714.38
2018-06-19,Bitcoin,114196505243.0,1750367371.0,6677.53,6708.68
2018-06-18,Bitcoin,109759607021.0,1120785833.0,6418.85,6677.53
2018-06-17,Bitcoin,110772203148.0,1306649276.0,6478.82,6418.85
2018-06-16,Bitcoin,109527730085.0,1740752642.0,6406.81,6478.82
2018-06-15,Bitcoin,113582443266.0,2354179149.0,6644.72,6406.81
2018-06-14,Bitcoin,108260201574.0,2571112868.0,6334.1,6644.72
2018-06-13,Bitcoin,112482862605.0,2060764063.0,6581.83,6334.1
2018-06-12,Bitcoin,117568067797.0,1973448736.0,6880.13,6581.83
2018-06-11,Bitcoin,115631864818.0,2788497501.0,6767.5,6880.13
2018-06-10,Bitcoin,126683533783.0,1102262799.0,7415.0,6767.5
2018-06-09,Bitcoin,129167113171.0,1362045102.0,7561.17,7415.0
2018-06-08,Bitcoin,130052073723.0,1459894514.0,7613.78,7561.17
2018-06-07,Bitcoin,129898428226.0,1562705992.0,7605.58,7613.78
2018-06-06,Bitcoin,129259980382.0,1754013550.0,7569.01,7605.58
2018-06-05,Bitcoin,127444424301.0,1643488925.0,7463.65,7569.01
2018-06-04,Bitcoin,130436135449.0,1432775394.0,7639.88,7463.65
2018-06-03,Bitcoin,129185013358.0,1531230054.0,7567.51,7639.88
2018-06-02,Bitcoin,127797556818.0,1637953743.0,7487.08,7567.51
2018-06-01,Bitcoin,127322669333.0,1714862985.0,7460.17,7487.08
2018-05-31,Bitcoin,125953862790.0,1772428208.0,7380.85,7460.17
2018-05-30,Bitcoin,127138205822.0,2224251684.0,7451.23,7380.85
2018-05-29,Bitcoin,121322210033.0,1770692328.0,7111.07,7451.23
2018-05-28,Bitcoin,124985768474.0,1247227035.0,7326.64,7111.07
2018-05-27,Bitcoin,125008468874.0,1289488237.0,7328.87,7326.64
2018-05-26,Bitcoin,127435061536.0,1959178260.0,7472.02,7328.87
2018-05-25,Bitcoin,128977752305.0,2602938657.0,7563.44,7472.02
2018-05-24,Bitcoin,128842835524.0,2777184893.0,7556.32,7563.44
2018-05-23,Bitcoin,136550347059.0,1895031387.0,8009.3,7556.32
2018-05-22,Bitcoin,142427831413.0,1711697912.0,8355.0,8009.3
2018-05-21,Bitcoin,143916527618.0,1660868681.0,8443.26,8355.0
2018-05-20,Bitcoin,139424471287.0,1672351903.0,8180.63,8443.26
2018-05-19,Bitcoin,139787112156.0,2127912775.0,8202.83,8180.63
2018-05-18,Bitcoin,137271416445.0,2173653717.0,8056.05,8202.83
2018-05-17,Bitcoin,142149224754.0,2772906142.0,8343.13,8056.05
2018-05-16,Bitcoin,144348790080.0,2586241490.0,8473.35,8343.13
2018-05-15,Bitcoin,148142733212.0,3143239504.0,8696.97,8473.35
2018-05-14,Bitcoin,147906738510.0,2283320840.0,8683.99,8696.97
2018-05-13,Bitcoin,144426929746.0,2995955137.0,8480.58,8683.99
2018-05-12,Bitcoin,143131877389.0,3726075355.0,8405.56,8480.58
2018-05-11,Bitcoin,152728483796.0,2359598426.0,8969.94,8405.56
2018-05-10,Bitcoin,157460887034.0,2363841215.0,9248.96,8969.94
2018-05-09,Bitcoin,155749835750.0,2455200522.0,9149.52,9248.96
2018-05-08,Bitcoin,158435513590.0,2767085706.0,9308.27,9149.52
2018-05-07,Bitcoin,163109111221.0,2626417557.0,9583.87,9308.27
2018-05-06,Bitcoin,166195961946.0,2617990804.0,9766.24,9583.87
2018-05-05,Bitcoin,163935762594.0,2695999384.0,9634.54,9766.24
2018-05-04,Bitcoin,162498830620.0,1228125378.0,9551.14,9634.54
2018-05-03,Bitcoin,155192629946.0,2179558786.0,9122.65,9551.14
2018-05-02,Bitcoin,153504488649.0,2661071473.0,9024.39,9122.65
2018-05-01,Bitcoin,156443377473.0,2508704421.0,9198.19,9024.39
2018-04-30,Bitcoin,158592809945.0,2827554754.0,9325.63,9198.19
2018-04-29,Bitcoin,157282709009.0,3006508148.0,9249.66,9325.63
2018-04-28,Bitcoin,152009053536.0,2839339949.0,8940.38,9249.66
2018-04-27,Bitcoin,156779014055.0,3847600030.0,9221.87,8940.38
2018-04-26,Bitcoin,150020058559.0,5523433548.0,8825.2,9221.87
2018-04-25,Bitcoin,165155791738.0,4398198651.0,9716.49,8825.2
2018-04-24,Bitcoin,150943914746.0,2205498227.0,8881.39,9716.49
2018-04-23,Bitcoin,149017082314.0,2503340750.0,8769.01,8881.39
2018-04-22,Bitcoin,150858701628.0,3214807963.0,8878.43,8769.01
2018-04-21,Bitcoin,144401932889.0,2961030105.0,8499.45,8878.43
2018-04-20,Bitcoin,140616565985.0,2422027692.0,8277.46,8499.45
2018-04-19,Bitcoin,137539507140.0,2326968646.0,8097.42,8277.46
2018-04-18,Bitcoin,133722872890.0,2491337660.0,7873.64,8097.42
2018-04-17,Bitcoin,136379313439.0,2754142166.0,8031.0,7873.64
2018-04-16,Bitcoin,140220533919.0,2350690711.0,8258.07,8031.0
2018-04-15,Bitcoin,134086501771.0,2294693915.0,7897.72,8258.07
2018-04-14,Bitcoin,133189892501.0,3910297535.0,7845.75,7897.72
2018-04-13,Bitcoin,133015394396.0,4980342880.0,7836.4,7845.75
2018-04-12,Bitcoin,117533696705.0,1586992258.0,6925.1,7836.4
2018-04-11,Bitcoin,115885988821.0,1550558592.0,6829.32,6925.1
2018-04-10,Bitcoin,115017783886.0,2437632634.0,6778.49,6829.32
2018-04-09,Bitcoin,118505840499.0,1413593787.0,6984.81,6778.49
2018-04-08,Bitcoin,116789559213.0,1856418406.0,6884.48,6984.81
2018-04-07,Bitcoin,112436767361.0,1840465006.0,6628.75,6884.48
2018-04-06,Bitcoin,116269847527.0,2568972346.0,6855.42,6628.75
2018-04-05,Bitcoin,116084750821.0,2544238382.0,6845.32,6855.42
2018-04-04,Bitcoin,126568883855.0,2762080503.0,7464.36,6845.32
2018-04-03,Bitcoin,120044225924.0,2253363912.0,7080.42,7464.36
2018-04-02,Bitcoin,115896903503.0,2649647152.0,6836.57,7080.42
2018-04-01,Bitcoin,118234055447.0,2565052340.0,6975.28,6836.57
2018-03-31,Bitcoin,116900853303.0,4264255595.0,6897.27,6975.28
2018-03-30,Bitcoin,120777974800.0,3680239216.0,7126.9,6897.27
2018-03-29,Bitcoin,134386559682.0,2033730317.0,7930.78,7126.9
2018-03-28,Bitcoin,132779843611.0,2653185409.0,7836.76,7930.78
2018-03-27,Bitcoin,138684803359.0,2972024163.0,8186.2,7836.76
2018-03-26,Bitcoin,143623891714.0,2066020545.0,8478.64,8186.2
2018-03-25,Bitcoin,146022681303.0,2444371384.0,8621.15,8478.64
2018-03-24,Bitcoin,149451318666.0,2877067842.0,8824.59,8621.15
2018-03-23,Bitcoin,147943048662.0,2931676660.0,8736.39,8824.59
2018-03-22,Bitcoin,151888445786.0,3081152046.0,8970.32,8736.39
2018-03-21,Bitcoin,151135311240.0,3554700592.0,8926.82,8970.32
2018-03-20,Bitcoin,146274523240.0,4276409100.0,8640.52,8926.82
2018-03-19,Bitcoin,139102798581.0,4330642348.0,8217.84,8640.52
2018-03-18,Bitcoin,136472702737.0,2591898944.0,8063.41,8217.84
2018-03-17,Bitcoin,144184737078.0,3070872383.0,8520.01,8063.41
2018-03-16,Bitcoin,141449655896.0,4571407140.0,8359.37,8520.01
2018-03-15,Bitcoin,140553335048.0,4020163253.0,8307.22,8359.37
2018-03-14,Bitcoin,155921695042.0,3628990704.0,9216.53,8307.22
2018-03-13,Bitcoin,156177221216.0,4019736167.0,9232.71,9216.53
2018-03-12,Bitcoin,160888688653.0,3876612722.0,9512.46,9232.71
2018-03-11,Bitcoin,150359761908.0,3260891796.0,8890.87,9512.46
2018-03-10,Bitcoin,156862284243.0,5476476289.0,9276.34,8890.87
2018-03-09,Bitcoin,159289105130.0,4028135944.0,9420.85,9276.34
2018-03-08,Bitcoin,169056252058.0,4896773758.0,9999.68,9420.85
2018-03-07,Bitcoin,181342656441.0,3618749299.0,10727.72,9999.68
2018-03-06,Bitcoin,194821583687.0,2693945511.0,11526.42,10727.72
2018-03-05,Bitcoin,190747933123.0,2580256309.0,11286.68,11526.42
2018-03-04,Bitcoin,191899353575.0,3019436740.0,11356.04,11286.68
2018-03-03,Bitcoin,187514886761.0,3031487197.0,11098.08,11356.04
2018-03-02,Bitcoin,183463718171.0,2892166041.0,10859.55,11098.08
2018-03-01,Bitcoin,174778709348.0,3182259829.0,10346.66,10859.55
2018-02-28,Bitcoin,180884108725.0,3398119467.0,10709.39,10346.66
2018-02-27,Bitcoin,174886939893.0,3646748812.0,10355.58,10709.39
2018-02-26,Bitcoin,163790896886.0,2743650278.0,9699.52,10355.58
2018-02-25,Bitcoin,164497574061.0,3465387502.0,9742.63,9699.52
2018-02-24,Bitcoin,173922837770.0,4009462976.0,10301.88,9742.63
2018-02-23,Bitcoin,169362253983.0,4626064156.0,10032.86,10301.88
2018-02-22,Bitcoin,168362084194.0,4574800113.0,9973.59,10032.86
2018-02-21,Bitcoin,194121879194.0,4225354045.0,11502.38,9973.59
2018-02-20,Bitcoin,187364222443.0,3486171705.0,11103.09,11502.38
2018-02-19,Bitcoin,177561296505.0,4740378627.0,10523.43,11103.09
2018-02-18,Bitcoin,185692327611.0,3699819140.0,11006.65,10523.43
2018-02-17,Bitcoin,171309236631.0,3141038601.0,10155.28,11006.65
2018-02-16,Bitcoin,170569769074.0,4332356646.0,10112.58,10155.28
2018-02-15,Bitcoin,159007423075.0,3282094241.0,9428.03,10112.58
2018-02-14,Bitcoin,143645913956.0,2551515988.0,8518.27,9428.03
2018-02-13,Bitcoin,150256428070.0,3069219871.0,8911.4,8518.27
2018-02-12,Bitcoin,137716289625.0,2806997177.0,8168.64,8911.4
2018-02-11,Bitcoin,144544944417.0,3371677738.0,8574.68,8168.64
2018-02-10,Bitcoin,145812043728.0,2960039949.0,8650.72,8574.68
2018-02-09,Bitcoin,138345016555.0,3190753947.0,8208.57,8650.72
2018-02-08,Bitcoin,128271617562.0,4862232217.0,7611.61,8208.57
2018-02-07,Bitcoin,129936854004.0,9152685413.0,7711.22,7611.61
2018-02-06,Bitcoin,115444836533.0,5313588643.0,6852.05,7711.22
2018-02-05,Bitcoin,140081544557.0,3337096341.0,8315.52,6852.05
2018-02-04,Bitcoin,151507305723.0,3422042095.0,8994.91,8315.52
2018-02-03,Bitcoin,148715185541.0,6813550017.0,8830.16,8994.91
2018-02-02,Bitcoin,152744180864.0,4769515274.0,9070.56,8830.16
2018-02-01,Bitcoin,170304196700.0,3225562145.0,10114.5,9070.56
2018-01-31,Bitcoin,168188285151.0,3804947187.0,9989.69,10114.5
2018-01-30,Bitcoin,186776632503.0,2321424680.0,11095.21,9989.69
2018-01-29,Bitcoin,187828526722.0,2345235501.0,11157.66,11095.21
2018-01-28,Bitcoin,196359635509.0,2682886341.0,11665.7,11157.66
2018-01-27,Bitcoin,192805209257.0,2894314081.0,11456.21,11665.7
2018-01-26,Bitcoin,185867144988.0,4616389063.0,11044.91,11456.21
2018-01-25,Bitcoin,188880475665.0,3204496193.0,11225.25,11044.91
2018-01-24,Bitcoin,189730563331.0,3582338296.0,11277.12,11225.25
2018-01-23,Bitcoin,183260375708.0,4779406611.0,10894.0,11277.12
2018-01-22,Bitcoin,184878210439.0,5012581424.0,10991.6,10894.0
2018-01-21,Bitcoin,196828374433.0,4319501969.0,11703.5,10991.6
2018-01-20,Bitcoin,222978421656.0,4520485016.0,13260.27,11703.5
2018-01-19,Bitcoin,197698672433.0,4208563477.0,11758.47,13260.27
2018-01-18,Bitcoin,194496634731.0,6558304864.0,11569.42,11758.47
2018-01-17,Bitcoin,191882616843.0,10225958521.0,11415.39,11569.42
2018-01-16,Bitcoin,197043955229.0,9677283153.0,11723.91,11415.39
2018-01-15,Bitcoin,242193794409.0,3222958351.0,14412.0,11723.91
2018-01-14,Bitcoin,243252295974.0,3336056551.0,14476.59,14412.0
2018-01-13,Bitcoin,255265724751.0,3134247725.0,15193.31,14476.59
2018-01-12,Bitcoin,247945818276.0,4021952803.0,14759.29,15193.31
2018-01-11,Bitcoin,236008991342.0,5833888113.0,14050.57,14759.29
2018-01-10,Bitcoin,260474112842.0,4969472883.0,15509.27,14050.57
2018-01-09,Bitcoin,262044268423.0,4214092202.0,15604.72,15509.27
2018-01-08,Bitcoin,266976271423.0,5752981090.0,15900.37,15604.72
2018-01-07,Bitcoin,286074127681.0,3044989247.0,17039.87,15900.37
2018-01-06,Bitcoin,307926110570.0,4240919831.0,18343.66,17039.87
2018-01-05,Bitcoin,307774011688.0,6275687596.0,18336.92,18343.66
2018-01-04,Bitcoin,268124738815.0,4217387188.0,15976.37,18336.92
2018-01-03,Bitcoin,261505188676.0,3310355625.0,15583.89,15976.37
2018-01-02,Bitcoin,257079617265.0,4130217904.0,15321.93,15583.89
2018-01-01,Bitcoin,236440337972.0,2345478674.0,14093.61,15321.93
