date,interest_rate
2018-01-01,48.0
2018-01-02,60.0
2018-01-03,56.0
2018-01-04,54.0
2018-01-05,53.0
2018-01-06,50.0
2018-01-07,46.0
2018-01-08,53.0
2018-01-09,52.0
2018-01-10,52.0
2018-01-11,54.0
2018-01-12,49.0
2018-01-13,42.0
2018-01-14,39.0
2018-01-15,38.0
2018-01-16,74.0
2018-01-17,100.0
2018-01-18,74.0
2018-01-19,53.0
2018-01-20,42.0
2018-01-21,40.0
2018-01-22,48.0
2018-01-23,46.0
2018-01-24,43.0
2018-01-25,41.0
2018-01-26,43.0
2018-01-27,33.0
2018-01-28,31.0
2018-01-29,34.0
2018-01-30,38.0
2018-01-31,40.0
2018-02-01,49.0
2018-02-02,64.0
2018-02-03,45.0
2018-02-04,38.0
2018-02-05,63.0
2018-02-06,86.0
2018-02-07,54.0
2018-02-08,48.0
2018-02-09,40.0
2018-02-10,32.0
2018-02-11,29.0
2018-02-12,33.0
2018-02-13,31.0
2018-02-14,31.0
2018-02-15,33.0
2018-02-16,29.0
2018-02-17,28.0
2018-02-18,29.0
2018-02-19,26.0
2018-02-20,30.0
2018-02-21,29.0
2018-02-22,28.0
2018-02-23,25.0
2018-02-24,21.0
2018-02-25,21.0
2018-02-26,22.0
2018-02-27,23.0
2018-02-28,22.0
2018-03-01,21.0
2018-03-02,21.0
2018-03-03,19.0
2018-03-04,17.0
2018-03-05,20.0
2018-03-06,20.0
2018-03-07,23.0
2018-03-08,23.0
2018-03-09,25.0
2018-03-10,19.0
2018-03-11,19.0
2018-03-12,20.0
2018-03-13,20.0
2018-03-14,23.0
2018-03-15,26.0
2018-03-16,22.0
2018-03-17,19.0
2018-03-18,23.0
2018-03-19,22.0
2018-03-20,20.0
2018-03-21,21.0
2018-03-22,19.0
2018-03-23,18.0
2018-03-24,14.0
2018-03-25,16.0
2018-03-26,19.0
2018-03-27,20.0
2018-03-28,18.0
2018-03-29,20.0
2018-03-30,24.0
2018-03-31,20.0
2018-04-01,19.0
2018-04-02,20.445652173913043
2018-04-03,19.41304347826087
2018-04-04,16.72826086956522
2018-04-05,18.793478260869566
2018-04-06,20.65217391304348
2018-04-07,16.315217391304348
2018-04-08,14.869565217391305
2018-04-09,18.380434782608692
2018-04-10,17.76086956521739
2018-04-11,15.902173913043478
2018-04-12,19.206521739130437
2018-04-13,19.206521739130437
2018-04-14,15.076086956521738
2018-04-15,13.83695652173913
2018-04-16,15.48913043478261
2018-04-17,15.48913043478261
2018-04-18,15.695652173913045
2018-04-19,15.282608695652174
2018-04-20,14.869565217391305
2018-04-21,14.869565217391305
2018-04-22,14.869565217391305
2018-04-23,16.934782608695652
2018-04-24,19.41304347826087
2018-04-25,17.554347826086957
2018-04-26,15.695652173913045
2018-04-27,15.076086956521738
2018-04-28,12.391304347826088
2018-04-29,13.423913043478262
2018-04-30,14.043478260869565
2018-05-01,14.043478260869565
2018-05-02,13.217391304347826
2018-05-03,14.66304347826087
2018-05-04,14.25
2018-05-05,14.66304347826087
2018-05-06,13.423913043478262
2018-05-07,14.869565217391305
2018-05-08,13.423913043478262
2018-05-09,11.978260869565217
2018-05-10,13.217391304347826
2018-05-11,14.869565217391305
2018-05-12,12.597826086956522
2018-05-13,11.978260869565217
2018-05-14,13.630434782608695
2018-05-15,12.804347826086955
2018-05-16,13.217391304347826
2018-05-17,11.978260869565217
2018-05-18,11.978260869565217
2018-05-19,10.326086956521738
2018-05-20,9.91304347826087
2018-05-21,11.771739130434783
2018-05-22,11.978260869565217
2018-05-23,14.869565217391305
2018-05-24,14.043478260869565
2018-05-25,11.771739130434783
2018-05-26,10.326086956521738
2018-05-27,10.73913043478261
2018-05-28,12.184782608695652
2018-05-29,12.597826086956522
2018-05-30,11.978260869565217
2018-05-31,10.73913043478261
2018-06-01,10.73913043478261
2018-06-02,9.706521739130435
2018-06-03,10.326086956521738
2018-06-04,10.119565217391305
2018-06-05,11.358695652173914
2018-06-06,10.532608695652174
2018-06-07,10.326086956521738
2018-06-08,10.119565217391305
2018-06-09,8.880434782608695
2018-06-10,12.804347826086955
2018-06-11,16.52173913043478
2018-06-12,13.630434782608695
2018-06-13,15.282608695652174
2018-06-14,13.423913043478262
2018-06-15,11.565217391304348
2018-06-16,10.326086956521738
2018-06-17,9.08695652173913
2018-06-18,11.978260869565217
2018-06-19,11.358695652173914
2018-06-20,11.152173913043478
2018-06-21,9.91304347826087
2018-06-22,12.184782608695652
2018-06-23,11.152173913043478
2018-06-24,11.358695652173914
2018-06-25,11.978260869565217
2018-06-26,10.73913043478261
2018-06-27,10.119565217391305
2018-06-28,10.326086956521738
2018-06-29,13.83695652173913
2018-06-30,11.152173913043478
2018-07-01,9.414172783738
2018-07-02,11.586674195369849
2018-07-03,10.138339920948615
2018-07-04,10.572840203274987
2018-07-05,10.138339920948615
2018-07-06,9.26933935629588
2018-07-07,8.110671936758894
2018-07-08,8.979672501411633
2018-07-09,9.414172783738
2018-07-10,9.559006211180124
2018-07-11,9.414172783738
2018-07-12,10.138339920948615
2018-07-13,9.26933935629588
2018-07-14,7.821005081874648
2018-07-15,8.110671936758894
2018-07-16,9.703839638622249
2018-07-17,12.16600790513834
2018-07-18,14.48334274421231
2018-07-19,12.890175042348956
2018-07-20,10.572840203274987
2018-07-21,9.559006211180124
2018-07-22,9.848673066064372
2018-07-23,11.441840767927726
2018-07-24,14.48334274421231
2018-07-25,14.048842461885942
2018-07-26,12.16600790513834
2018-07-27,12.310841332580464
2018-07-28,9.848673066064372
2018-07-29,9.703839638622249
2018-07-30,10.71767363071711
2018-07-31,11.731507622811971
2018-08-01,10.862507058159231
2018-08-02,10.428006775832865
2018-08-03,10.862507058159231
2018-08-04,10.572840203274987
2018-08-05,9.848673066064372
2018-08-06,11.441840767927726
2018-08-07,10.572840203274987
2018-08-08,13.179841897233205
2018-08-09,11.152173913043478
2018-08-10,11.007340485601356
2018-08-11,11.007340485601356
2018-08-12,10.71767363071711
2018-08-13,11.007340485601356
2018-08-14,13.759175607001694
2018-08-15,13.469508752117449
2018-08-16,11.2970073404856
2018-08-17,10.572840203274987
2018-08-18,9.26933935629588
2018-08-19,8.255505364201017
2018-08-20,9.559006211180124
2018-08-21,10.572840203274987
2018-08-22,11.2970073404856
2018-08-23,9.993506493506494
2018-08-24,8.979672501411633
2018-08-25,8.255505364201017
2018-08-26,8.545172219085263
2018-08-27,9.848673066064372
2018-08-28,11.007340485601356
2018-08-29,10.71767363071711
2018-08-30,10.71767363071711
2018-08-31,10.28317334839074
2018-09-01,8.979672501411633
2018-09-02,9.124505928853756
2018-09-03,9.559006211180124
2018-09-04,10.862507058159231
2018-09-05,12.310841332580464
2018-09-06,13.904009034443815
2018-09-07,11.007340485601356
2018-09-08,9.559006211180124
2018-09-09,9.124505928853756
2018-09-10,10.572840203274987
2018-09-11,10.28317334839074
2018-09-12,11.2970073404856
2018-09-13,10.71767363071711
2018-09-14,9.414172783738
2018-09-15,8.110671936758894
2018-09-16,7.965838509316771
2018-09-17,9.26933935629588
2018-09-18,9.124505928853756
2018-09-19,9.26933935629588
2018-09-20,9.414172783738
2018-09-21,10.28317334839074
2018-09-22,8.834839073969508
2018-09-23,8.545172219085263
2018-09-24,8.979672501411633
2018-09-25,8.834839073969508
2018-09-26,8.979672501411633
2018-09-27,9.124505928853756
2018-09-28,8.255505364201017
2018-09-29,6.147716760575226
2018-09-30,7.025962012085972
2018-10-01,7.55290916299242
2018-10-02,6.850312961783823
2018-10-03,7.377260112690271
2018-10-04,7.201611062388122
2018-10-05,6.850312961783823
2018-10-06,6.674663911481674
2018-10-07,5.972067710273077
2018-10-08,7.201611062388122
2018-10-09,7.377260112690271
2018-10-10,7.55290916299242
2018-10-11,10.011995867222511
2018-10-12,7.55290916299242
2018-10-13,5.972067710273077
2018-10-14,7.025962012085972
2018-10-15,8.958101565409615
2018-10-16,7.904207263596719
2018-10-17,7.55290916299242
2018-10-18,7.904207263596719
2018-10-19,6.850312961783823
2018-10-20,6.147716760575226
2018-10-21,6.323365810877375
2018-10-22,7.201611062388122
2018-10-23,7.728558213294569
2018-10-24,7.55290916299242
2018-10-25,7.201611062388122
2018-10-26,6.850312961783823
2018-10-27,5.796418659970927
2018-10-28,5.445120559366629
2018-10-29,7.377260112690271
2018-10-30,7.201611062388122
2018-10-31,7.728558213294569
2018-11-01,7.55290916299242
2018-11-02,7.55290916299242
2018-11-03,5.620769609668778
2018-11-04,7.025962012085972
2018-11-05,7.55290916299242
2018-11-06,7.55290916299242
2018-11-07,7.377260112690271
2018-11-08,7.201611062388122
2018-11-09,7.201611062388122
2018-11-10,5.972067710273077
2018-11-11,5.620769609668778
2018-11-12,6.850312961783823
2018-11-13,6.674663911481674
2018-11-14,10.18764491752466
2018-11-15,12.4710825714526
2018-11-16,9.660697766618211
2018-11-17,7.377260112690271
2018-11-18,7.025962012085972
2018-11-19,12.119784470848302
2018-11-20,17.56490503021493
2018-11-21,15.10581832598484
2018-11-22,10.36329396782681
2018-11-23,11.065890169035406
2018-11-24,10.538943018128958
2018-11-25,15.457116426589138
2018-11-26,15.28146737628699
2018-11-27,13.173678772661198
2018-11-28,12.295433521150452
2018-11-29,11.065890169035406
2018-11-30,10.18764491752466
2018-12-01,8.782452515107465
2018-12-02,8.431154414503167
2018-12-03,9.83634681692036
2018-12-04,10.18764491752466
2018-12-05,10.011995867222511
2018-12-06,9.83634681692036
2018-12-07,13.349327822963348
2018-12-08,10.011995867222511
2018-12-09,9.83634681692036
2018-12-10,10.538943018128958
2018-12-11,10.538943018128958
2018-12-12,9.485048716316063
2018-12-13,9.133750615711763
2018-12-14,10.36329396782681
2018-12-15,9.660697766618211
2018-12-16,8.782452515107465
2018-12-17,10.18764491752466
2018-12-18,10.36329396782681
2018-12-19,10.538943018128958
2018-12-20,11.768486370244004
2018-12-21,9.83634681692036
2018-12-22,8.782452515107465
2018-12-23,8.782452515107465
2018-12-24,9.485048716316063
2018-12-25,9.133750615711763
2018-12-26,9.133750615711763
2018-12-27,9.133750615711763
2018-12-28,9.425253294936606
2018-12-29,8.162075018295619
2018-12-30,7.77340477932916
2018-12-31,8.064907458554003
2019-01-01,7.384734540362702
2019-01-02,8.550745257262076
2019-01-03,8.939415496228534
2019-01-04,9.23091817545338
2019-01-05,7.093231861137859
2019-01-06,6.9960643013962445
2019-01-07,8.550745257262076
2019-01-08,8.453577697520462
2019-01-09,7.870572339070775
2019-01-10,9.716755974161453
2019-01-11,8.259242578037233
2019-01-12,7.093231861137859
2019-01-13,7.093231861137859
2019-01-14,8.064907458554003
2019-01-15,8.064907458554003
2019-01-16,8.162075018295619
2019-01-17,7.287566980621088
2019-01-18,6.89889674165463
2019-01-19,6.024388703980099
2019-01-20,6.121556263721714
2019-01-21,7.481902100104317
2019-01-22,6.89889674165463
2019-01-23,6.801729181913015
2019-01-24,7.676237219587546
2019-01-25,6.9960643013962445
2019-01-26,6.315891383204943
2019-01-27,6.024388703980099
2019-01-28,8.259242578037233
2019-01-29,7.384734540362702
2019-01-30,6.801729181913015
2019-01-31,6.9960643013962445
2019-02-01,6.89889674165463
2019-02-02,6.218723823463328
2019-02-03,5.927221144238485
2019-02-04,8.064907458554003
2019-02-05,8.550745257262076
2019-02-06,8.647912817003691
2019-02-07,7.77340477932916
2019-02-08,7.870572339070775
2019-02-09,6.510226502688172
2019-02-10,6.510226502688172
2019-02-11,7.77340477932916
2019-02-12,6.9960643013962445
2019-02-13,6.89889674165463
2019-02-14,6.89889674165463
2019-02-15,6.801729181913015
2019-02-16,6.510226502688172
2019-02-17,6.413058942946558
2019-02-18,8.259242578037233
2019-02-19,8.647912817003691
2019-02-20,8.647912817003691
2019-02-21,7.77340477932916
2019-02-22,8.356410137778848
2019-02-23,7.77340477932916
2019-02-24,8.453577697520462
2019-02-25,7.870572339070775
2019-02-26,7.384734540362702
2019-02-27,6.89889674165463
2019-02-28,6.9960643013962445
2019-03-01,6.89889674165463
2019-03-02,6.510226502688172
2019-03-03,5.927221144238485
2019-03-04,6.9960643013962445
2019-03-05,7.481902100104317
2019-03-06,6.413058942946558
2019-03-07,7.579069659845931
2019-03-08,6.510226502688172
2019-03-09,6.510226502688172
2019-03-10,6.315891383204943
2019-03-11,6.510226502688172
2019-03-12,6.510226502688172
2019-03-13,6.413058942946558
2019-03-14,6.218723823463328
2019-03-15,6.413058942946558
2019-03-16,6.413058942946558
2019-03-17,5.83005358449687
2019-03-18,6.413058942946558
2019-03-19,7.093231861137859
2019-03-20,6.607394062429787
2019-03-21,7.287566980621088
2019-03-22,6.704561622171401
2019-03-23,5.247048226047183
2019-03-24,6.121556263721714
2019-03-25,6.024388703980099
2019-03-26,6.315891383204943
2019-03-27,7.093231861137859
2019-03-28,6.206577878495627
2019-03-29,6.6499048698167424
2019-03-30,6.206577878495627
2019-03-31,5.541587391513953
2019-04-01,6.428241374156185
2019-04-02,13.743136730954602
2019-04-03,14.851454209257392
2019-04-04,11.304838278688464
2019-04-05,9.753193809064555
2019-04-06,8.644876330761766
2019-04-07,8.423212835101207
2019-04-08,10.418184296046231
2019-04-09,9.531530313403998
2019-04-10,9.30986681774344
2019-04-11,9.30986681774344
2019-04-12,8.20154933944065
2019-04-13,6.6499048698167424
2019-04-14,6.6499048698167424
2019-04-15,8.644876330761766
2019-04-16,7.314895356798417
2019-04-17,8.20154933944065
2019-04-18,7.758222348119533
2019-04-19,7.536558852458976
2019-04-20,7.093231861137859
2019-04-21,7.314895356798417
2019-04-22,7.758222348119533
2019-04-23,9.974857304725116
2019-04-24,9.08820332208288
2019-04-25,8.644876330761766
2019-04-26,9.08820332208288
2019-04-27,6.6499048698167424
2019-04-28,7.093231861137859
2019-04-29,7.536558852458976
2019-04-30,7.093231861137859
2019-05-01,7.093231861137859
2019-05-02,7.536558852458976
2019-05-03,9.753193809064555
2019-05-04,8.20154933944065
2019-05-05,7.9798858437800915
2019-05-06,8.20154933944065
2019-05-07,8.866539826422324
2019-05-08,9.531530313403998
2019-05-09,11.304838278688464
2019-05-10,11.304838278688464
2019-05-11,13.743136730954602
2019-05-12,15.294781200578509
2019-05-13,17.733079652844648
2019-05-14,19.50638761812911
2019-05-15,16.4030986788813
2019-05-16,15.959771687560185
2019-05-17,15.516444696239066
2019-05-18,12.191492261330696
2019-05-19,13.078146243972927
2019-05-20,13.521473235294044
2019-05-21,13.299809739633483
2019-05-22,12.85648274831237
2019-05-23,11.304838278688464
2019-05-24,10.861511287367346
2019-05-25,9.531530313403998
2019-05-26,10.196520800385672
2019-05-27,14.629790713596837
2019-05-28,14.186463722275718
2019-05-29,12.63481925265181
2019-05-30,13.299809739633483
2019-05-31,13.299809739633483
2019-06-01,10.861511287367346
2019-06-02,10.418184296046231
2019-06-03,11.304838278688464
2019-06-04,13.299809739633483
2019-06-05,10.861511287367346
2019-06-06,10.861511287367346
2019-06-07,11.083174783027903
2019-06-08,9.08820332208288
2019-06-09,8.423212835101207
2019-06-10,9.753193809064555
2019-06-11,9.974857304725116
2019-06-12,9.531530313403998
2019-06-13,9.974857304725116
2019-06-14,10.418184296046231
2019-06-15,9.974857304725116
2019-06-16,13.078146243972927
2019-06-17,13.299809739633483
2019-06-18,14.186463722275718
2019-06-19,11.969828765670137
2019-06-20,12.63481925265181
2019-06-21,15.738108191899626
2019-06-22,22.16634956605581
2019-06-23,17.51141615718409
2019-06-24,17.51141615718409
2019-06-25,20.6147050964319
2019-06-26,32.72175412132048
2019-06-27,30.10401379161484
2019-06-28,22.250792802497926
2019-06-29,18.324182307939463
2019-06-30,15.379224437020625
2019-07-01,17.01531214308665
2019-07-02,18.324182307939463
2019-07-03,16.688094601873445
2019-07-04,15.05200689580742
2019-07-05,14.39757181338101
2019-07-06,12.107049024888576
2019-07-07,10.798178860035758
2019-07-08,13.743136730954602
2019-07-09,15.05200689580742
2019-07-10,16.688094601873445
2019-07-11,16.033659519447035
2019-07-12,16.36087706066024
2019-07-13,12.43426656610178
2019-07-14,11.779831483675371
2019-07-15,15.379224437020625
2019-07-16,15.70644197823383
2019-07-17,17.01531214308665
2019-07-18,15.05200689580742
2019-07-19,12.761484107314988
2019-07-20,10.798178860035758
2019-07-21,10.798178860035758
2019-07-22,11.779831483675371
2019-07-23,12.107049024888576
2019-07-24,12.107049024888576
2019-07-25,12.43426656610178
2019-07-26,11.452613942462168
2019-07-27,10.798178860035758
2019-07-28,10.143743777609348
2019-07-29,11.125396401248963
2019-07-30,11.125396401248963
2019-07-31,11.452613942462168
2019-08-01,11.452613942462168
2019-08-02,11.125396401248963
2019-08-03,11.125396401248963
2019-08-04,11.125396401248963
2019-08-05,16.033659519447035
2019-08-06,15.05200689580742
2019-08-07,14.070354272167808
2019-08-08,13.415919189741397
2019-08-09,12.107049024888576
2019-08-10,10.798178860035758
2019-08-11,10.143743777609348
2019-08-12,10.798178860035758
2019-08-13,12.107049024888576
2019-08-14,12.761484107314988
2019-08-15,13.415919189741397
2019-08-16,12.107049024888576
2019-08-17,10.143743777609348
2019-08-18,10.143743777609348
2019-08-19,11.452613942462168
2019-08-20,11.779831483675371
2019-08-21,11.452613942462168
2019-08-22,11.452613942462168
2019-08-23,11.452613942462168
2019-08-24,8.83487361275653
2019-08-25,9.489308695182938
2019-08-26,10.798178860035758
2019-08-27,11.125396401248963
2019-08-28,10.798178860035758
2019-08-29,11.779831483675371
2019-08-30,10.470961318822551
2019-08-31,8.507656071543325
2019-09-01,8.18043853033012
2019-09-02,10.143743777609348
2019-09-03,11.779831483675371
2019-09-04,10.143743777609348
2019-09-05,9.816526236396143
2019-09-06,10.470961318822551
2019-09-07,9.162091153969731
2019-09-08,8.507656071543325
2019-09-09,9.816526236396143
2019-09-10,8.83487361275653
2019-09-11,8.507656071543325
2019-09-12,9.489308695182938
2019-09-13,9.489308695182938
2019-09-14,7.853220989116915
2019-09-15,7.52600344790371
2019-09-16,8.507656071543325
2019-09-17,8.507656071543325
2019-09-18,8.18043853033012
2019-09-19,8.83487361275653
2019-09-20,8.507656071543325
2019-09-21,7.52600344790371
2019-09-22,6.871568365477301
2019-09-23,8.507656071543325
2019-09-24,11.25206125591214
2019-09-25,12.075382811222784
2019-09-26,12.487043588878104
2019-09-27,11.1148409966937
2019-09-28,8.233215553106444
2019-09-29,8.644876330761765
2019-09-30,9.879858663727733
2019-10-01,9.193757367635529
2019-10-02,9.193757367635529
2019-10-03,8.782096589980206
2019-10-04,7.68433451623268
2019-10-05,7.68433451623268
2019-10-06,7.409893997795799
2019-10-07,9.056537108417087
2019-10-08,8.507656071543325
2019-10-09,8.233215553106444
2019-10-10,8.370435812324883
2019-10-11,8.095995293888002
2019-10-12,6.723792701703595
2019-10-13,7.135453479358917
2019-10-14,7.821554775451121
2019-10-15,8.095995293888002
2019-10-16,8.233215553106444
2019-10-17,7.821554775451121
2019-10-18,8.095995293888002
2019-10-19,6.723792701703595
2019-10-20,6.998233220140476
2019-10-21,7.54711425701424
2019-10-22,7.958775034669562
2019-10-23,8.919316849198648
2019-10-24,8.782096589980206
2019-10-25,9.742638404509291
2019-10-26,13.722025921844072
2019-10-27,9.60541814529085
2019-10-28,10.565959959819937
2019-10-29,9.60541814529085
2019-10-30,8.370435812324883
2019-10-31,8.919316849198648
2019-11-01,8.095995293888002
2019-11-02,7.68433451623268
2019-11-03,7.409893997795799
2019-11-04,8.507656071543325
2019-11-05,9.330977626853969
2019-11-06,8.233215553106444
2019-11-07,7.958775034669562
2019-11-08,8.233215553106444
2019-11-09,7.409893997795799
2019-11-10,6.861012960922036
2019-11-11,7.54711425701424
2019-11-12,7.68433451623268
2019-11-13,7.821554775451121
2019-11-14,7.821554775451121
2019-11-15,7.821554775451121
2019-11-16,6.174911664829833
2019-11-17,6.861012960922036
2019-11-18,7.958775034669562
2019-11-19,8.095995293888002
2019-11-20,7.68433451623268
2019-11-21,9.60541814529085
2019-11-22,10.703180219038376
2019-11-23,8.507656071543325
2019-11-24,8.370435812324883
2019-11-25,10.428739700601495
2019-11-26,9.330977626853969
2019-11-27,9.60541814529085
2019-11-28,8.507656071543325
2019-11-29,7.958775034669562
2019-11-30,7.54711425701424
2019-12-01,7.409893997795799
2019-12-02,7.68433451623268
2019-12-03,7.821554775451121
2019-12-04,8.233215553106444
2019-12-05,7.68433451623268
2019-12-06,7.821554775451121
2019-12-07,6.723792701703595
2019-12-08,6.449352183266714
2019-12-09,7.54711425701424
2019-12-10,7.409893997795799
2019-12-11,7.68433451623268
2019-12-12,7.68433451623268
2019-12-13,7.135453479358917
2019-12-14,7.2726737385773585
2019-12-15,7.2726737385773585
2019-12-16,7.2726737385773585
2019-12-17,9.056537108417087
2019-12-18,9.46819788607241
2019-12-19,8.370435812324883
2019-12-20,7.958775034669562
2019-12-21,6.449352183266714
2019-12-22,7.135453479358917
2019-12-23,8.277126036056343
2019-12-24,7.420871618533273
2019-12-25,6.85003534018456
2019-12-26,7.135453479358916
2019-12-27,7.135453479358916
2019-12-28,6.564617201010203
2019-12-29,7.135453479358916
2019-12-30,7.70628975770763
2019-12-31,6.564617201010203
2020-01-01,7.135453479358916
2020-01-02,7.70628975770763
2020-01-03,9.133380453579411
2020-01-04,7.70628975770763
2020-01-05,7.420871618533273
2020-01-06,8.277126036056343
2020-01-07,10.27505301027684
2020-01-08,11.702143706148624
2020-01-09,8.847962314405056
2020-01-10,8.847962314405056
2020-01-11,7.991707896881986
2020-01-12,7.70628975770763
2020-01-13,7.70628975770763
2020-01-14,10.560471149451196
2020-01-15,11.416725566974266
2020-01-16,9.704216731928126
2020-01-17,9.989634871102483
2020-01-18,8.847962314405056
2020-01-19,8.847962314405056
2020-01-20,8.847962314405056
2020-01-21,8.847962314405056
2020-01-22,7.991707896881986
2020-01-23,8.847962314405056
2020-01-24,7.991707896881986
2020-01-25,7.991707896881986
2020-01-26,6.85003534018456
2020-01-27,8.277126036056343
2020-01-28,9.41879859275377
2020-01-29,9.704216731928126
2020-01-30,9.989634871102483
2020-01-31,9.133380453579411
2020-02-01,7.991707896881986
2020-02-02,8.277126036056343
2020-02-03,8.277126036056343
2020-02-04,9.133380453579411
2020-02-05,9.704216731928126
2020-02-06,10.27505301027684
2020-02-07,9.704216731928126
2020-02-08,8.5625441752307
2020-02-09,11.416725566974266
2020-02-10,10.845889288625552
2020-02-11,10.27505301027684
2020-02-12,11.702143706148624
2020-02-13,10.560471149451196
2020-02-14,9.704216731928126
2020-02-15,9.704216731928126
2020-02-16,8.847962314405056
2020-02-17,9.704216731928126
2020-02-18,9.704216731928126
2020-02-19,9.704216731928126
2020-02-20,9.989634871102483
2020-02-21,9.704216731928126
2020-02-22,7.991707896881986
2020-02-23,7.70628975770763
2020-02-24,9.41879859275377
2020-02-25,9.41879859275377
2020-02-26,9.989634871102483
2020-02-27,10.27505301027684
2020-02-28,11.416725566974266
2020-02-29,8.5625441752307
2020-03-01,8.847962314405056
2020-03-02,9.41879859275377
2020-03-03,8.847962314405056
2020-03-04,9.41879859275377
2020-03-05,9.989634871102483
2020-03-06,9.704216731928126
2020-03-07,8.277126036056343
2020-03-08,7.991707896881986
2020-03-09,15.127161376240904
2020-03-10,11.702143706148624
2020-03-11,10.560471149451196
2020-03-12,22.262614855599814
2020-03-13,28.541813917435665
2020-03-14,18.266760907158822
2020-03-15,15.41257951541526
2020-03-16,21.977196716425464
2020-03-17,17.410506489635758
2020-03-18,17.1250883504614
2020-03-19,16.554252072112686
2020-03-20,17.1250883504614
2020-03-21,14.841743237066543
2020-03-22,14.099656075213218
2020-03-23,15.089105624350989
2020-03-24,15.33646801163543
2020-03-25,13.604931300644331
2020-03-26,12.615481751506564
2020-03-27,12.36811936422212
2020-03-28,11.131307427799907
2020-03-29,11.131307427799907
2020-03-30,12.12075697693768
2020-03-31,10.14185787866214
2020-04-01,10.883945040515467
2020-04-02,11.626032202368794
2020-04-03,11.378669815084352
2020-04-04,10.14185787866214
2020-04-05,10.636582653231024
2020-04-06,12.36811936422212
2020-04-07,13.11020652607545
2020-04-08,10.883945040515467
2020-04-09,11.378669815084352
2020-04-10,12.36811936422212
2020-04-11,10.14185787866214
2020-04-12,10.14185787866214
2020-04-13,11.873394589653238
2020-04-14,11.131307427799907
2020-04-15,11.131307427799907
2020-04-16,12.12075697693768
2020-04-17,10.636582653231024
2020-04-18,10.883945040515467
2020-04-19,9.894495491377697
2020-04-20,10.636582653231024
2020-04-21,11.378669815084352
2020-04-22,10.14185787866214
2020-04-23,11.378669815084352
2020-04-24,11.626032202368794
2020-04-25,11.873394589653238
2020-04-26,11.873394589653238
2020-04-27,11.626032202368794
2020-04-28,11.378669815084352
2020-04-29,16.573279948057642
2020-04-30,18.057454271764296
2020-05-01,14.594380849782103
2020-05-02,13.357568913359891
2020-05-03,13.852293687928777
2020-05-04,13.11020652607545
2020-05-05,13.357568913359891
2020-05-06,15.089105624350989
2020-05-07,17.31536710991097
2020-05-08,20.28371575732428
2020-05-09,16.3259175607732
2020-05-10,21.273165306462047
2020-05-11,24.73623872844424
2020-05-12,19.046903820902067
2020-05-13,16.3259175607732
2020-05-14,16.07855517348876
2020-05-15,14.594380849782103
2020-05-16,13.852293687928777
2020-05-17,14.099656075213218
2020-05-18,13.357568913359891
2020-05-19,12.615481751506564
2020-05-20,13.11020652607545
2020-05-21,13.604931300644331
2020-05-22,12.12075697693768
2020-05-23,10.883945040515467
2020-05-24,11.131307427799907
2020-05-25,12.36811936422212
2020-05-26,11.131307427799907
2020-05-27,11.378669815084352
2020-05-28,10.883945040515467
2020-05-29,10.389220265946582
2020-05-30,10.883945040515467
2020-05-31,10.14185787866214
2020-06-01,11.626032202368794
2020-06-02,14.099656075213218
2020-06-03,11.873394589653238
2020-06-04,11.131307427799907
2020-06-05,10.389220265946582
2020-06-06,9.894495491377697
2020-06-07,9.647133104093257
2020-06-08,10.389220265946582
2020-06-09,10.389220265946582
2020-06-10,10.389220265946582
2020-06-11,10.883945040515467
2020-06-12,10.389220265946582
2020-06-13,9.647133104093257
2020-06-14,9.647133104093257
2020-06-15,10.636582653231024
2020-06-16,10.14185787866214
2020-06-17,9.647133104093257
2020-06-18,9.647133104093257
2020-06-19,9.15240832952437
2020-06-20,9.15240832952437
2020-06-21,7.987556360312178
2020-06-22,9.485223177870711
2020-06-23,9.485223177870711
2020-06-24,8.65318605700486
2020-06-25,9.65163060204388
2020-06-26,9.31881575369754
2020-06-27,8.986000905351199
2020-06-28,9.818038026217051
2020-06-29,8.81959348117803
2020-06-30,9.15240832952437
2020-07-01,8.81959348117803
2020-07-02,8.65318605700486
2020-07-03,8.65318605700486
2020-07-04,8.320371208658518
2020-07-05,7.654741511965836
2020-07-06,8.81959348117803
2020-07-07,8.986000905351199
2020-07-08,8.65318605700486
2020-07-09,8.65318605700486
2020-07-10,8.986000905351199
2020-07-11,7.987556360312178
2020-07-12,8.486778632831689
2020-07-13,8.320371208658518
2020-07-14,9.485223177870711
2020-07-15,9.65163060204388
2020-07-16,12.147741964641437
2020-07-17,8.65318605700486
2020-07-18,12.314149388814608
2020-07-19,8.65318605700486
2020-07-20,8.486778632831689
2020-07-21,9.15240832952437
2020-07-22,8.153963784485349
2020-07-23,9.65163060204388
2020-07-24,9.15240832952437
2020-07-25,9.31881575369754
2020-07-26,10.317260298736562
2020-07-27,15.309483023931673
2020-07-28,16.640742417317036
2020-07-29,14.14463105471948
2020-07-30,12.480556812987777
2020-07-31,12.314149388814608
2020-08-01,14.976668175585331
2020-08-02,15.309483023931673
2020-08-03,13.146186509680458
2020-08-04,12.646964237160947
2020-08-05,12.979779085507287
2020-08-06,13.312593933853629
2020-08-07,13.312593933853629
2020-08-08,11.482112267948756
2020-08-09,11.149297419602414
2020-08-10,12.813371661334118
2020-08-11,12.314149388814608
2020-08-12,11.315704843775585
2020-08-13,11.315704843775585
2020-08-14,11.149297419602414
2020-08-15,10.816482571256074
2020-08-16,10.483667722909733
2020-08-17,12.979779085507287
2020-08-18,12.314149388814608
2020-08-19,11.482112267948756
2020-08-20,11.315704843775585
2020-08-21,10.816482571256074
2020-08-22,10.483667722909733
2020-08-23,9.818038026217051
2020-08-24,10.150852874563393
2020-08-25,10.150852874563393
2020-08-26,9.984445450390222
2020-08-27,9.485223177870711
2020-08-28,10.150852874563393
2020-08-29,9.485223177870711
2020-08-30,8.65318605700486
2020-08-31,9.15240832952437
2020-09-01,10.483667722909733
2020-09-02,10.317260298736562
2020-09-03,12.147741964641437
2020-09-04,11.981334540468266
2020-09-05,10.982889995429243
2020-09-06,10.150852874563393
2020-09-07,10.650075147082903
2020-09-08,9.984445450390222
2020-09-09,9.485223177870711
2020-09-10,8.986000905351199
2020-09-11,9.15240832952437
2020-09-12,8.65318605700486
2020-09-13,8.486778632831689
2020-09-14,9.15240832952437
2020-09-15,9.31881575369754
2020-09-16,9.984445450390222
2020-09-17,8.81959348117803
2020-09-18,8.552333072657484
2020-09-19,8.285072664136939
2020-09-20,8.285072664136939
2020-09-21,9.354114298219123
2020-09-22,8.285072664136939
2020-09-23,8.017812255616391
2020-09-24,8.552333072657484
2020-09-25,8.285072664136939
2020-09-26,7.483291438575299
2020-09-27,6.948770621534206
2020-09-28,8.017812255616391
2020-09-29,7.483291438575299
2020-09-30,7.750551847095846
2020-10-01,7.216031030054752
2020-10-02,8.285072664136939
2020-10-03,7.216031030054752
2020-10-04,6.948770621534206
2020-10-05,7.483291438575299
2020-10-06,7.216031030054752
2020-10-07,7.483291438575299
2020-10-08,8.017812255616391
2020-10-09,8.285072664136939
2020-10-10,9.086853889698578
2020-10-11,8.017812255616391
2020-10-12,8.552333072657484
2020-10-13,8.285072664136939
2020-10-14,7.483291438575299
2020-10-15,8.285072664136939
2020-10-16,8.285072664136939
2020-10-17,7.483291438575299
2020-10-18,7.483291438575299
2020-10-19,8.017812255616391
2020-10-20,9.354114298219123
2020-10-21,14.69932246863005
2020-10-22,14.966582877150598
2020-10-23,12.293978791945134
2020-10-24,10.690416340821857
2020-10-25,10.957676749342404
2020-10-26,11.75945797490404
2020-10-27,13.36302042602732
2020-10-28,12.828499608986228
2020-10-29,11.492197566383494
2020-10-30,10.957676749342404
2020-10-31,12.026718383424589
2020-11-01,10.690416340821857
2020-11-02,11.75945797490404
2020-11-03,10.957676749342404
2020-11-04,10.42315593230131
2020-11-05,15.768364102712235
2020-11-06,17.63918696235606
2020-11-07,14.69932246863005
2020-11-08,13.630280834547866
2020-11-09,13.630280834547866
2020-11-10,12.828499608986228
2020-11-11,13.095760017506771
2020-11-12,14.16480165158896
2020-11-13,14.16480165158896
2020-11-14,13.095760017506771
2020-11-15,11.492197566383494
2020-11-16,14.966582877150598
2020-11-17,20.311791047561524
2020-11-18,22.984395132766988
2020-11-19,19.24274941347934
2020-11-20,19.777270230520436
2020-11-21,20.311791047561524
2020-11-22,18.173707779397155
2020-11-23,18.975489004958792
2020-11-24,26.45878044353409
2020-11-25,22.71713472424644
2020-11-26,25.389738809451902
2020-11-27,20.04453063904098
2020-11-28,17.10466614531497
2020-11-29,15.501103694191691
2020-11-30,22.18261390720535
2020-12-01,22.71713472424644
2020-12-02,17.371926553835515
2020-12-03,17.63918696235606
2020-12-04,16.837405736794423
2020-12-05,14.16480165158896
2020-12-06,13.897541243068412
2020-12-07,15.501103694191691
2020-12-08,14.966582877150598
2020-12-09,15.233843285671144
2020-12-10,14.16480165158896
2020-12-11,15.233843285671144
2020-12-12,13.095760017506771
2020-12-13,13.630280834547866
2020-12-14,13.630280834547866
2020-12-15,14.16480165158896
2020-12-16,26.72604085205464
2020-12-17,42.92364136845139
2020-12-18,30.775440981153828
2020-12-19,26.72604085205464
2020-12-20,25.9161608262348
2020-12-21,27.535920877874474
2020-12-22,23.486520748775288
2020-12-23,22.67664072295545
2020-12-24,19.4371206196761
2020-12-25,22.67664072295545
2020-12-26,29.965560955333988
2020-12-27,42.92364136845139
2020-12-28,34.82484111025301
2020-12-29,29.15568092951415
2020-12-30,34.82484111025301
2020-12-31,33.20508105861334
2021-01-01,32.3952010327935
2021-01-02,53.45208170410928
2021-01-03,66.41016211722668
2021-01-04,53.45208170410928
2021-01-05,46.16316147173074
2021-01-06,49.40268157501009
2021-01-07,74.50896237542506
2021-01-08,74.50896237542506
2021-01-09,55.88172178156879
2021-01-10,55.88172178156879
2021-01-11,80.17812255616391
2021-01-12,63.17064201394733
2021-01-13,54.26196172992911
2021-01-14,56.69160180738863
2021-01-15,49.40268157501009
2021-01-16,42.92364136845139
2021-01-17,38.064361213532365
2021-01-18,35.634721136072855
2021-01-19,34.014961084433175
2021-01-20,35.634721136072855
2021-01-21,43.73352139427123
2021-01-22,46.16316147173074
2021-01-23,33.20508105861334
2021-01-24,29.965560955333988
2021-01-25,32.3952010327935
2021-01-26,29.965560955333988
2021-01-27,31.585321006973665
2021-01-28,34.82484111025301
2021-01-29,55.07184175574895
2021-01-30,37.25448118771253
2021-01-31,31.585321006973665
2021-02-01,32.3952010327935
2021-02-02,29.965560955333988
2021-02-03,30.775440981153828
2021-02-04,33.20508105861334
2021-02-05,29.15568092951415
2021-02-06,35.634721136072855
2021-02-07,31.585321006973665
2021-02-08,69.64968222050602
2021-02-09,80.98800258198375
2021-02-10,57.50148183320847
2021-02-11,51.022441626649766
2021-02-12,47.78292152337041
2021-02-13,41.30388131681171
2021-02-14,43.73352139427123
2021-02-15,45.3532814459109
2021-02-16,50.21256160082993
2021-02-17,58.3113618590283
2021-02-18,51.8323216524696
2021-02-19,57.50148183320847
2021-02-20,63.980522039767166
2021-02-21,55.07184175574895
2021-02-22,62.36076198812749
2021-02-23,77.7484824787044
2021-02-24,59.931121910667976
2021-02-25,46.973041497550575
2021-02-26,51.022441626649766
2021-02-27,41.30388131681171
2021-02-28,43.73352139427123
2021-03-01,43.73352139427123
2021-03-02,39.68412126517204
2021-03-03,38.064361213532365
2021-03-04,34.82484111025301
2021-03-05,34.014961084433175
2021-03-06,29.965560955333988
2021-03-07,30.775440981153828
2021-03-08,35.634721136072855
2021-03-09,39.68412126517204
2021-03-10,40.49400129099188
2021-03-11,37.25448118771253
2021-03-12,36.44460116189269
2021-03-13,47.78292152337041
2021-03-14,44.543401420091065
2021-03-15,41.30388131681171
2021-03-16,38.064361213532365
2021-03-17,38.064361213532365
2021-03-18,36.910895722213205
2021-03-19,33.45049924825572
2021-03-20,31.143568265617397
2021-03-21,29.99010277429823
2021-03-22,34.60396473957488
2021-03-23,33.45049924825572
2021-03-24,38.064361213532365
2021-03-25,39.21782670485153
2021-03-26,34.60396473957488
2021-03-27,31.143568265617397
2021-03-28,28.836637282979066
2021-03-29,32.29703375693656
2021-03-30,35.757430230894045
2021-03-31,33.45049924825572
2021-04-01,38.064361213532365
2021-04-02,33.45049924825572
2021-04-03,29.99010277429823
2021-04-04,28.836637282979066
2021-04-05,32.29703375693656
2021-04-06,31.143568265617397
2021-04-07,31.143568265617397
2021-04-08,29.99010277429823
2021-04-09,27.683171791659905
2021-04-10,31.143568265617397
2021-04-11,31.143568265617397
2021-04-12,32.29703375693656
2021-04-13,41.52475768748985
2021-04-14,46.13861965276651
2021-04-15,39.21782670485153
2021-04-16,43.83168867012818
2021-04-17,36.910895722213205
2021-04-18,57.67327456595813
2021-04-19,49.599016126724
2021-04-20,44.98515416144734
2021-04-21,36.910895722213205
2021-04-22,41.52475768748985
2021-04-23,61.13367103991562
2021-04-24,43.83168867012818
2021-04-25,41.52475768748985
2021-04-26,42.67822317880902
2021-04-27,40.37129219617069
2021-04-28,34.60396473957488
2021-04-29,33.45049924825572
2021-04-30,33.45049924825572
2021-05-01,33.45049924825572
2021-05-02,29.99010277429823
2021-05-03,32.29703375693656
2021-05-04,34.60396473957488
2021-05-05,35.757430230894045
2021-05-06,34.60396473957488
2021-05-07,31.143568265617397
2021-05-08,31.143568265617397
2021-05-09,32.29703375693656
2021-05-10,33.45049924825572
2021-05-11,32.29703375693656
2021-05-12,33.45049924825572
2021-05-13,79.58911890102222
2021-05-14,51.90594710936232
2021-05-15,40.37129219617069
2021-05-16,42.67822317880902
2021-05-17,61.13367103991562
2021-05-18,49.599016126724
2021-05-19,115.34654913191626
2021-05-20,91.12377381421383
2021-05-21,70.36139497046892
2021-05-22,62.28713653123479
2021-05-23,70.36139497046892
2021-05-24,66.90099849651143
2021-05-25,54.21287809200064
2021-05-26,46.13861965276651
2021-05-27,40.37129219617069
2021-05-28,42.67822317880902
2021-05-29,42.67822317880902
2021-05-30,40.37129219617069
2021-05-31,39.21782670485153
2021-06-01,36.910895722213205
2021-06-02,38.064361213532365
2021-06-03,36.910895722213205
2021-06-04,40.37129219617069
2021-06-05,36.910895722213205
2021-06-06,36.910895722213205
2021-06-07,36.910895722213205
2021-06-08,48.44555063540483
2021-06-09,47.29208514408567
2021-06-10,39.21782670485153
2021-06-11,33.45049924825572
2021-06-12,29.99010277429823
2021-06-13,29.99010277429823
2021-06-14,38.064361213532365
2021-06-15,32.054198916658834
2021-06-16,28.04742405207648
2021-06-17,27.546577194003685
2021-06-18,27.04573033593089
2021-06-19,24.54149604556692
2021-06-20,27.04573033593089
2021-06-21,40.06774864582354
2021-06-22,50.08468580727943
2021-06-23,37.06266749738678
2021-06-24,32.555045774731624
2021-06-25,32.054198916658834
2021-06-26,29.549964626294862
2021-06-27,29.049117768222068
2021-06-28,29.049117768222068
2021-06-29,29.549964626294862
2021-06-30,26.544883477858097
2021-07-01,25.543189761712508
2021-07-02,22.538108613275742
2021-07-03,22.538108613275742
2021-07-04,23.038955471348537
2021-07-05,24.54149604556692
2021-07-06,22.037261755202948
2021-07-07,20.534721180984565
2021-07-08,22.538108613275742
2021-07-09,22.037261755202948
2021-07-10,18.53133374869339
2021-07-11,18.030486890620598
2021-07-12,20.03387432291177
2021-07-13,21.536414897130157
2021-07-14,21.03556803905736
2021-07-15,22.538108613275742
2021-07-16,22.037261755202948
2021-07-17,20.534721180984565
2021-07-18,19.533027464838977
2021-07-19,22.538108613275742
2021-07-20,30.050811484367657
2021-07-21,28.04742405207648
2021-07-22,24.040649187494125
2021-07-23,22.538108613275742
2021-07-24,21.536414897130157
2021-07-25,23.038955471348537
2021-07-26,39.066054929677954
2021-07-27,29.049117768222068
2021-07-28,27.546577194003685
2021-07-29,25.543189761712508
2021-07-30,23.038955471348537
2021-07-31,24.54149604556692
2021-08-01,24.040649187494125
2021-08-02,23.038955471348537
2021-08-03,21.03556803905736
2021-08-04,20.534721180984565
2021-08-05,22.538108613275742
2021-08-06,24.54149604556692
2021-08-07,24.54149604556692
2021-08-08,26.044036619785302
2021-08-09,29.049117768222068
2021-08-10,27.546577194003685
2021-08-11,27.546577194003685
2021-08-12,26.044036619785302
2021-08-13,25.042342903639717
2021-08-14,25.543189761712508
2021-08-15,23.53980232942133
2021-08-16,24.54149604556692
2021-08-17,23.53980232942133
2021-08-18,23.038955471348537
2021-08-19,21.536414897130157
2021-08-20,26.044036619785302
2021-08-21,24.54149604556692
2021-08-22,22.538108613275742
2021-08-23,28.548270910149277
2021-08-24,26.544883477858097
2021-08-25,24.040649187494125
2021-08-26,23.038955471348537
2021-08-27,22.037261755202948
2021-08-28,20.03387432291177
2021-08-29,19.533027464838977
2021-08-30,21.536414897130157
2021-08-31,21.536414897130157
2021-09-01,19.533027464838977
2021-09-02,23.038955471348537
2021-09-03,22.538108613275742
2021-09-04,20.03387432291177
2021-09-05,19.533027464838977
2021-09-06,23.038955471348537
2021-09-07,37.56351435545957
2021-09-08,34.05758634895001
2021-09-09,25.543189761712508
2021-09-10,24.040649187494125
2021-09-11,20.534721180984565
2021-09-12,20.03387432291177
2021-09-13,23.08250737205052
2021-09-14,22.646988365030698
2021-09-15,22.21146935801088
2021-09-16,21.775950350991057
2021-09-17,21.340431343971236
2021-09-18,19.16283630887213
2021-09-19,19.16283630887213
2021-09-20,27.87321644926855
2021-09-21,28.74425446330819
2021-09-22,25.260102407149624
2021-09-23,24.389064393109983
2021-09-24,33.53496354052623
2021-09-25,26.56665942820909
2021-09-26,22.21146935801088
2021-09-27,21.775950350991057
2021-09-28,21.775950350991057
2021-09-29,21.340431343971236
2021-09-30,21.340431343971236
2021-10-01,25.260102407149624
2021-10-02,21.775950350991057
2021-10-03,19.59835531589195
2021-10-04,23.51802637907034
2021-10-05,23.51802637907034
2021-10-06,30.050811484367657
2021-10-07,27.43769744224873
2021-10-08,23.08250737205052
2021-10-09,21.340431343971236
2021-10-10,20.90491233695141
2021-10-11,25.695621414169445
2021-10-12,25.260102407149624
2021-10-13,23.08250737205052
2021-10-14,23.51802637907034
2021-10-15,34.84152056158569
2021-10-16,30.921849498407298
2021-10-17,25.260102407149624
2021-10-18,30.48633049138748
2021-10-19,33.53496354052623
2021-10-20,43.55190070198211
2021-10-21,40.06774864582354
2021-10-22,33.53496354052623
2021-10-23,26.131140421189265
2021-10-24,23.51802637907034
2021-10-25,26.131140421189265
2021-10-26,29.179773470328016
2021-10-27,30.050811484367657
2021-10-28,27.87321644926855
2021-10-29,26.131140421189265
2021-10-30,21.775950350991057
2021-10-31,22.646988365030698
2021-11-01,23.51802637907034
2021-11-02,24.389064393109983
2021-11-03,23.51802637907034
2021-11-04,22.21146935801088
2021-11-05,21.340431343971236
2021-11-06,19.59835531589195
2021-11-07,20.03387432291177
2021-11-08,27.87321644926855
2021-11-09,32.22840651946676
2021-11-10,29.179773470328016
2021-11-11,26.131140421189265
2021-11-12,25.260102407149624
2021-11-13,22.21146935801088
2021-11-14,21.775950350991057
2021-11-15,23.08250737205052
2021-11-16,30.921849498407298
2021-11-17,27.43769744224873
2021-11-18,28.74425446330819
2021-11-19,29.179773470328016
2021-11-20,23.08250737205052
2021-11-21,22.21146935801088
2021-11-22,25.260102407149624
2021-11-23,27.43769744224873
2021-11-24,26.56665942820909
2021-11-25,22.646988365030698
2021-11-26,29.61529247734784
2021-11-27,23.95354538609016
2021-11-28,22.646988365030698
