,0,1,2,3,4,5
0,Name,Date,Market Cap,Volume,Open,Close
1,Bitcoin,2021-11-01,1159841954948.0,32494948461.0,61472.0,
2,Bitcoin,2021-10-31,1166423768410.0,31810216330.0,61837.0,61472.0
3,Bitcoin,2021-10-30,1178047465292.0,38648967245.0,62283.0,61837.0
4,Bitcoin,2021-10-29,1145912030969.0,52318597557.0,60768.0,62283.0
5,Bitcoin,2021-10-28,1105754837661.0,43976252157.0,58641.0,60768.0
6,Bitcoin,2021-10-27,1143497865065.0,33233702858.0,60604.0,58641.0
7,Bitcoin,2021-10-26,1192131994833.0,30852852368.0,63228.0,60604.0
8,Bitcoin,2021-10-25,1153315262663.0,29982535557.0,61173.0,63228.0
9,Bitcoin,2021-10-24,1161166467847.0,28505039148.0,61572.0,61173.0
10,Bitcoin,2021-10-23,1151508584005.0,40766460605.0,61029.0,61572.0
11,Bitcoin,2021-10-22,1178926819141.0,48709960686.0,62541.0,61029.0
12,Bitcoin,2021-10-21,1250376460616.0,40790757382.0,66238.0,62541.0
13,Bitcoin,2021-10-20,1217582580303.0,42550624869.0,64518.0,66238.0
14,Bitcoin,2021-10-19,1173944883530.0,39610183787.0,62018.0,64518.0
15,Bitcoin,2021-10-18,1160650121142.0,29625957542.0,61584.0,62018.0
16,Bitcoin,2021-10-17,1153847028825.0,35385452269.0,61166.0,61584.0
17,Bitcoin,2021-10-16,1164782155730.0,53653355008.0,61809.0,61166.0
18,Bitcoin,2021-10-15,1082900149763.0,35994603913.0,57452.0,61809.0
19,Bitcoin,2021-10-14,1083366079899.0,41216945749.0,57488.0,57452.0
20,Bitcoin,2021-10-13,1061829863954.0,40021384611.0,56335.0,57488.0
21,Bitcoin,2021-10-12,1084736227838.0,41913482915.0,57573.0,56335.0
22,Bitcoin,2021-10-11,1030788036762.0,38579271671.0,54712.0,57573.0
23,Bitcoin,2021-10-10,1038524699061.0,31927344846.0,55125.0,54712.0
24,Bitcoin,2021-10-09,1016650501581.0,33935485257.0,54011.0,55125.0
25,Bitcoin,2021-10-08,1015246512239.0,36549815857.0,53895.0,54011.0
26,Bitcoin,2021-10-07,1044675252844.0,48462388016.0,55415.0,53895.0
27,Bitcoin,2021-10-06,973040988103.0,35480330025.0,51669.0,55415.0
28,Bitcoin,2021-10-05,927812140868.0,32691763060.0,49260.0,51669.0
29,Bitcoin,2021-10-04,910331395887.0,26034594562.0,48283.0,49260.0
30,Bitcoin,2021-10-03,900582483713.0,29742127388.0,47778.0,48283.0
31,Bitcoin,2021-10-02,906929641889.0,42089383190.0,48182.0,47778.0
32,Bitcoin,2021-10-01,827840965060.0,30b859918335.0,43859.0,48182.0
33,Bitcoin,2021-09-30,782626384092.0,30068690312.0,41588.0,43859.0
34,Bitcoin,2021-09-29,775534111089.0,29691944223.0,41010.0,41588.0
35,Bitcoin,2021-09-28,794889951096.0,30483144439.0,42247.0,41010.0
36,Bitcoin,2021-09-27,825341135636.0,30462815705.0,43337.0,42247.0
37,Bitcoin,2021-09-26,808279417023.0,30898116660.0,42857.0,43337.0
38,Bitcoin,2021-09-25,809772498813.0,42973070343.0,42752.0,42857.0
39,Bitcoin,2021-09-24,846615719474.0,33594750550.0,44981.0,42752.0
40,Bitcoin,2021-09-23,820460824051.0,36624234960.0,43587.0,44981.0
41,Bitcoin,2021-09-22,760802031651.0,45940419565.0,40387.0,43587n.0
42,Bitcoin,2021-09-21,805826302811.0,41220025454.0,42933.0,40387.0
43,Bitcoin,2021-09-20,891560241243.0,26163167369.0,47371.0,42933.0
44,Bitcoin,2021-09-19,907957032341.0,27630476158.0,48267.0,47371.0
45,Bitcoin,2021-09-18,892585184978.0,27731209179.0,47229.0,48267.0
46,Bitcoin,2021-09-17,900990520812.0,31578783375.0,47879.0,47229.0
47,Bitcoin,2021-09-16,906727769791.0,30037816650.0,48187.0,47879.0
48,Bitcoin,2021-09-15,886524004597.0,38645575966.0,47135.0,48187.0
49,Bitcoin,2021-09-14,848992511474.0,40683028028.0,45140.0,47135.0
50,Bitcoin,2021-09-13,869122611514.0,27585855039.0,46195.0,45140.0
51,Bitcoin,2021-09-12,849828231596.0,34160277726.0,45196.0,46195.0
52,Bitcoin,2021-09-11,842222636395.0,38051987740.0,44803.0,45196.0
53,Bitcoin,2021-09-10,876179332244.0,38581092904.0,46519.0,44803.0
54,Bitcoin,2021-09-09,866885887154.0,48151104381.0,46085.0,46519.0
55,Bitcoin,2021-09-08,881943904969.0,64010507329.0,46995.0,46085.0
56,Bitcoin,2021-09-07,992868819862.0,37532574717.0,52740.0,46995.0
57,Bitcoin,2021-09-06,971284117138.0,31765191430.0,51696.0,52740.0
58,Bitcoin,2021-09-05,940538655660.0,36985805207.0,50013.0,51696.0
59,Bitcoin,2021-09-04,937295558515.0,42934455726.0,49935.0,50013.0
60,Bitcoin,2021-09-03,927323146557.0,39362789535.0,49339.0,49935.0
61,Bitcoin,2021-09-02,918058330851.0,39060601275.0,48823.0,49339.0
62,Bitcoin,2021-09-01,890014982635.0,34868965959.0,47335.0,48823.0
63,Bitcoin,2021-08-31,885729258053.0,32326073272.0,47124.0,47335.0
64,Bitcoin,2021-08-30,919515378469.0,26244843558.0,48907.0,47124.0
65,Bitcoin,2021-08-29,920017911099.0,28491785397.0,48937.0,48907.0
66,Bitcoin,2021-08-28,922969799299.0,34607868773.0,49083.0,48937.0
67,Bitcoin,2021-08-27,887832142450.0,33774857003.0,47229.0,49083.0
68,Bitcoin,2021-08-26,921328247354.0,33517327124.0,49003.0,47229.0
69,Bitcoin,2021-08-25,902489541308.0,38387146175.0,47941.0,49003.0
70,Bitcoin,2021-08-24,930729196214.0,35800255386.0,49519.0,47941.0
71,Bitcoin,2021-08-23,925630106451.0,27110183703.0,49251.0,49519.0
72,Bitcoin,2021-08-22,920750216465.0,42147725293.0,48934.0,49251.0
73,Bitcoin,2021-08-21,923013359587.0,36497089237.0,49196.0,48934.0
74,Bitcoin,2021-08-20,867650725473.0,38434805723.0,46745.0,49196.0
75,Bitcoin,2021-08-19,847143004615.0,34668999388.0,45015.0,46745.0
76,Bitcoin,2021-08-18,836777066606.0,34488116651.0,44534.0,45015.0
77,Bitcoin,2021-08-17,866391335029.0,34221605780.0,46032.0,44534.0
78,Bitcoin,2021-08-16,882888202378.0,32863850458.0,47025.0,46032.0
79,Bitcoin,2021-08-15,886593539913.0,33294851811.0,47089.0,47025.0
80,Bitcoin,2021-08-14,895084141169.0,34320865037.0,47717.0,47089.0
81,Bitcoin,2021-08-13,836054770492.0,35838614930.0,44495.0,47717.0
82,Bitcoin,2021-08-12,857660568377.0,35679832771.0,45652.0,44495.0
83,Bitcoin,2021-08-11,854344953099.0,35669862362.0,45640.0,45652.0
84,Bitcoin,2021-08-10,861862844506.0,42726733998.0,46311.0,45640.0
85,Bitcoin,2021-08-09,821704814136.0,39633218479.0,43753.0,46311.0
86,Bitcoin,2021-08-08,838457486988.0,42725276705.0,44648.0,43753.0
87,Bitcoin,2021-08-07,803853127161.0,40840608017.0,42802.0,44648.0
88,Bitcoin,2021-08-06,768416417394.0,38527930905.0,40825.0,42802.0
89,Bitcoin,2021-08-05,747085951935.0,27751046040.0,39752.0,40825.0
90,Bitcoin,2021-08-04,720835141114.0,28422901237.0,38368.0,39752.0
91,Bitcoin,2021-08-03,737440183776.0,28057528866.0,39279.0,38368.0
92,Bitcoin,2021-08-02,747403845432.0,28555173662.0,39915.0,39279.0
93,Bitcoin,2021-08-01,784039345926.0,28437941447.0,41754.0,39915.0
94,Bitcoin,2021-07-31,786531956384.0,35530501783.0,41936.0,41754.0
95,Bitcoin,2021-07-30,750407963580.0,28717414113.0,39978.0,41936.0
96,Bitcoin,2021-07-29,751371299911.0,41369107423.0,40031.0,39978.0
97,Bitcoin,2021-07-28,732311951673.0,36401287454.0,39077.0,40031.0
98,Bitcoin,2021-07-27,701921012035.0,53550491998.0,37282.0,39077.0
99,Bitcoin,2021-07-26,664681184169.0,20929083221.0,35456.0,37282.0
100,Bitcoin,2021-07-25,642012590041.0,22120323672.0,34214.0,35456.0
101,Bitcoin,2021-07-24,627747173675.0,22937379735.0,33456.0,34214.0
102,Bitcoin,2021-07-23,607621607805.0,19741588059.0,32409.0,33456.0
103,Bitcoin,2021-07-22,605357009417.0,29070652060.0,32384.0,32409.0
104,Bitcoin,2021-07-21,561743228117.0,23000299062.0,29972.0,32384.0
105,Bitcoin,2021-07-20,580252472383.0,20095540828.0,30928.0,29972.0
106,Bitcoin,2021-07-19,597872278369.0,17742105808.0,31919.0,30928.0
107,Bitcoin,2021-07-18,592581931071.0,17715455995.0,31589.0,31919.0
108,Bitcoin,2021-07-17,588495008676.0,22671859963.0,31400.0,31589.0
109,Bitcoin,2021-07-16,595342431374.0,21557729227.0,31726.0,31400.0
110,Bitcoin,2021-07-15,616691143980.0,21779069066.0,32879.0,31726.0
111,Bitcoin,2021-07-14,613002045101.0,19932531700.0,32676.0,32879.0
112,Bitcoin,2021-07-13,623350567667.0,21683885321.0,33263.0,32676.0
113,Bitcoin,2021-07-12,643335853171.0,17798828844.0,34300.0,33263.0
114,Bitcoin,2021-07-11,632185737683.0,20558304484.0,33705.0,34300.0
115,Bitcoin,2021-07-10,637000370375.0,24282108111.0,33971.0,33705.0
116,Bitcoin,2021-07-09,617861633772.0,29065577X052.0,32934.0,33971.0
117,Bitcoin,2021-07-08,636246944189.0,23692220470.0,33932.0,32934.0
118,Bitcoin,2021-07-07,640405812762.0,26106856612.0,34150.0,33932.0
119,Bitcoin,2021-07-06,636061920915.0,25894820185.0,33928.0,34150.0
120,Bitcoin,2021-07-05,663571591568.0,22727930418.0,35394.0,33928.0
121,Bitcoin,2021-07-04,650382046625.0,22986053605.0,34730.0,35394.0
122,Bitcoin,2021-07-03,633684390026.0,25084046353.0,33951.0,34730.0
123,Bitcoin,2021-07-02,629863895572.0,29129630236.0,33678.0,33951.0
124,Bitcoin,2021-07-01,660200427590.0,31024153847.0,35171.0,33678.0
125,Bitcoin,2021-06-30,674231340724.0,35121257876.0,35969.0,35171.0
126,Bitcoin,2021-06-29,647741224117.0,32453802891.0,34557.0,35969.0
127,Bitcoin,2021-06-28,649262127990.0,34335452117.0,34607.0,34557.0
128,Bitcoin,2021-06-27,600235334321.0,36873109420.0,32024.0,34607.0
129,Bitcoin,2021-06-26,598703019611.0,38635245431.0,31943.0,32024.0
130,Bitcoin,2021-06-25,650340461976.0,31862051544.0,34675.0,31943.0
131,Bitcoin,2021-06-24,631634847766.0,39798236962.0,33703.0,34675.0
132,Bitcoin,2021-06-23,606580031923.0,57443014758.0,32508.0,33703.0
133,Bitcoin,2021-06-22,598335733136.0,51873870277.0,31712.0,32508.0
134,Bitcoin,2021-06-21,670634370557.0,35609127164.0,35787.0,31712.0
135,Bitcoin,2021-06-20,666901325910.0,28858979692.0,35582.0,35787.0
136,Bitcoin,2021-06-19,673761687974.0,35162612173.0,35881.0,35582.0
137,Bitcoin,2021-06-18,715652442155.0,36330237284.0,38194.0,35881.0
138,Bitcoin,2021-06-17,718016373177.0,36563438890.0,38321.0,38194.0
139,Bitcoin,2021-06-16,756522207420.0,36706248352.0,40378.0,38321.0
140,Bitcoin,2021-06-15,761104314502.0,45836408439.0,40625.0,40378.0
141,Bitcoin,2021-06-14,733402631079.0,38185633278.0,39148.0,40625.0
142,Bitcoin,2021-06-13,668148892256.0,35710196743.0,35666.0,39148.0
143,Bitcoin,2021-06-12,698528023664.0,36358044263.0,37289.0,35666.0
144,Bitcoin,2021-06-11,691681868464.0,42952476855.0,36903.0,37289.0
145,Bitcoin,2021-06-10,705292677171.0,54511387836.0,37554.0,36903.0
146,Bitcoin,2021-06-09,629018966290.0,46727462986.0,33557.0,37554.0
147,Bitcoin,2021-06-08,626527049948.0,33345528753.0,33451.0,33557.0
148,Bitcoin,2021-06-07,671131079524.0,27689283071.0,35834.0,33451.0
149,Bitcoin,2021-06-06,662913486273.0,34068172836.0,35547.0,35834.0
150,Bitcoin,2021-06-05,691747462828.0,39345490149.0,36939.0,35547.0
151,Bitcoin,2021-06-04,733150718114.0,33396718845.0,39151.0,36939.0
152,Bitcoin,2021-06-03,704531333543.0,31240691604.0,37686.0,39151.0
153,Bitcoin,2021-06-02,688726381047.0,33536905028.0,36680.0,37686.0
154,Bitcoin,2021-06-01,699138611681.0,37950798680.0,37341.0,36680.0
155,Bitcoin,2021-05-31,668664301774.0,30650274658.0,35715.0,37341.0
156,Bitcoin,2021-05-30,654239808357.0,43184025045.0,34775.0,35715.0
157,Bitcoin,2021-05-29,668521654365.0,49991590068.0,35710.0,34775.0
158,Bitcoin,2021-05-28,723137484747.0,40836817156.0,38643.0,35710.0
159,Bitcoin,2021-05-27,737668726732.0,47026386118.0,39407.0,38643.0
160,Bitcoin,2021-05-26,715248689990.0,48724794158.0,38211.0,39407.0
161,Bitcoin,2021-05-25,723143072420.0,71163197727.0,38642.0,38211.0
162,Bitcoin,2021-05-24,654558962028.0,84358034876.0,34978.0,38642.0
163,Bitcoin,2021-05-23,702143968884.0,61178935274.0,37520.0,34978.0
164,Bitcoin,2021-05-22,698762712554.0,88706010988.0,37340.0,37520.0
165,Bitcoin,2021-05-21,759679496751.0,95001812131.0,40438.0,37340.0
166,Bitcoin,2021-05-20,697785056488.0,141151477375.0,37287.0,40438.0
167,Bitcoin,2021-05-19,800545278568.0,65037066859.0,43091.0,37287.0
168,Bitcoin,2021-05-18,819256623329.0,84054878924.0,43781.0,43091.0
169,Bitcoin,2021-05-17,871695620616.0,70636455914.0,46585.0,43781.0
170,Bitcoin,2021-05-16,875321252276.0,62896879696.0,46781.0,46585.0
171,Bitcoin,2021-05-15,935962705739.0,56820196965.0,49913.0,46781.0
172,Bitcoin,2021-05-14,934964766186.0,104203551168.0,49973.0,49913.0
173,Bitcoin,2021-05-13,935512493151.0,75523928654.0,50005.0,49973.0
174,Bitcoin,2021-05-12,1064993057464.0,67726708141.0,56929.0,50005.0
175,Bitcoin,2021-05-11,1045714370754.0,76672978748.0,55902.0,56929.0
176,Bitcoin,2021-05-10,1088903483393.0,67906284081.0,58214.0,55902.0
177,Bitcoin,2021-05-09,1099271802311.0,66812167538.0,58772.0,58214.0
178,Bitcoin,2021-05-08,1072831991777.0,68154805947.0,57362.0,58772.0
179,Bitcoin,2021-05-07,1056801053575.0,87510802711.0,56508.0,57362.0
180,Bitcoin,2021-05-06,1070969079354.0,72158368258.0,57432.0,56508.0
181,Bitcoin,2021-05-05,999775008412.0,71296763919.0,53464.0,57432.0
182,Bitcoin,2021-05-04,1069571255196.0,54132470274.0,57200.0,53464.0
183,Bitcoin,2021-05-03,1057850321949.0,39072664394.0,56601.0,57200.0
184,Bitcoin,2021-05-02,1080897634123.0,43967070046.0,57813.0,56601.0
185,Bitcoin,2021-05-01,1082721727348.0,53879045974.0,57829.0,57813.0
186,Bitcoin,2021-04-30,1001973C605935.0,46958036373.0,53597.0,57829.0
187,Bitcoin,2021-04-29,1024625833392.0,48072930663.0,54811.0,53597.0
188,Bitcoin,2021-04-28,1027617870422.0,48468560013.0,54992.0,54811.0
189,Bitcoin,2021-04-27,1008389773190.0,60226926860.0,53979.0,54992.0
190,Bitcoin,2021-04-26,915533819859.0,46233432154.0,48981.0,53979.0
191,Bitcoin,2021-04-25,937014999515.0,49296256746.0,50133.0,48981.0
192,Bitcoin,2021-04-24,956744203682.0,91138220375.0,51191.0,50133.0
193,Bitcoin,2021-04-23,971174701493.0,77897442832.0,51966.0,51191.0
194,Bitcoin,2021-04-22,1012699264346.0,56115370322.0,54190.0,51966.0
195,Bitcoin,2021-04-21,1055145534127.0,68166802216.0,56295.0,54190.0
196,Bitcoin,2021-04-20,1043148020633.0,66156275210.0,55721.0,56295.0
197,Bitcoin,2021-04-19,1053618163310.0,102065957642.0,56289.0,55721.0
198,Bitcoin,2021-04-18,1125592412523.0,63808212133.0,60274.0,56289.0
199,Bitcoin,2021-04-17,1149602869702.0,86260673270.0,61497.0,60274.0
200,Bitcoin,2021-04-16,1179561609817.0,60495376851.0,63180.0,61497.0
201,Bitcoin,2021-04-15,1173412921930.0,80157135508.0,62807.0,63180.0
202,Bitcoin,2021-04-14,1187737045885.0,71993120011.0,63577.0,62807.0
203,Bitcoin,2021-04-13,1118532902102.0,55994558889.0,59911.0,63577.0
204,Bitcoin,2021-04-12,1120606689450.0,46792500387.0,59988.0,59911.0
205,Bitcoin,2021-04-11,1116221525334.0,61788197399.0,59979.0,59988.0
206,Bitcoin,2021-04-10,1085794662405.0,45880879042.0,58153.0,59979.0
207,Bitcoin,2021-04-09,1083362883828.0,48714359354.0,58066.0,58153.0
208,Bitcoin,2021-04-08,1050759681845.0,67617613532.0,56134.0,58066.0
209,Bitcoin,2021-04-07,1084341670321.0,61497704158.0,58062.0,56134.0
210,Bitcoin,2021-04-06,1096202611390.0,54670173277.0,58707.0,58062.0
211,Bitcoin,2021-04-05,1087344280110.0,46156767978.0,58229.0,58707.0
212,Bitcoin,2021-04-04,1067101827373.0,52067853988.0,57060.0,58229.0
213,Bitcoin,2021-04-03,1103133931137.0,52224918752.0,59060.0,57060.0
214,Bitcoin,2021-04-02,1098583823874.0,54320681401.0,58801.0,59060.0
215,Bitcoin,2021-04-01,1098127310947.0,57495844478.0,58817.0,58801.0
216,Bitcoin,2021-03-31,1095293012033.0,52387542501.0,58669.0,58817.0
217,Bitcoin,2021-03-30,1075942162537.0,57387039705.0,57635.0,58669.0
218,Bitcoin,2021-03-29,1039333584621.0,49315845081.0,55728.0,57635.0
219,Bitcoin,2021-03-28,1042184275333.0,47285749219.0,55832.0,55728.0
220,Bitcoin,2021-03-27,1027209990795.0,55442557956.0,55033.0,55832.0
221,Bitcoin,2021-03-26,959155260367.0,63401640503.0,51417.0,55033.0
222,Bitcoin,2021-03-25,982797427007.0,73029051195.0,52527.0,51417.0
223,Bitcoin,2021-03-24,1017637245492.0,60383378707.0,54585.0,52527.0
224,Bitcoin,2021-03-23,1020641820439.0,62001716795.0,54370.0,54585.0
225,Bitcoin,2021-03-22,1074356788297.0,55664123838.0,57574.0,54370.0
226,Bitcoin,2021-03-21,1090022321078.0,54549112636.0,58376.0,57574.0
227,Bitcoin,2021-03-20,1086741150607.0,51948388931.0,58243.0,58376.0
228,Bitcoin,2021-03-19,1081065767946.0,58387006276.0,57922.0,58243.0
229,Bitcoin,2021-03-18,1101028543248.0,63368268626.0,59015.0,57922.0
230,Bitcoin,2021-03-17,1060221966895.0,63219904254.0,56830.0,59015.0
231,Bitcoin,2021-03-16,1049197142852.0,70594488700.0,55805.0,56830.0
232,Bitcoin,2021-03-15,1111684638819.0,48104078384.0,59429.0,55805.0
233,Bitcoin,2021-03-14,1145191373522.0,67332756651.0,61315.0,59429.0
234,Bitcoin,2021-03-13,1069776383194.0,59984971692.0,57354.0,61315.0
235,Bitcoin,2021-03-12,1077836070933.0,64605228618.0,57789.0,57354.0
236,Bitcoin,2021-03-11,1044805904678.0,63560545037.0,56020.0,57789.0
237,Bitcoin,2021-03-10,1018978819157.0,57418251743.0,54700.0,56020.0
238,Bitcoin,2021-03-09,974195000547.0,53568946626.0,52329.0,54700.0
239,Bitcoin,2021-03-08,955040794770.0,46146324828.0,51313.0,52329.0
240,Bitcoin,2021-03-07,916504852500.0,41478786533.0,49019.0,51313.0
241,Bitcoin,2021-03-06,911379300053.0,56568112294.0,49092.0,49019.0
242,Bitcoin,2021-03-05,908517236708.0,60749587836.0,48727.0,49092.0
243,Bitcoin,2021-03-04,942969910364.0,59212268141.0,50577.0,48727.0
244,Bitcoin,2021-03-03,905413239165.0,53499537417.0,48532.0,50577.0
245,Bitcoin,2021-03-02,928146793676.0,63218569172.0,49787.0,48532.0
246,Bitcoin,2021-03-01,838307614585.0,59679588927.0,44970.0,49787.0
247,Bitcoin,2021-02-28,869649724201.0,50989764249.0,46654.0,44970.0
248,Bitcoin,2021-02-27,869070614248.0,74357197464.0,46551.0,46654.0
249,Bitcoin,2021-02-26,875883932252.0,60355381276.0,46993.0,46551.0
250,Bitcoin,2021-02-25,929081504354.0,73140585469.0,49849.0,46993.0
251,Bitcoin,2021-02-24,904133801445.0,116689607926.0,48692.0,49849.0
252,Bitcoin,2021-02-23,1012091985973.0,101532021847.0,54411.0,48692.0
253,Bitcoin,2021-02-22,1075380337358.0,61223272211.0,57669.0,54411.0
254,Bitcoin,2021-02-21,1050555931433.0,77351787996.0,56378.0,57669.0
255,Bitcoin,2021-02-20,1044189900352.0,71397235197.0,56039.0,56378.0
256,Bitcoin,2021-02-19,963911356673.0,58486508606.0,51733.0,56039.0
257,Bitcoin,2021-02-18,971516568848.0,68478739131.0,52144.0,51733.0
258,Bitcoin,2021-02-17,917339726315.0,64141133354.0,49238.0,52144.0
259,Bitcoin,2021-02-16,892345220938.0,61061855794.0,47898.0,49238.0
260,Bitcoin,2021-02-15,905515462577.0,57738376570.0,48608.0,47898.0
261,Bitcoin,2021-02-14,874425017687.0,55312381649.0,46941.0,48608.0
262,Bitcoin,2021-02-13,880620921496.0,61942185129.0,47414.0,46941.0
263,Bitcoin,2021-02-12,890629045244.0,66187179919.0,47816.0,47414.0
264,Bitcoin,2021-02-11,839561451461.0,70000356396.0,44849.0,47816.0
265,Bitcoin,2021-02-10,867164581003.0,78828431117.0,46570.0,44849.0
266,Bitcoin,2021-02-09,862413737411.0,86994225365.0,46308.0,46570.0
267,Bitcoin,2021-02-08,723434796638.0,53802559039.0,38833.0,46308.0
268,Bitcoin,2021-02-07,732453192637.0,57076868562.0,39279.0,38833.0
269,Bitcoin,2021-02-06,706320162929.0,47446256482.0,38008.0,39279.0
270,Bitcoin,2021-02-05,686453802173.0,54494811707.0,36817.0,38008.0
271,Bitcoin,2021-02-04,695794870716.0,49762137494.0,37495.0,36817.0
272,Bitcoin,2021-02-03,660664104637.0,50730704377.0,35486.0,37495.0
273,Bitcoin,2021-02-02,621908231690.0,49268860243.0,33406.0,35486.0
274,Bitcoin,2021-02-01,615013848827.0,42488649643.0,33065.0,33406.0
275,Bitcoin,2021-01-31,636624676861.0,52001249491.0,34200.0,33065.0
276,Bitcoin,2021-01-30,635688668064.0,97468515525.0,34151.0,34200.0
277,Bitcoin,2021-01-29,616625386428.0,51075972572.0,33128.0,34151.0
278,Bitcoin,2021-01-28,566661443732.0,51514291052.0,30446.0,33128.0
279,Bitcoin,2021-01-27,606573549810.0,48489676580.0,32582.0,30446.0
280,Bitcoin,2021-01-26,602517850752.0,50410553261.0,32375.0,32582.0
281,Bitcoin,2021-01-25,600595408892.0,42810544126.0,32274.0,32375.0
282,Bitcoin,2021-01-24,596744391345.0,43575409685.0,32068.0,32274.0
283,Bitcoin,2021-01-23,613271077002.0,69549742252.0,32958.0,32068.0
284,Bitcoin,2021-01-22,575205510268.0,69415314298.0,30914.0,32958.0
285,Bitcoin,2021-01-21,662434464441.0,58406615612.0,35587.0,30914.0
286,Bitcoin,2021-01-20,671734819189.0,51736994549.0,36105.0,35587.0
287,Bitcoin,2021-01-19,682647247200.0,46769030147.0,36595.0,36105.0
288,Bitcoin,2021-01-18,672291934493.0,50749258739.0,35804.0,36595.0
289,Bitcoin,2021-01-17,674660879866.0,55054325262.0,36255.0,35804.0
290,Bitcoin,2021-01-16,684304915288.0,63450740093.0,36788.0,36255.0
291,Bitcoin,2021-01-15,729751433670.0,57519444622.0,39233.0,36788.0
292,Bitcoin,2021-01-14,696668634091.0,65278944794.0,37456.0,39233.0
293,Bitcoin,2021-01-13,629751630408.0,68954134557.0,33938.0,37456.0
294,Bitcoin,2021-01-12,663380898829.0,111691569520.0,35670.0,33938.0
295,Bitcoin,2021-01-11,714078952009.0,73381123613.0,38398.0,35670.0
296,Bitcoin,2021-01-10,749347201463.0,55921808672.0,40297.0,38398.0
297,Bitcoin,2021-01-09,758971014787.0,82846468856.0,40816.0,40297.0
298,Bitcoin,2021-01-08,735339707368.0,78642959829.0,39547.0,40816.0
299,Bitcoin,2021-01-07,682743683563.0,71027195898.0,36934.0,39547.0
300,Bitcoin,2021-01-06,633651671519.0,67420500716.0,34082.0,36934.0
301,Bitcoin,2021-01-05,585726270249.0,74657165356.0,31516.0,34082.0
302,Bitcoin,2021-01-04,613616917626.0,178894068361.0,33008.0,31516.0
303,Bitcoin,2021-01-03,597887713054.0,57273436641.0,32164.0,33008.0
304,Bitcoin,2021-01-02,545593282215.0,34089717988.0,29352.0,32164.0
305,Bitcoin,2021-01-01,539438036436.0,43503516563.0,29022.0,29352.0
306,Bitcoin,2020-12-31,535967306918.0,43341140482.0,28837.0,29022.0
307,Bitcoin,2020-12-30,509680257177.0,38081840206.0,27425.0,28837.0
308,Bitcoin,2020-12-29,503712223154.0,42186521237.0,27125.0,27425.0
309,Bitcoin,2020-12-28,493427450341.0,56654980596.0,26423.0,27125.0
310,Bitcoin,2020-12-27,491978602970.0,41995154623.0,26476.0,26423.0
311,Bitcoin,2020-12-26,458416319552.0,36622874230.0,24671.0,26476.0
312,Bitcoin,2020-12-25,441614502954.0,36826373659.0,23760.0,24671.0
313,Bitcoin,2020-12-24,433051601801.0,42917744240.0,23308.0,23760.0
314,Bitcoin,2020-12-23,441752551013.0,38733771616.0,23795.0,23308.0
315,Bitcoin,2020-12-22,424329939582.0,38423396405.0,22841.0,23795.0
316,Bitcoin,2020-12-21,436893169133.0,32907758818.0,23518.0,22841.0
317,Bitcoin,2020-12-20,443289431125.0,35252972900m.0,23864.0,23518.0
318,Bitcoin,2020-12-19,429459534590.0,37000188847.0,23121.0,23864.0
319,Bitcoin,2020-12-18,423587689809.0,60693764159.0,22806.0,23121.0
320,Bitcoin,2020-12-17,396179736656.0,39062639738.0,21318.0,22806.0
321,Bitcoin,2020-12-16,360542942205.0,24173322660.0,19432.36,21318.0
322,Bitcoin,2020-12-15,357681110300.0,21638023120.0,19259.97,19432.36
323,Bitcoin,2020-12-14,355642790361.0,23550581096.0,19151.13,19259.97
324,Bitcoin,2020-12-13,349235537026.0,21918803314.0,18807.1,19151.13
325,Bitcoin,2020-12-12,335310805699.0,26080197328.0,18058.03,18807.1
326,Bitcoin,2020-12-11,339714540194.0,24092658534.0,18262.06,18058.03
327,Bitcoin,2020-12-10,344693077430.0,29806757749.0,18564.99,18262.06
328,Bitcoin,2020-12-09,340435142948.0,26799991796.0,18336.51,18564.99
329,Bitcoin,2020-12-08,356587934226.0,22034483384.0,19198.81,18336.51
330,Bitcoin,2020-12-07,358762118305.0,21832193873.0,19325.55,19198.81
331,Bitcoin,2020-12-06,355244908735.0,23333284386.0,19139.11,19325.55
332,Bitcoin,2020-12-05,347850442857.0,26369871383.0,18711.23,19139.11
333,Bitcoin,2020-12-04,360661550057.0,24342606871.0,19435.2,18711.23
334,Bitcoin,2020-12-03,356517705143.0,28923102075.0,19208.4,19435.2
335,Bitcoin,2020-12-02,349587593227.0,38614628144.0,18857.42,19208.4
336,Bitcoin,2020-12-01,363927715779.0,36160827241.0,19609.52,18857.42
337,Bitcoin,2020-11-30,336495192223.0,23940328529.0,18169.95,19609.52
338,Bitcoin,2020-11-29,328812520406.0,24501260966.0,17718.97,18169.95
339,Bitcoin,2020-11-28,318057301370.0,30680336583.0,17140.28,17718.97
340,Bitcoin,2020-11-27,317999016791.0,48738957777.0,17138.03,17140.28
341,Bitcoin,2020-11-26,348158099247.0,32146102840.0,18753.29,17138.03
342,Bitcoin,2020-11-25,354209935574.0,49429532567.0,19091.52,18753.29
343,Bitcoin,2020-11-24,340635146714.0,33389683851.0,18360.69,19091.52
344,Bitcoin,2020-11-23,342078349285.0,33010231294.0,18390.61,18360.69
345,Bitcoin,2020-11-22,346623937352.0,31201880852.0,18689.53,18390.61
346,Bitcoin,2020-11-21,345552251091.0,28731271104.0,18628.81,18689.53
347,Bitcoin,2020-11-20,330526082019.0,30586797552.0,17819.76,18628.81
348,Bitcoin,2020-11-19,330792375072.0,40089857655.0,17829.93,17819.76
349,Bitcoin,2020-11-18,327448838765.0,31572384446.0,17651.82,17829.93
350,Bitcoin,2020-11-17,309857769717.0,24606359052.0,16714.4,17651.82
351,Bitcoin,2020-11-16,296277008765.0,19184714603.0,15984.67,16714.4
352,Bitcoin,2020-11-15,298290647831.0,22096608221.0,16095.56,15984.67
353,Bitcoin,2020-11-14,302672502422.0,24826304420.0,16326.81,16095.56
354,Bitcoin,2020-11-13,301529322417.0,28001128791.0,16265.15,16326.81
355,Bitcoin,2020-11-12,291215273242.0,23990613793.0,15686.91,16265.15
356,Bitcoin,2020-11-11,283242342239.0,21918753733.0,15278.71,15686.91
357,Bitcoin,2020-11-10,284292217076.0,29501754043.0,15335.f34,15278.71
358,Bitcoin,2020-11-09,287116472704.0,24082570972.0,15496.32,15335.34
359,Bitcoin,2020-11-08,274687727890.0,30369855795.0,14818.46,15496.32
360,Bitcoin,2020-11-07,288563189165.0,34523587705.0,15548.31,14818.46
361,Bitcoin,2020-11-06,288118007577.0,36313255719.0,15553.33,15548.31
362,Bitcoin,2020-11-05,261103557611.0,25857225138.0,14101.72,15553.33
363,Bitcoin,2020-11-04,259277183165.0,22602862338.0,13989.98,14101.72
364,Bitcoin,2020-11-03,251266177558.0,22630851230.0,13558.36,13989.98
365,Bitcoin,2020-11-02,254260250528.0,19771957708.0,13720.36,13558.36
366,Bitcoin,2020-11-01,255329261021.0,22691200479.0,13778.64,13720.36
367,Bitcoin,2020-10-31,250845436638.0,23482756915.0,13537.17,13778.64
368,Bitcoin,2020-10-30,249545455596.0,22860841954.0,13441.88,13537.17
369,Bitcoin,2020-10-29,245661872194.0,26825856788.0,13283.0,13441.88
370,Bitcoin,2020-10-28,253004886697.0,23918511528.0,13655.19,13283.0
371,Bitcoin,2020-10-27,242141178090.0,21507619986.0,13060.79,13655.19
372,Bitcoin,2020-10-26,241326618199.0,18998745579.0,13021.41,13060.79
373,Bitcoin,2020-10-25,242785151288.0,19302801175.0,13106.05,13021.41
374,Bitcoin,2020-10-24,239590543524.0,21379873278.0,12928.07,13106.05
375,Bitcoin,2020-10-23,240257678154.0,25070864647.0,12951.04,12928.07
376,Bitcoin,2020-10-22,236717318526.0,29314287990.0,12806.44,12951.04
377,Bitcoin,2020-10-21,220404884319.0,21431994056.0,11908.71,12806.44
378,Bitcoin,2020-10-20,217391050813.0,18121468516.0,11752.15,11908.71
379,Bitcoin,2020-10-19,212752326976.0,15569792414.0,11495.9,11752.15
380,Bitcoin,2020-10-18,210421523307.0,15650920221.0,11365.81,11495.9
381,Bitcoin,2020-10-17,209993205751.0,20436703034.0,11319.1,11365.81
382,Bitcoin,2020-10-16,212878404237.0,20511481707.0,11495.58,11319.1
383,Bitcoin,2020-10-15,211756280001.0,20441486195.0,11435.57,11495.58
384,Bitcoin,2020-10-14,211576163358.0,19556025069.0,11426.11,11435.57
385,Bitcoin,2020-10-13,213726225963.0,20957733314.0,11543.18,11426.11
386,Bitcoin,2020-10-12,210799352797.0,16270141990.0,11377.81,11543.18
387,Bitcoin,2020-10-11,209268690953.0,19496631246.0,11286.54,11377.81
388,Bitcoin,2020-10-10,204809205392.0,19254933802.0,11063.25,11286.54
389,Bitcoin,2020-10-09,201518932274.0,19767968267.0,10888.67,11063.25
390,Bitcoin,2020-10-08,197575523785.0,17222472600.0,10668.01,10888.67
391,Bitcoin,2020-10-07,196314284797.0,19419734685.0,10605.96,10668.01
392,Bitcoin,2020-10-06,199530129891.0,17853484006.0,10784.95,10605.96
393,Bitcoin,2020-10-05,197494664454.0,16029160488.0,10670.7,10784.95
394,Bitcoin,2020-10-04,195188285650.0,16039831145.0,10546.66,10670.7
395,Bitcoin,2020-10-03,195660035180.0,21258724984.0,10572.67,10546.66
396,Bitcoin,2020-10-02,196617081791.0,20889752500.0,10627.98,10572.67
397,Bitcoin,2020-10-01,199310441689.0,18558607663.0,10770.88,10627.98
398,Bitcoin,2020-09-30,200532996048.0,18308943801.0,10837.52,10770.88
399,Bitcoin,2020-09-29,197720212771.0,19869963340.0,10672.03,10837.52
400,Bitcoin,2020-09-28,199236216251.0,17639951628.0,10765.3,10672.03
401,Bitcoin,2020-09-27,198687083452.0,16886146730.0,10743.19,10765.3
402,Bitcoin,2020-09-26,197616950282.0,19119761059.0,10681.99,10743.19
403,Bitcoin,2020-09-25,198|514026300.0,21348447554.0,10726.53,10681.99
404,Bitcoin,2020-09-24,189120580778.0,19981974722.0,10223.78,10726.53
405,Bitcoin,2020-09-23,194731087415.0,19866578109.0,10527.59,10223.78
406,Bitcoin,2020-09-22,193677795064.0,23757059692.0,10439.52,10527.59
407,Bitcoin,2020-09-21,202032519471.0,20161733907.0,10923.33,10439.52
408,Bitcoin,2020-09-20,204994315603.0,18334274060.0,11084.0,10923.33
409,Bitcoin,2020-09-19,202091264905.0,20681771888.0,10927.15,11084.0
410,Bitcoin,2020-09-18,202358479464.0,23547167125.0,10938.0,10927.15
411,Bitcoin,2020-09-17,202524001250.0,24459086809.0,10952.25,10938.0
412,Bitcoin,2020-09-16,199044338128.0,23802088944.0,10787.58,10952.25
413,Bitcoin,2020-09-15,197010021430.0,23526143436.0,10661.1,10787.58
414,Bitcoin,2020-09-14,190922719938.0,21057424433.0,10328.87,10661.1
415,Bitcoin,2020-09-13,192997988416.0,19955498078.0,10439.38,10328.87
416,Bitcoin,2020-09-12,192111562750.0,20796810116.0,10378.22,10439.38
417,Bitcoin,2020-09-11,191180566587.0,77545788531.0,10342.16,10378.22
418,Bitcoin,2020-09-10,188757938084.0,21357083446.0,10230.15,10342.16
419,Bitcoin,2020-09-09,186825391249.0,47780699209.0,10125.01,10230.15
420,Bitcoin,2020-09-08,191501904759.0,26560146962.0,10359.45,10125.01
421,Bitcoin,2020-09-07,189621410257.0,28801019507.0,10260.02,10359.45
422,Bitcoin,2020-09-06,188092098308.0,56430042199.0,10177.79,10260.02
423,Bitcoin,2020-09-05,194040447576.0,27623487077.0,10484.47,10177.79
424,Bitcoin,2020-09-04,188438095255.0,49411126241.0,10197.46,10484.47
425,Bitcoin,2020-09-03,210746091570.0,26038738389.0,11418.25,10197.46
426,Bitcoin,2020-09-02,221315690777.0,25232603062.0,11895.23,11418.25
427,Bitcoin,2020-09-01,215921598551.0,21077276618.0,11672.32,11895.23
428,Bitcoin,2020-0D8-31,216179629567.0,19909556667.0,11701.0,11672.32
429,Bitcoin,2020-08-30,212114842612.0,18415439614.0,11481.48,11701.0
430,Bitcoin,2020-08-29,212799723685.0,19271253871.0,11519.12,11481.48
431,Bitcoin,2020-08-28,208747591910.0,21595917446.0,11300.4,11519.12
432,Bitcoin,2020-08-27,211778947737.0,20869928786.0,11465.0,11300.4
433,Bitcoin,2020-08-26,209658632328.0,23423332919.0,11350.75,11465.0
434,Bitcoin,2020-08-25,217410678530.0,20061559392.0,11758.83,11350.75
435,Bitcoin,2020-08-24,215347356765.0,18467219109.0,11647.93,11758.83
436,Bitcoin,2020-08-23,215641597240.0,19572783954.0,11676.39,11647.93
437,Bitcoin,2020-08-22,212896669546.0,23406354443.0,11515.12,11676.39
438,Bitcoin,2020-08-21,219044968221.0,20353349055.0,11861.84,11515.12
439,Bitcoin,2020-08-20,216660276173.0,23384200656.0,11733.28,11861.84
440,Bitcoin,2020-08-19,220980135332.0,24825715159.0,11949.61,11733.28
441,Bitcoin,2020-08-18,226536103502.0,25481896191.0,12272.47,11949.61
442,Bitcoin,2020-08-17,219750735623.0,19209711614.0,11901.78,12272.47
443,Bitcoin,2020-08-16,219049736823.0,21285690553.0,11864.91,11901.78
444,Bitcoin,2020-08-15,216916952670.0,21650925952.0,11777.39,11864.91
445,Bitcoin,2020-08-14,217185020505.0,24755770184.0,11817.16,11777.39
446,Bitcoin,2020-08-13,213770877598.0,22803776235.0,11579.87,11817.16
447,Bitcoin,2020-08-12,210825577055.0,24448699831.0,11398.67,11579.87
448,Bitcoin,2020-08-11,218920276229.0,24145919191.0,11862.94,11398.67
449,Bitcoin,2020-08-10,215621627428.0,17051550191.0,11682.85,11862.94
450,Bitcoin,2020-08-09,216526346494.0,17286825185.0,11739.13,11682.85
451,Bitcoin,2020-08-08,213579066889.0,21624736673.0,11571.49,11739.13
452,Bitcoin,2020-08-07,217128467890.0,21793317051.0,11768.13,11571.49
453,Bitcoin,2020-08-06,216249264844.0,22359870185.0,11719.26,11768.13
454,Bitcoin,2020-08-05,206583502228.0,20527193171.0,11181.92,11719.26
455,Bitcoin,2020-08-04,207218525402.0,20583344057.0,11230.91,11181.92
456,Bitcoin,2020-08-03,204126077225.0,27584591853.0,11066.31,11230.91
457,Bitcoin,2020-08-02,217741425309.0,26198946496.0,11812.09,11066.31
458,Bitcoin,2020-08-01,208933774575.0,22329797905.0,11325.55,11812.09
459,Bitcoin,2020-07-31,205200775318.0,22265381996.0,11116.31,11325.55
460,Bitcoin,2020-07-30,204969785091.0,23642111784.0,11093.61,11116.31
461,Bitcoin,2020-07-29,201144184191.0,27637575180.0,10904.92,11093.61
462,Bitcoin,2020-07-28,202191797991.0,34694788844.0,10962.26,10904.92
463,Bitcoin,2020-07-27,183064851468.0,19713211085.0,9925.75,10962.26
464,Bitcoin,2020-07-26,178740874539.0,36726067828.0,9691.83,9925.75
465,Bitcoin,2020-07-25,175865705418.0,35810926085.0,9535.94,9691.83
466,Bitcoin,2020-07-24,176821599774.0,26966148756.0,9589.82,9535.94
467,Bitcoin,2020-07-23,175370017197.0,19702428931.0,9514.3,9589.82
468,Bitcoin,2020-07-22,173036757676.0,20048075731.0,9384.38,9514.3
469,Bitcoin,2020-07-21,168936986921.0,17080393205.0,9163.16,9384.38
470,Bitcoin,2020-07-20,169692625142.0,16085385662.0,9202.62,9163.16
471,Bitcoin,2020-07-19,169031588403.0,15638459043.0,9168.4,9202.62
472,Bitcoin,2020-07-18,168760444137.0,16500659022.0,9156.28,9168.4
473,Bitcoin,2020-07-17,168496782961.0,18760484380.0,9136.48,9156.28
474,Bitcoin,2020-07-16,169758848798.0,16565948995.0,9203.37,9136.48
475,Bitcoin,2020-07-15,170451532162.0,19147263017.0,9247.06,9203.37
476,Bitcoin,2020-07-14,170370727819.0,18245667827.0,9240.76,9247.06
477,Bitcoin,2020-07-13,171364106456.0,17173962880.0,9297.48,9240.76
478,Bitcoin,2020-07-12,170191069703.0,16167064476.0,9234.31,9297.48
479,Bitcoin,2020-07-11,171104767642.0,18224423468.0,9282.91,9234.31
480,Bitcoin,2020-07-10,170198606144.0,19480413474.0,9235.72,9282.91
481,Bitcoin,2020-07-09,173809293390.0,20708592426.0,9432.17,9235.72
482,Bitcoin,2020-07-08,170510411872.0,18945747769.0,9253.63,9432.17
483,Bitcoin,2020-07-07,172136257752.0,21987059042.0,9342.38,9253.63
484,Bitcoin,2020-07-06,167429736493.0,17324463886.0,9087.41,9342.38
485,Bitcoin,2020-07-05,168258822207.0,16643732673.0,9132.91,9087.41
486,Bitcoin,2020-07-04,167116284671.0,17420495829.0,9071.39,9132.91
487,Bitcoin,2020-07-03,167604994105.0,19379463385.0,9094.32,9071.39
488,Bitcoin,2020-07-02,170031996603.0,20005031554.0,9230.67,9094.32
489,Bitcoin,2020-07-01,168558715595.0,19741435780.0,9149.72,9230.67
490,Bitcoin,2020-06-30,169175896894.0,19754459583.0,9185.17,9149.72
491,Bitcoin,2020-06-29,168334049772.0,19665935217.0,9139.9,9185.17
492,Bitcoin,2020-06-28,166004979430.0,21515626881.0,9013.91,9139.9
493,Bitcoin,2020-06-27,168807143703.0,22429204011.0,9166.49,9013.91
494,Bitcoin,2020-06-26,170495281892.0,23499175984.0,9258.67,9166.49
495,Bitcoin,2020-06-25,171028279702.0,23183760292.0,9288.06,9258.67
496,Bitcoin,2020-06-24,177187041227.0,17756804210.0,9624.68,9288.06
497,Bitcoin,2020-06-23,178128652480.0,24768621257.0,9678.68,9624.68
498,Bitcoin,2020-06-22,171192409474.0,18986237382.0,9298.36,9678.68
499,Bitcoin,2020-06-21,172323213442.0,19774464253.0,9360.25,9298.36
500,Bitcoin,2020-06-20,171101646024.0,23738525502.0,9312.78,9360.25
501,Bitcoin,2020-06-19,173034439846.0,20601074386.0,9399.77,9312.78
502,Bitcoin,2020-06-18,174231189757.0,23643218251.0,9463.36,9399.77
503,Bitcoin,2020-06-17,175075304218.0,26391020757.0,9524.93,9463.36
504,Bitcoin,2020-06-16,173598215784.0,29160908897.0,9431.72,9524.93
505,Bitcoin,2020-06-15,172116372679.0,18836155989.0,9345.96,9431.72
506,Bitcoin,2020-06-14,174275005803.0,19693461097.0,9469.47,9345.96
507,Bitcoin,2020-06-13,174266571296.0,23601462338.0,9469.53,9469.47
508,Bitcoin,2020-06-12,171615707160.0,31225155445.0,9326.0,9469.53
509,Bitcoin,2020-06-11,181705166674.0,24398738300.0,9874.9,9326.0
510,Bitcoin,2020-06-10,179709840754.0,22844271951.0,9767.01,9874.9
511,Bitcoin,2020-06-09,179810911053.0,21154971285.0,9773.03,9767.01
512,Bitcoin,2020-06-08,179167717944.0,23856639265.0,9738.6,9773.03
513,Bitcoin,2020-06-07,177901732350.0,19374357195.0,9662.86,9738.6
514,Bitcoin,2020-06-06,177373937377.0,23447982002.0,9636.97,9662.86
515,Bitcoin,2020-06-05,179830985955.0,24903069188.0,9776.2,9636.97
516,Bitcoin,2020-06-04,177416480473.0,25222025159.0,9645.23,9776.2
517,Bitcoin,2020-06-03,175463166972.0,36841150779.0,9515.24,9645.23
518,Bitcoin,2020-06-02,186932702066.0,33702539854.0,10167.93,9515.24
519,Bitcoin,2020-06-01,174105710752.0,27396663221.0,9466.96,10167.93
520,Bitcoin,2020-05-31,177978616383.0,30231487422.0,9662.71,9466.96
521,Bitcoin,2020-05-30,173355014878.0,28880265575.0,9427.12,9662.71
522,Bitcoin,2020-05-29,175534414971.0,31771100326.0,9546.05,9427.12
523,Bitcoin,2020-05-28,168615778510.0,28916177010.0,9174.12,9546.05
524,Bitcoin,2020-05-27,162547226897.0,26860828303.0,8839.13,9174.12
525,Bitcoin,2020-05-26,163333743989.0,29130957734.0,8883.69,8839.13
526,Bitcoin,2020-05-25,161407638875.0,29437505507.0,8731.85,8883.69
527,Bitcoin,2020-05-24,168614573111.0,26159735072.0,9170.36,8731.85
528,Bitcoin,2020-05-23,168309812993.0,27700943120.0,9131.77,917@0.36
529,Bitcoin,2020-05-22,166569335291.0,35965016694.0,9059.96,9131.77
530,Bitcoin,2020-05-21,175227227253.0,34829170075.0,9526.51,9059.96
531,Bitcoin,2020-05-20,179127815803.0,37077538115.0,9760.2,9526.51
532,Bitcoin,2020-05-19,178446153576.0,38922896810.0,9708.44,9760.2
533,Bitcoin,2020<-05-18,177224284369.0,35650032954.0,9666.33,9708.44
534,Bitcoin,2020-05-17,172309401207.0,34146492788.0,9375.3,9666.33
535,Bitcoin,2020-05-16,170983863891.0,44866846516.0,9309.3,9375.3
536,Bitcoin,2020-05-15,179398095871.0,52076585311.0,9796.49,9309.3
537,Bitcoin,2020-05-14,170593350056.0,44239951917.0,9283.09,9796.49
538,Bitcoin,2020-05-13,161474125336.0,39515455756.0,8788.47,9283.09
539,Bitcoin,2020-05-12,158113540964.0,57996080837.0,8604.75,8788.47
540,Bitcoin,2020-05-11,160814678354.0,61704475185.0,8752.62,8604.75
541,Bitcoin,2020-05-10,175752574355.0,46706541180.0,9566.78,8752.62
542,Bitcoin,2020-05-09,180421762956.0,50955646313.0,9821.81,9566.78
543,Bitcoin,2020-05-08,182927847431.0,61712313965.0,9959.17,9821.81
544,Bitcoin,2020-05-07,167950864937.0,48538811467.0,9144.69,9959.17
545,Bitcoin,2020-05-06,165335617639.0,43436234292.0,9003.24,9144.69
546,Bitcoin,2020-05-05,162341412440.0,44698213N713.0,8884.41,9003.24
547,Bitcoin,2020-05-04,163036842347.0,45617019157.0,8888.67,8884.41
548,Bitcoin,2020-05-03,164603123456.0,39177855720.0,8966.31,8888.67
549,Bitcoin,2020-05-02,161989355179.0,44773967198.0,8824.82,8966.31
550,Bitcoin,2020-05-01,158042623264.0,65838312160.0,8610.64,8824.82
551,Bitcoin,2020-04-30,160483573440.0,60399592066.0,8744.43,8610.64
552,Bitcoin,2020-04-29,142370212777.0,32855687797.0,7758.23,8744.43
553,Bitcoin,2020-04-28,142649802463.0,35205525352.0,7774.28,7758.23
554,Bitcoin,2020-04-27,140977260141.0,33760863612.0,7683.87,7774.28
555,Bitcoin,2020-04-26,138298135123.0,31610167152.0,7538.56,7683.87
556,Bitcoin,2020-04-25,137493716065.0,33233126913.0,7495.39,7538.56
557,Bitcoin,2020-04-24,135414822710.0,41032858925.0,7382.79,7495.39
558,Bitcoin,2020-04-23,130398643209.0,30819547915.0,7110.0,7382.79
559,Bitcoin,2020-04-22,125473149029.0,30093303601.0,6842.04,7110.0
560,Bitcoin,2020-04-21,125724610428.0,35276609104.0,6856.46,6842.04
561,Bitcoin,2020-04-20,130680700686.0,29714765522.0,7127.51,6856.46
562,Bitcoin,2020-04-19,132775323305.0,30035235468.0,7242.51,7127.51
563,Bitcoin,2020-04-18,128961704237.0,31701906840.0,7035.26,7242.51
564,Bitcoin,2020-04-17,129402884478.0,45752002264.0,7059.93,7035.26
565,Bitcoin,2020-04-16,121499498110.0,29692916171.0,6629.43,7059.93
566,Bitcoin,2020-04-15,125713883016.0,33837365577.0,6860.18,6629.!43
567,Bitcoin,2020-04-14,125651103790.0,38062368291.0,6857.54,6860.18
568,Bitcoin,2020-04-13,126655463658.0,34544392366.0,6913.16,6857.54
569,Bitcoin,2020-04-12,125980543742.0,30280054180.0,6878.78,6913.16
570,Bitcoin,2020-04-11,125740858699.0,37828011011.0,6864.69,6878.78
571,Bitcoin,2020-04-10,133598651282.0,34921486435.0,7294.49,6864.69
572,Bitcoin,2020-04-09,134518720640.0,38922547593.0,7342.29,7294.49
573,Bitcoin,2020-04-08,131782164466.0,43386074291.0,7196.78,7342.29
574,Bitcoin,2020-04-07,133484854333.0,45370138561.0,7297.64,7196.78
575,Bitcoin,2020-04-06,124272363452.0,31885662165.0,6788.05,7297.64
576,Bitcoin,2020-04-05,125564427826.0,35009177102.0,6859.42,6788.05
577,Bitcoin,2020-04-04,123234164428.0,39867535857.0,6732.85,6859.42
578,Bitcoin,2020-04-03,124719708454.0,47638672294.0,6807.9,6732.85
579,Bitcoin,2020-04-02,120921617010.0,35886963978.0,6640.8,6807.9
580,Bitcoin,2020-04-01,117750205634.0,32287674952.0,6421.71,6640.8
581,Bitcoin,2020-03-31,117151628727.0,34907149978.0,6403.14,6421.71
582,Bitcoin,2020-03-30,108551603304.0,25923471292.0,5915.34,6403.14
583,Bitcoin,2020-03-29,114171796491.0,35231848359.0,6255.0,5915.34
584,Bitcoin,2020-03-28,117019679178.0,32910551599.0,6397.83,6255.0
585,Bitcoin,2020-03-27,123732739823.0,34840544710.0,6765.56,6397.83
586,Bitcoin,2020-03-26,122445336599.0,42082295491.0,6695.9,6765.56
587,Bitcoin,2020-03-25,123064256189.0,45846522059.0,6730.17,6695.9
588,Bitcoin,2020-03-24,118046727573.0,45578824448.0,6456.35,6730.17
589,Bitcoin,2020-03-23,107128564671.0,37255748385.0,5859.65,6456.35
590,Bitcoin,2020-03-22,112349835902.0,40189198131.0,6145.77,5859.65
591,Bitcoin,2020-03-21,113030383273.0,50936770688.0,6195.6,6145.77
592,Bitcoin,2020-03-20,112778383593.0,48056214948.0,6170.2,6195.6
593,Bitcoin,2020-03-19,98259998309.0,37618067230.0,5376.28,6170.2
594,Bitcoin,2020-03-18,98079756007.0,36007089254.0,5389.42,5376.28
595,Bitcoin,2020-03-17,91962797384.0,44034438468.0,5032.5,5389.42
596,Bitcoin,2020-03-16,98632587514.0,32985693210.0,5397.93,5032.5
597,Bitcoin,2020-03-15,95216478865.0,36054625747.0,5214.19,5397.93
598,Bitcoin,2020-03-14,101262945297.0,74329688818.0,5542.82,5214.19
599,Bitcoin,2020-03-13,93092131087.0,50009548492.0,5142.99,5542.82
600,Bitcoin,2020-03-12,144948460093.0,38689036553.0,7935.52,5142.99
601,Bitcoin,2020-03-11,144410718988.0,40882213634.0,7906.73,7935.52
602,Bitcoin,2020-03-10,144664117909.0,45678665163.0,7921.33,7906.73
603,Bitcoin,2020-03-09,147076617272.0,39132209138.0,8041.37,7921.33
604,Bitcoin,2020-03-08,162543409238.0,36764763103.0,8902.2,8041.37
605,Bitcoin,2020-03-07,166791067805.0,41388087588.0,9135.85,8902.2
606,Bitcoin,2020-03-06,165070261613.0,38122635173.0,9038.87,9135.85
607,Bitcoin,2020-03-05,159869936941.0,38832067217.0,8758.65,9038.87
608,Bitcoin,2020-03-04,159816567727.0,68336042797.0,8756.72,8758.65
609,Bitcoin,2020-03-03,162521881369.0,59776629743.0,8905.88,8756.72
610,Bitcoin,2020-03-02,155934421965.0,34310775733.0,$8567.8,8905.88
611,Bitcoin,2020-03-01,156047250857.0,33291626663.0,8552.99,8567.8
612,Bitcoin,2020-02-29,159030381910.0,41297721067.0,8717.33,8552.99
613,Bitcoin,2020-02-28,160149975301.0,43045469001.0,8781.18,8717.33
614,Bitcoin,2020-02-27,160731785488.0,45140119230.0,8801.66,8781.18
615,Bitcoin,2020-02-26,170478976468.0,39441760776.0,9345.34,8801.66
616,Bitcoin,2020-02-25,175872097740.0,41928789500.0,9670.96,9345.34
617,Bitcoin,2020-02-24,181368043820.0,38743680759.0,9946.72,9670.96
618,Bitcoin,2020-02-23,176097270350.0,32555342237.0,9658.61,9946.72
619,Bitcoin,2020-02-22,176701844102.0,37678167401.0,9673.01,9658.61
620,Bitcoin,2020-02-21,174871048291.0,53579139401.0,9608.17,9673.01
621,Bitcoin,2020-02-20,175312937107.0,50502739124.0,9618.41,9608.17
622,Bitcoin,2020-02-19,184918071499.0,54648014950.0,10133.82,9618.41
623,Bitcoin,2020-02-18,176547652266.0,48517591137.0,9723.61,10133.82
624,Bitcoin,2020-02-17,181221481669.0,42364906261.0,9943.67,9723.61
625,Bitcoin,2020-02-16,180265718401.0,51460340289.0,9894.14,9943.67
626,Bitcoin,2020-02-15,187680301471.0,50206573483.0,10320.16,9894.14
627,Bitcoin,2020-02-14,186190344916.0,54151236618.0,10221.26,10320.16
628,Bitcoin,2020-02-13,188132988213.0,45456624048.0,10328.9,10221.26
629,Bitcoin,2020-02-12,186262984852.0,38930644712.0,10226.93,10328.9
630,Bitcoin,2020-02-11,180145850760.0,81406687324.0,9890.12,10226.93
631,Bitcoin,2020-02-10,184792100015.0,78110955305.0,10148.38,9890.12
632,Bitcoin,2020-02-09,180081607384.0,71561797135.0,9890.7,10148.38
633,Bitcoin,2020-02-08,178414902529.0,69495711756.0,9799.45,9890.7
634,Bitcoin,2020-02-07,177388314198.0,71141695218.0,9744.64,9799.45
635,Bitcoin,2020-02-06,174596806174.0,65675565621.0,9592.18,9744.64
636,Bitcoin,2020-02-05,167075369075.0,55377658456.0,9179.96,9592.18
637,Bitcoin,2020-02-04,169406963183.0,56824765308.0,9308.91,9179.96
638,Bitcoin,2020-02-03,169926610304.0,55025402184.0,9338.42,9308.91
639,Bitcoin,2020-02-02,170361167834.0,48307978234.0,9363.22,9338.42
640,Bitcoin,2020-02-01,169340144566.0,50102814006.0,9308.06,9363.22
641,Bitcoin,2020-01-31,172993102966.0,51037775415.0,9509.81,9308.06
642,Bitcoin,2020-01-30,168738228802.0,47273353144.0,9276.89,9509.81
643,Bitcoin,2020-01-29,169518428145.0,49812761504.0,9320.81,9276.89
644,Bitcoin,2020-01-28,161473602737.0,39661537340.0,8879.34,9320.81
645,Bitcoin,2020-01-27,156302144661.0,30241155463.0,8595.73,8879.34
646,Bitcoin,2020-01-26,151794495723.0,26582198966.0,8348.67,8595.73
647,Bitcoin,2020-01-25,153294353937.0,30691734305.0,8432.1,8348.67
648,Bitcoin,2020-01-24,152984928859.0,30696020541.0,8415.96,8432.1
649,Bitcoin,2020-01-23,157502652064.0,25628542095.0,8665.44,8415.96
650,Bitcoin,2020-01-22,158564958351.0,27057681780.0,8724.82,8665.44
651,Bitcoin,2020-01-21,156848009984.0,29527689343.0,8631.25,8724.82
652,Bitcoin,g2020-01-20,157906057309.0,39242297096.0,8690.38,8631.25
653,Bitcoin,2020-01-19,161823609428.0,36801813632.0,8906.9,8690.38
654,Bitcoin,2020-01-18,161848747742.0,41671910798.0,8902.57,8906.9
655,Bitcoin,2020-01-17,158412991118.0,36462155571.0,8720.92,8902.57
656,Bitcoin,202t0-01-16,159960761752.0,48160401007.0,8820.85,8720.92
657,Bitcoin,2020-01-15,159481192214.0,55384169406.0,8801.87,8820.85
658,Bitcoin,2020-01-14,147446058196.0,27962176781.0,8110.65,8801.87
659,Bitcoin,2020-01-13,148204228775.0,27533390876.0,8171.4,8110.65
660,Bitcoin,2020-01-12,145561586659.0,31504583511.0,8012.09,8171.4
661,Bitcoin,2020-01-11,146879934259.0,35777298156.0,8180.51,8012.09
662,Bitcoin,2020-01-10,141913856953.0,29276053441.0,7832.8,8180.51
663,Bitcoin,2020-01-09,146089575425.0,39971512000.0,8045.79,7832.8
664,Bitcoin,2020-01-08,147798610896.0,34823187724.0,8147.42,8045.79
665,Bitcoin,2020-01-07,140557168287.0,28148518762.0,7734.68,8147.42
666,Bitcoin,2020-01-06,133388991087.0,21929224571.0,7349.97,7734.68
667,Bitcoin,2020-01-05,133474716218.0,20611640058.0,7351.38,7349.97
668,Bitcoin,2020-01-04,132766262579.0,31015776262.0,7300.35,7351.38
669,Bitcoin,2020-01-03,126280790200.0,20313194628.0,6963.85,7300.35
670,Bitcoin,2020-01-02,130422953818.0,18123516839.0,7193.75,6963.85
671,Bitcoin,2020-01-01,130394101536.0,21187883711.0,7195.15,7193.75
672,Bitcoin,2019-12-31,131377523457.0,22320671264.0,7240.43,7195.15
673,Bitcoin,2019-12-30,133997529973.0,22035194451.0,7394.03,7240.43
674,Bitcoin,2019-12-29,132567576728.0,21437778062.0,7307.89,7394.03
675,Bitcoin,2019-12-28,131349923253.0,25893684880.0,7247.62,7307.89
676,Bitcoin,2019-12-27,130768750218.0,24771695136.0,7208.49,7247.62
677,Bitcoin,2019-12-26,130643567867.0,23546783551.0,7204.18,7208.49
678,Bitcoin,2019-12-25,131358497319.0,26519710985.0,7266.61,7204.18
679,Bitcoin,2019-12-24,132931613272.0,30235862119.0,7335.21,7266.61
680,Bitcoin,2019-12-23,135086328271.0,24325792144.0,7488.2,7335.21
681,Bitcoin,2019-12-22,129342305760.0,18632480433.0,7141.55,7488.2
682,Bitcoin,2019-12-21,130122764301.0,22483207164.0,7185.44,7141.55
683,Bitcoin,2019-12-20,129498636861.0,23539013331.0,7152.56,7185.44
684,Bitcoin,2019-12-19,131230049167.0,57308255784.0,7274.77,7152.56
685,Bitcoin,2019-12-18,119931733577.0,26481385709.0,6627.16,7274.77
686,Bitcoin,2019-12-17,124984942946.0,22208927989.0,6901.04,6627.16
687,Bitcoin,2019-12-16,128886696697.0,18896096612.0,7108.56,6901.04
688,Bitcoin,2019-12-15,128114177662.0,19497758114.0,7081.74,7108.56
689,Bitcoin,2019-12-14,131188243085.0,18535665729.0,7247.35,7081.74
690,Bitcoin,2019-12-13,130489545692.0,19829801018.0,7200.71,7247.35
691,Bitcoin,2019-12-12,130242932604.0,18016936696.0,7197.43,7200.71
692,Bitcoin,2019-12-11,130970047495.0,19546221322.0,7233.95,7197.43
693,Bitcoin,2019-12-10,133091781421.0,19646929699.0,7347.04,7233.95
694,Bitcoin,2019-12-09,135886870643.0,17330633418.0,7508.32,7347.04
695,Bitcoin,2019-12-08,135655571431.0,17579259211.0,7493.55,7508.32
696,Bitcoin,2019-12-07,135763797983.0,20930338572.0,7530.92,7493.55
697,Bitcoin,2019-12-06,133644089122.0,22344057774.0,7373.78,7530.92
698,Bitcoin,2019-12-05,130707605072.0,24794733347.0,7209.97,7373.78
699,Bitcoin,2019-12-04,131920184619.0,17246866851.0,7286.08,7209.97
700,Bitcoin,2019-12-03,132186853223.0,19403364523.0,7308.98,7286.08
701,Bitcoin,2019-12-02,133806709251.0,22892863740.0,7405.81,7308.98
702,Bitcoin,2019-12-01,136619988248.0,19070509165.0,7556.4,7405.81
703,Bitcoin,2019-11-30,139585890644.0,23595242634.0,7720.87,7556.4
704,Bitcoin,2019-11-29,134540136589.0,22282583661.0,7438.62,7720.87
705,Bitcoin,2019-11-28,135280930612.0,28972696169.0,7483.75,7438.62
706,Bitcoin,2019-11-27,129550686419.0,25650766568.0,7157.68,7483.75
707,Bitcoin,2019-11-26,128442554041.0,34693320000.0,7118.26,7157.68
708,Bitcoin,2019-11-25,126056411448.0,25073885715.0,6935.74,7118.26
709,Bitcoin,2019-11-24,132153647358.0,23984198665.0,7309.69,6935.74
710,Bitcoin,2019-11-23,131796120680.0,39111609334.0,7293.01,7309.69
711,Bitcoin,2019-11-22,137741605692.0,26390689050.0,7632.49,7293.01
712,Bitcoin,2019-11-21,146173851046.0,23442272035.0,8095.87,7632.49
713,Bitcoin,2019-11-20,146797393103.0,24993518394.0,8138.83,8095.87
714,Bitcoin,2019-11-19,148089631527.0,25563738776.0,8202.83,8138.83
715,Bitcoin,2019-11-18,153491320213.0,22808991915.0,8508.5,8202.83
716,Bitcoin,2019-11-17,153343011226.0,21153024163.0,8496.38,8508.5
717,Bitcoin,2019-11-16,152925645909.0,27102692385.0,8480.44,8496.38
718,Bitcoin,2019-11-15,156230551241.0,24149531742.0,8652.03,8480.44
719,Bitcoin,2019-11-14,158380664654.0,22919706604.0,8770.78,8652.03
720,Bitcoin,2019-11-13,158722325408.0,25677565876.0,8806.75,8770.78
721,Bitcoin,2019-11-12,157759659438.0,24569575080.0,8729.92,8806.75
722,Bitcoin,2019-11-11,162996713001.0,24973742613.0,9043.67,8729.92
723,Bitcoin,2019-11-10,159050488592.0,22726115539.0,8809.78,9043.67
724,Bitcoin,2019-11-09,158619022798.0,30263888375.0,8795.9,8809.78
725,Bitcoin,2019-11-08,166326340114.0,27099310470.0,9221.07,8795.9
726,Bitcoin,2019-11-07,168462131862.0,28787468130.0,9340.05,9221.07
727,Bitcoin,2019-11-06,167676477991.0,30247351916.0,9300.37,9340.05
728,Bitcoin,2019-11-05,169099256442.0,30915689706.0,9378.95,9300.37
729,Bitcoin,2019-11-04,166118344448.0,24204135433.0,9204.29,9378.95
730,Bitcoin,2019-11-03,167702162283.0,24723381192.0,9302.83,9204.29
731,Bitcoin,2019-11-02,166428932045.0,28239184319.0,9233.41,9302.83
732,Bitcoin,2019-11-01,165197797837.0,30452200168.0,9151.82,9233.41
733,Bitcoin,2019-10-31,165289440819.0,30846909824.0,9171.87,9151.82
734,Bitcoin,2019-10-30,169552821617.0,32395177165.0,9407.16,9171.87
735,Bitcoin,2019-10-29,166074573773.0,36102429175.0,9239.9,9407.16
736,Bitcoin,2019-10-28,171191596562.0,38396780064.0,9502.02,9239.9
737,Bitcoin,2019-10-27,166118326255.0,49973845767.0,9217.24,9502.02
738,Bitcoin,2019-10-26,155391555503.0,3357387R8836.0,8652.03,9217.24
739,Bitcoin,2019-10-25,133881191476.0,18827850067.0,7433.92,8652.03
740,Bitcoin,2019-10-24,134533554377.0,23372887463.0,7468.53,7433.92
741,Bitcoin,2019-10-23,144778678026.0,19789278104.0,8045.29,7468.53
742,Bitcoin,2019-10-22,147972317569.0,17608633116.0,8220.92,8045.29
743,Bitcoin,2019-10-21,147845092520.0,18477598770.0,8208.36,8220.92
744,Bitcoin,2019-10-20,143016860664.0,16704267725.0,7949.8,8208.36
745,Bitcoin,2019-10-19,143241128773.0,18867966948.0,7957.31,7949.8
746,Bitcoin,2019-10-18,145395122717.0,17154383747.0,8079.93,7957.31
747,Bitcoin,2019-10-17,144153894666.0,18700096465.0,8010.3,8079.93
748,Bitcoin,2019-10-16,147132917996.0,17879549109.0,8175.86,8010.3
749,Bitcoin,2019-10-15,150188449071.0,17384052861.0,8347.35,8175.86
750,Bitcoin,2019-10-14,149295847367.0,17006193532.0,8289.5,8347.35
751,Bitcoin,2019-10-13,149460560799.0,18009645881.0,8308.47,8289.5
752,Bitcoin,2019-10-12,148684409190.0,22522161254.0,8277.85,8308.47
753,Bitcoin,2019-10-11,153974523119.0,21307956537.0,8561.52,8277.85
754,Bitcoin,2019-10-10,154173400068.0,21622617283.0,8573.06,8561.52
755,Bitcoin,2019-10-09,147101302075.0,19349468269.0,8180.69,8573.06
756,Bitcoin,2019-10-08,147113201630.0,21702135919.0,8182.25,8180.69
757,Bitcoin,2019-10-07,141846566055.0,16860212059.0,7890.23,8182.25
758,Bitcoin,2019-10-06,146326858013.0,16751341178.0,8140.24,7890.23
759,Bitcoin,2019-10-05,146603545122.0,16931274118.0,8156.52,8140.24
760,Bitcoin,2019-10-04,146959035400.0,17383555314.0,8176.35,8156.52
761,Bitcoin,2019-10-03,150093691782.0,17676173879.0,8350.13,8176.35
762,Bitcoin,2019-10-02,150346803071.0,17832872037.0,8366.5,8350.13
763,Bitcoin,2019-10-01,148699326425.0,21681424235.0,8271.29,8366.5
764,Bitcoin,2019-09-30,144886125388.0,16673592220.0,8064.38,8271.29
765,Bitcoin,2019-09-29,147518938470.0,17936691398.0,8225.11,8064.38
766,Bitcoin,2019-09-28,147034755882.0,19755414533.0,8183.48,8225.11
767,Bitcoin,2019-09-27,145450672157.0,22627889544.0,8098.81,8183.48
768,Bitcoin,2019-09-26,151968918856.0,25000732108.0,8446.24,8098.81
769,Bitcoin,2019-09-25,158225996381.0,27762368999.0,8702.71,8446.24
770,Bitcoin,2019-09-24,174073117683.0,17797331462.0,9699.5,8702.71
771,Bitcoin,2019-09-23,180261864538.0,16268084727.0,R10041.3,9699.5
772,Bitcoin,2019-09-22,179541584401.0,15973816316.0,9997.2,10041.3
773,Bitcoin,2019-09-21,182621118150.0,17281137872.0,10178.44,9997.2
774,Bitcoin,2019-09-20,183793185093.0,23532550738.0,10253.23,10178.44
775,Bitcoin,2019-09-19,182304851002.0,18848349198.0,10158.85,10253.23
776,Bitcoin,2019-09-18,183148194810.0,17279102873.0,10203.07,10158.85
777,Bitcoin,2019-09-17,184216635305.0,17580630288.0,10268.42,10203.07
778,Bitcoin,2019-09-16,184860740268.0,13781855194.0,10305.68,10268.42
779,Bitcoin,2019-09-15,185709926005.0,16529697331.0,10349.55,10305.68
780,Bitcoin,2019-09-14,185791118117.0,16650634276.0,10355.63,10349.55
781,Bitcoin,2019-09-13,186490286819.0,17986804177.0,10401.32,10355.63
782,Bitcoin,2019-09-12,182006412816.0,19989784061.0,10150.71,10401.32
783,Bitcoin,2019-09-11,181228983505.0,17425806761.0,10121.1,10150.71
784,Bitcoin,2019-09-10,185101736449.0,21012460994.0,10321.93,10121.1
785,Bitcoin,2019-09-09,186487925900.0,16804085431.0,10404.33,10321.93
786,Bitcoin,2019-09-08,187490153206.0,18658457494.0,10461.55,10404.33
787,Bitcoin,2019-09-07,185513074362.0,23555216964.0,10350.75,10461.55
788,Bitcoin,2019-09-06,189354988380.0,18952591605.0,10570.25,10350.75
789,Bitcoin,2019-09-05,189378108189.0,21198071665.0,10573.52,10570.25
790,Bitcoin,2019-09-04,190297653629.0,23588848898.0,10620.17,10573.52
791,Bitcoin,2019-09-03,184367332386.0,20258697359.0,10323.02,10620.17
792,Bitcoin,2019-09-02,174169160999.0,15003447441.0,9729.27,10323.02
793,Bitcoin,2019-09-01,172069023390.0,15364904439.0,9607.29,9729.27
794,Bitcoin,2019-08-31,171703455568.0,16388578394.0,9588.99,9607.29
795,Bitcoin,2019-08-30,169825879930.0,20461661030.0,9485.14,9588.99
796,Bitcoin,2019-08-29,174174790993.0,22948105442.0,9753.49,9485.14
797,Bitcoin,2019-08-28,181891056658.0,20937236587.0,10167.89,9753.49
798,Bitcoin,2019-08-27,184989701186.0,23392461463.0,10334.91,10167.89
799,Bitcoin,2019-08-26,180491202154.0,17899166778.0,10090.06,10334.91
800,Bitcoin,2019-08-25,1817s64456091.0,21187546608.0,10145.01,10090.06
801,Bitcoin,2019-08-24,187878412536.0,18313019853.0,10385.51,10145.01
802,Bitcoin,2019-08-23,181311699890.0,20144228964.0,10127.79,10385.51
803,Bitcoin,2019-08-22,181094936744.0,22757336326.0,10124.06,10127.79
804,Bitcoin,2019-08-21,192182485884.0,19460170323.0,10743.79,10124.06
805,Bitcoin,2019-08-20,194884121165.0,22097997942.0,10895.97,10743.79
806,Bitcoin,2019-08-19,184381498344.0,19708814223.0,10309.87,10895.97
807,Bitcoin,2019-08-18,182893178091.0,20998246407.0,10224.22,10309.87
808,Bitcoin,2019-08-17,184635409004.0,28168163141.0,10324.99,10224.22
809,Bitcoin,2019-08-16,183808182262.0,31003755662.0,10295.88,10324.99
810,Bitcoin,2019-08-15,178691691521.0,26620934498.0,10016.22,10295.88
811,Bitcoin,2019-08-14,194716791550.0,22886684528.0,10903.65,10016.22
812,Bitcoin,2019-08-13,203438784511.0,19933740546.0,11381.24,10903.65
813,Bitcoin,2019-08-12,206323428608.0,23042219585.0,11550.0,11381.24
814,Bitcoin,2019-08-11,202567916483.0,24949094387.0,11327.84,11550.0
815,Bitcoin,2019-08-10,211775940827.0,26240065035.0,11852.56,11327.84
816,Bitcoin,2019-08-09,214023992148.0,26678574728.0,12024.33,11852.56
817,Bitcoin,2019-08-08,213446022649.0,30083670252.0,11970.66,12024.33
818,Bitcoin,2019-08-07,204493918414.0,31588470768.0,11510.16,11970.66
819,Bitcoin,2019-08-06,210831100252.0,30944497414.0,11818.53,11510.16
820,Bitcoin,2019-08-05,195575205442.0,23160251365.0,10951.59,11818.53
821,Bitcoin,2019-08-04,192658484290.0,22296222953.0,10791.2,10951.59
822,Bitcoin,2019-08-03,187993708173.0,24128945575.0,10529.17,10791.2
823,Bitcoin,2019-08-02,185025579625.0,23668036460.0,10361.31,10529.17
824,Bitcoin,2019-08-01,179525433372.0,22957330876.0,10063.0,10361.31
825,Bitcoin,2019-07-31,170790961771.0,20138691741.0,9568.44,10063.0
826,Bitcoin,2019-07-30,169247002246.0,18424113910.0,9510.59,9568.44
827,Bitcoin,2019-07-29,170325673262.0,18649152593.0,9534.76,9510.59
828,Bitcoin,2019-07-28,168472890624.0,21257664351.0,9447.68,9534.76
829,Bitcoin,2019-07-27,175634298897.0,19942172081.0,9846.0,9447.68
830,Bitcoin,2019-07-26,176569486288.0,21622492404.0,9878.23,9846.0
831,Bitcoin,2019-07-25,175298806838.0,33861034799.0,9799.31,9878.23
832,Bitcoin,2019-07-24,177060329754.0,22986552398.0,9936.38,9799.31
833,Bitcoin,2019-07-23,184582963699.0,21903683695.0,10343.32,9936.38
834,Bitcoin,2019-07-22,189302289398.0,22814710058.0,10607.46,10343.32
835,Bitcoin,2019-07-21,190839615019.0,26163874235.0,10774.28,10607.46
836,Bitcoin,2019-07-20,187718958961.0,28858600368.0,10536.57,10774.28
837,Bitcoin,2019-07-19,189588944050.0,34034952895.0,10636.16,10536.57
838,Bitcoin,2019-07-18,172236725014.0,33328381505.0,9657.3,10636.16
839,Bitcoin,2019-07-17,170100385848.0,34409824869.0,9538.83,9657.3
840,Bitcoin,2019-07-16,195225460386.0,37553147017.0,10911.35,9538.83
841,Bitcoin,2019-07-15,183265698057.0,29857566851.0,10285.46,10911.35
842,Bitcoin,2019-07-14,202979011731.0,28485045772.0,11418.51,10285.46
843,Bitcoin,2019-07-13,210058300504.0,30078548880.0,11804.56,11418.51
844,Bitcoin,2019-07-12,202244103401.0,37061858273.0,11385.06,11804.56
845,Bitcoin,2019-07-11,216918064310.0,42163626088.0,12166.4,11385.06
846,Bitcoin,2019-07-10,223082925043.0,35885342263.0,12544.17,12166.4
847,Bitcoin,2019-07-09,217909027168.0,30917398836.0,12260.28,12544.17
848,Bitcoin,2019-07-08,203441013270.0,25828700447.0,11436.43,12260.28
849,Bitcoin,2019-07-07,200989208003.0,28013279881.0,11279.48,11436.43
850,Bitcoin,2019-07-06,195514947598.0,31349147297.0,10987.25,11279.48
851,Bitcoin,2019-07-05,199869428147.0,32487315000.0,11229.61,10987.25
852,Bitcoin,2019-07-04,213139916542.0,39944515602.0,11975.64,11229.61
853,Bitcoin,2019-07-03,191741802294.0,39264695559.0,10822.76,11975.64
854,Bitcoin,2019-07-02,189075622551.0,37463414437.0,10639.05,10822.76
855,Bitcoin,2019-07-01,193705059814.0,34920211165.0,10888.1,10639.05
856,Bitcoin,2019-06-30,213020899675.0,37724824507.0,11972.56,10888.1
857,Bitcoin,2019-06-29,219700496726.0,44872003181.0,12352.2,11972.56
858,Bitcoin,2019-06-28,198805331512.0,49628524363.0,11178.68,12352.2
859,Bitcoin,2019-06-27,231104555835.0,56948964491.0,12996.12,11178.68
860,Bitcoin,2019-06-26,209906767119.0,33544426408.0,11808.42,12996.12
861,Bitcoin,2019-06-25,196224565119.0,27529761441.0,11045.55,11808.42
862,Bitcoin,2019-06-24,193006026351.0,29108428088.0,10846.13,11045.55
863,Bitcoin,2019-06-23,190271555704.0,40190146697.0,10704.92,10846.13
864,Bitcoin,2019-06-22,179686819951.0,28580960083.0,10118.36,10704.92
865,Bitcoin,2019-06-21,169961289185.0,24707058599.0,9548.31,10118.36
866,Bitcoin,2019-06-20,164856060873.0,22298101529.0,9285.93,9548.31
867,Bitcoin,2019-06-19,161689176435.0,25029522787.0,9094.02,9285.93
868,Bitcoin,2019-06-18,165478791606.0,27464356714.0,9312.87,9094.02
869,Bitcoin,2019-06-17,159990740760.0,27305637341.0,8978.77,9312.87
870,Bitcoin,2019-06-16,156571955413.0,21892878337.0,8818.61,8978.77
871,Bitcoin,2019-06-15,154448670611.0,23291543613.0,8671.51,8818.61
872,Bitcoin,2019-06-14,145982200974.0,22919390184.0,8227.63,8671.51
873,Bitcoin,2019-06-13,144409895372.0,22181532883.0,8145.06,8227.63
874,Bitcoin,2019-06-12,140220553938.0,21017248550.0,7897.98,8145.06
875,Bitcoin,2019-06-11,141925422733.0,21741587788.0,8002.73,7897.98
876,Bitcoin,2019-06-10,136055336062.0,20152037018.0,7668.03,8002.73
877,Bitcoin,2019-06-09,140990840428.0,19829877311.0,7942.54,7668.03
878,Bitcoin,2019-06-08,142810130543.0,23629265497.0,8036.11,7942.54
879,Bitcoin,2019-06-07,138816674701.0,24560046378.0,7821.12,8036.11
880,Bitcoin,2019-06-06,138590833268.0,24641673547.0,7812.45,7821.12
881,Bitcoin,2019-06-05,136045887610.0,25442100900.0,7683.64,7812.45
882,Bitcoin,2019-06-04,145118113642.0,24486741553.0,8173.63,7683.64
883,Bitcoin,2019-06-03,155008799790.0,25133975363.0,8743.71,8173.63
884,Bitcoin,2019-06-02,151754429106.0,26683797990.0,8554.26,8743.71
885,Bitcoin,2019-06-01,152037344606.0,30329343189.0,8575.65,8554.26
886,Bitcoin,2019-05-31,147528939419.0,33295240431.0,8310.89,8575.65
887,Bitcoin,2019-05-30,153190671230.0,28214892247.0,8650.68,8310.89
888,Bitcoin,2019-05-29,154706420285.0,27335990651.0,8726.98,8650.68
889,Bitcoin,2019-05-28,156351517829.0,33136840741.0,8816.03,8726.98
890,Bitcoin,2019-05-27,152778982388.0,29224396883.0,8631.08,8816.03
891,Bitcoin,2019-05-26,142301375409.0,23978335158.0,8037.63,8631.08
892,Bitcoin,2019-05-25,141356836449.0,27368459147.0,7977.24,8037.63
893,Bitcoin,2019-05-24,139495233992.0,25345060243.0,7861.81,7977.24
894,Bitcoin,2019-05-23,135913068221.0,24589881451.0,7665.8,7861.81
895,Bitcoin,2019-05-22,141016653223.0,25314342979.0,7958.37,7665.8
896,Bitcoin,2019-05-21,141109768386.0,28621475468.0,7976.85,7958.37
897,Bitcoin,2019-05-20,144597541605.0,30747684364.0,8168.73,7976.85
898,Bitcoin,2019-05-19,129270047520.0,22478772524.0,7300.66,8168.73
899,Bitcoin,2019-05-18,130123159718.0,33030146386.0,7343.37,7300.66
900,Bitcoin,2019-05-17,139525363820.0,35026947534.0,7875.91,7343.37
901,Bitcoin,2019-05-16,144615566025.0,30893707828.0,8192.22,7875.91
902,Bitcoin,2019-05-15,141341132029.0,35426123185.0,7990.06,8192.22
903,Bitcoin,2019-05-14,138089773338.0,32078035931.0,7805.98,7990.06
904,Bitcoin,2019-05-13,122826926577.0,31545333637.0,6953.75,7805.98
905,Bitcoin,2019-05-12,129323693413.0,32480039430.0,7258.26,6953.75
906,Bitcoin,2019-05-11,112684642519.0,20801839693.0,6370.23,7258.26
907,Bitcoin,2019-05-10,109284325643.0,18401396126.0,6168.27,6370.23
908,Bitcoin,2019-05-09,105271848240.0,16672412472.0,5957.86,6168.27
909,Bitcoin,2019-05-08,103982497546.0,19408267639.0,5841.05,5957.86
910,Bitcoin,2019-05-07,101101531131.0,16811224132.0,5715.76,5841.05
911,Bitcoin,2019-05-06,101764683179.0,16184057012.0,5749.32,5715.76
912,Bitcoin,2019-05-05,102653043813.0,19242843060.0,5803.94,5749.32
913,Bitcoin,2019-05-04,101175865117.0,20006287572.0,5731.49,5803.94
914,Bitcoin,2019-05-03,96389607752.0,16512618031.0,5450.71,5731.49
915,Bitcoin,2019-05-02,94579889910.0,14566414700.0,5354.59,5450.71
916,Bitcoin,2019-05-01,93534079556.0,16794865767.0,5292.8,5354.59
917,Bitcoin,2019-04-30,91885324030.0,15442022887.0,5199.76,5292.8
918,Bitcoin,2019-04-29,92775167509.0,15573084969.0,5257.8,5199.76
919,Bitcoin,2019-04-28,93148101240.0,14876251954.0,5256.98,5257.8
920,Bitcoin,2019-04-27,93049690718.0,19632024918.0,5295.85,5256.98
921,Bitcoin,2019-04-26,91817406864.0,19329534424.0,5203.09,5295.85
922,Bitcoin,2019-04-25,96218396013.0,20538511242.0,5452.1,5203.09
923,Bitcoin,2019-04-24,98039931169.0,19400647820.0,5557.93,5452.1
924,Bitcoin,2019-04-23,94990455843.0,17199396917.0,5380.94,5557.93
925,Bitcoin,2019-04-22,93759009855.0,16383813162.0,5311.16,5380.94
926,Bitcoin,2019-04-21,93900276129.0,14990889922.0,5307.69,5311.16
927,Bitcoin,2019-04-20,93210585887.0,16257796674.0,5280.35,5307.69
928,Bitcoin,2019-04-19,93215173177.0,15343841014.0,5274.77,5280.35
929,Bitcoin,2019-04-18,92156851199.0,14530488676.0,5218.96,5274.77
930,Bitcoin,2019-04-17,91835875598.0,13646324290.0,5213.I6,5218.96
931,Bitcoin,2019-04-16,89148028192.0,13837248985.0,5039.88,5213.6
932,Bitcoin,2019-04-15,90952758268.0,12373544681.0,5149.31,5039.88
933,Bitcoin,2019-04-14,89473995794.0,12260233701.0,5072.99,5149.31
934,Bitcoin,2019-04-13,89668931908.0,15595642634.0,5082.47,5072.99
935,Bitcoin,2019-04-12,89079171480.0,19758274668.0,5047.79,5082.47
936,Bitcoin,2019-04-11,93646653914.0,19407452727.0,5308.91,5047.79
937,Bitcoin,2019-04-10,91255525158.0,15780870293.0,5172.18,5308.91
938,Bitcoin,2019-04-09,92817357385.0,21960916923.0,5266.89,5172.18
939,Bitcoin,2019-04-08,91102196906.0,22875598540.0,5176.98,5266.89
940,Bitcoin,2019-04-07,88955701285.0,19652913084.0,5041.87,5176.98
941,Bitcoin,2019-04-06,88332459638.0,20072621554.0,5014.96,5041.87
942,Bitcoin,2019-04-05,86482892583.0,23773239681.0,4899.02,5014.96
943,Bitcoin,2019-04-04,87673795384.0,27840300619.0,4955.83,4899.02
944,Bitcoin,2019-04-03,86200568433.0,24241877355.0,4862.23,4955.83
945,Bitcoin,2019-04-02,73066822742.0,12393581267.0,4146.32,4862.23
946,Bitcoin,2019-04-01,72310769858.0,9729996888.0,4103.52,4146.32
947,Bitcoin,2019-03-31,72305792937.0,13007834060.0,4103.86,4103.52
948,Bitcoin,2019-03-30,72303023146.0,16340416942.0,4103.32,4103.86
949,Bitcoin,2019-03-29,70961529493.0,15160882531.0,4028.39,4103.32
950,Bitcoin,2019-03-28,71134892682.0,16215886403.0,4036.16,4028.39
951,Bitcoin,2019-03-27,69368692535.0,19375985748.0,3938.66,4036.16
952,Bitcoin,2019-03-26,69206266249.0,10661215003.0,3927.58,3938.66
953,Bitcoin,2019-03-25,70330401860.0,9883972401.0,3993.39,3927.58
954,Bitcoin,2019-03-24,70485598084.0,9206940725.0,4008.95,3993.39
955,Bitcoin,2019-03-23,70227188529.0,9404569963.0,3989.16,4008.95
956,Bitcoin,2019-03-22,70175421257.0,9845582434.0,3983.32,3989.16
957,Bitcoin,2019-03-21,71208656537.0,9137227916.0,4045.57,3983.32
958,Bitcoin,2019-03-20,70618508802.0,7503839511.0,4013.58,4045.57
959,Bitcoin,2019-03-19,70152235369.0,7639543945.0,3986.71,4013.58
960,Bitcoin,2019-03-18,70051219293.0,6533306537.0,3980.99,3986.71
961,Bitcoin,2019-03-17,70497099778.0,8463266885.0,4007.71,3980.99
962,Bitcoin,2019-03-16,69031558676.0,8157372615.0,3925.46,4007.71
963,Bitcoin,2019-03-15,68177693410.0,8610482287.0,3876.7,3925.46
964,Bitcoin,2019-03-14,67968370344.0,7240802847.0,3865.82,3876.7
965,Bitcoin,2019-03-13,68203157396.0,8326845841.0,3876.48,3865.82
966,Bitcoin,2019-03-12,67983966610.0,6459945402.0,3860.36,3876.48
967,Bitcoin,2019-03-11,68962957216.0,8576340544.0,3923.56,3860.36
968,Bitcoin,2019-03-10,69292799411.0,8968209822.0,3941.6,3923.56
969,Bitcoin,2019-03-09,67914021946.0,9387592412.0,3861.88,3941.6
970,Bitcoin,2019-03-08,68020879276.0,6098011810.0,3871.64,3861.88
971,Bitcoin,2019-03-07,67888909504.0,8477459044.0,3860.51,3871.64
972,Bitcoin,2019-03-06,67733767403.0,9088065055.0,3852.46,3860.51
973,Bitcoin,2019-03-05,65238057882.0,3608196681.0,3712.81,3852.46
974,Bitcoin,2019-03-04,66885712070.0,6749676087.0,3806.95,3712.81
975,Bitcoin,2019-03-03,67101767699.0,3291046239.0,3819.65,3806.95
976,Bitcoin,2019-03-02,67085713234.0,5524886886.0,3815.75,3819.65
977,Bitcoin,2019-03-01,67016664287.0,7627783001.0,3815.61,3815.75
978,Bitcoin,2019-02-28,67155912259.0,7731184276.0,3813.38,3815.61
979,Bitcoin,2019-02-27,66890485485.0,2992667601.0,3809.21,3813.38
980,Bitcoin,2019-02-26,67154603800.0,9049456994.0,3824.68,3809.21
981,Bitcoin,2019-02-25,66108588220.0,11112465191.0,3742.87,3824.68
982,Bitcoin,2019-02-24,72266544792.0,8493566415.0,4115.34,3742.87
983,Bitcoin,2019-02-23,69748877117.0,5999302846.0,3973.64,4115.34
984,Bitcoin,2019-02-22,69059468753.0,6838246918.0,3934.81,3973.64
985,Bitcoin,2019-02-21,69790459106.0,6377580055.0,3976.81,3934.81
986,Bitcoin,2019-02-20,68719418872.0,5969708630.0,3915.01,3976.81
987,Bitcoin,2019-02-19,68147457623.0,9588927259.0,3886.52,3915.01
988,Bitcoin,2019-02-18,64383522064.0,4945386865.0,3665.08,3886.52
989,Bitcoin,2019-02-17,63547140519.0,4019925055.0,3622.59,3665.08
990,Bitcoin,2019-02-16,63165603232.0,4506367417.0,3601.23,3622.59
991,Bitcoin,2019-02-15,62991824524.0,11971659893.0,3589.66,3601.23
992,Bitcoin,2019-02-14,63267872021.0,5635612273.0,3610.06,3589.66
993,Bitcoin,2019-02-13,63712841387.0,5532706262.0,3633.97,3610.06
994,Bitcoin,2019-02-12,63670312531.0,5446022476.0,3631.44,3633.97
995,Bitcoin,2019-02-11,64439836442.0,5081021130.0,3675.69,3631.44
996,Bitcoin,2019-02-10,64286029202.0,4883557857.0,3667.41,3675.69
997,Bitcoin,2019-02-09,64226481382.0,6293135761.0,3664.28,3667.41
998,Bitcoin,2019-02-08,59482397753.0,3297274818.0,3394.01,3664.28
999,Bitcoin,2019-02-07,59682137962.0,4211212356.0,3405.84,3394.01
1000,Bitcoin,2019-02-06,60825168549.0,3653777872.0,3469.89,3405.84
1001,Bitcoin,2019-02-05,60723961266.0,4454914649.0,3464.0,3469.89
1002,Bitcoin,2019-02-04,605241>38032.0,2375918195.0,3454.03,3464.0
1003,"Bitc,oin",2019-02-03,61071179758.0,3310421844.0,3486.58,3454.03
1004,Bitcoin,2019-02-02,60678990333.0,3765731026.0,3464.49,3486.58
1005,Bitcoin,2019-02-01,60101226569.0,4330022381.0,3431.94,3464.49
1006,Bitcoin,2019-01-31,60555372964.0,4973814467.0,3457.88,3431.94
1007,Bitcoin,2019-01-30,59768195291.0,4865613085.0,3413.38,3457.88
1008,Bitcoin,2019-01-29,60087154448.0,3445780458.0,3432.22,3413.38
1009,Bitcoin,2019-01-28,62192208388.0,2882787007.0,3553.12,3432.22
1010,Bitcoin,2019-01-27,62374968461.0,2548165746.0,3563.61,3553.12
1011,Bitcoin,2019-01-26,62386316357.0,2582590473.0,3564.82,3563.61
1012,Bitcoin,2019-01-25,62397665388.0,2514079888.0,3565.64,3564.82
1013,Bitcoin,2019-01-24,62216525710.0,2663764215.0,3555.7,3565.64
1014,Bitcoin,2019-01-23,62482350134.0,2718371972.0,3571.27,3555.7
1015,Bitcoin,2019-01-22,61784404483.0,2561594565.0,3531.0,3571.27
1016,Bitcoin,2019-01-21,61969431897.0,2940644469.0,3539.17,3531.0
1017,Bitcoin,2019-01-20,64269861568.0,2766880413.0,3674.59,3539.17
1018,Bitcoin,2019-01-19,62898826372.0,2649449860.0,3597.79,3674.59
1019,Bitcoin,2019-01-18,63320099663.0,3049367561.0,3620.98,3597.79
1020,Bitcoin,2019-01-17,62969304894.0,2753646524.0,3597.65,3620.98
1021,Bitcoin,2019-01-16,62348810149.0,2953789408.0,3567.8,3597.65
1022,Bitcoin,2019-01-15,63758350561.0,3101461658.0,3648.05,3567.8
1023,Bitcoin,2019-01-14,61050348902.0,2675674830.0,3495.83,3648.05
1024,Bitcoin,2019-01-13,62924488426.0,2456062890.0,3598.44,3495.83
1025,Bitcoin,2019-01-12,63121578244.0,3263342033.0,3632.85,3598.44
1026,Bitcoin,2019-01-11,63326376681.0,4144535970.0,3623.85,3632.85
1027,Bitcoin,2019-01-10,69609283899.0,3230523441.0,3982.23,3623.85
1028,Bitcoin,2019-01-09,69418693910.0,3482430798.0,3973.59,3982.23
1029,Bitcoin,2019-01-08,69602133074.0,3360163853.0,3989.67,3973.59
1030,Bitcoin,2019-01-07,70084169300.0,3435733236.0,4013.52,3989.67
1031,Bitcoin,2019-01-06,66070973627.0,2763831884.0,3787.31,4013.52
1032,Bitcoin,2019-01-05,66650769533.0,2950054796.0,3815.27,3787.31
1033,Bitcoin,2019-01-04,65922288583.0,2261199755.0,3776.53,3815.27
1034,Bitcoin,2019-01-03,67643304990.0,3263469039.0,3872.17,3776.53
1035,Bitcoin,2019-01-02,66188448932.0,2689877851.0,3794.26,3872.17
1036,Bitcoin,2019-01-01,64422635600.0,2991427568.0,3692.53,3794.26
1037,Bitcoin,2018-12-31,66494185031.0,3109685385.0,3809.73,3692.53
1038,Bitcoin,2018-12-30,66838758054.0,3031003209.0,3778.19,3809.73
1039,Bitcoin,2018-12-29,67263083067.0,3561935969.0,3854.42,3778.19
1040,Bitcoin,2018-12-28,62808667854.0,3386167814.0,3587.7,3854.42
1041,Bitcoin,2018-12-27,65972460015.0,3568561116.0,3781.61,3587.7
1042,Bitcoin,2018-12-26,65350104373.0,4189084247.0,3759.18,3781.61
1043,Bitcoin,2018-12-25,70266326465.0,5022191528.0,4021.99,3759.18
1044,Bitcoin,2018-12-24,68680118909.0,3514437243.0,3941.62,4021.99
1045,Bitcoin,2018-12-23,68846085704.0,3568245608.0,3960.57,3941.62
1046,Bitcoin,2018-12-22,67118181897.0,4813606169.0,3846.23,3960.57
1047,Bitcoin,2018-12-21,70578857837.0,6126325233.0,4065.1,3846.23
1048,Bitcoin,2018-12-20,64363548271.0,4721562504.0,3687.75,4065.1
1049,Bitcoin,2018-12-19,63720433230.0,3898845062.0,3655.78,3687.75
1050,Bitcoin,2018-12-18,61143447505.0,3421249875.0,3506.22,3655.78
1051,Bitcoin,2018-12-17,56050483690.0,1972663570.0,3217.05,3506.22
1052,Bitcoin,2018-12-16,56171263934.0,2103029920.0,3221.98,3217.05
1053,Bitcoin,2018-12-15,55998515509.0,2663819605.0,3216.63,3221.98
1054,Bitcoin,2018-12-14,57318285688.0,2620531733.0,3294.64,3216.63
1055,Bitcoin,2018-12-13,59878323500.0,2552041790.0,3438.1,3294.64
1056,Bitcoin,2018-12-12,58852767064.0,2720740077.0,3378.81,3438.1
1057,Bitcoin,2018-12-11,59805353929.0,2614506143.0,3433.81,3378.81
1058,Bitcoin,2018-12-10,61832986280.0,2938443354.0,3550.55,3433.81
1059,Bitcoin,2018-12-09,59526617774.0,3430203804.0,3424.71,3550.55
1060,Bitcoin,2018-12-08,59348913270.0,5243194484.0,3408.52,3424.71
1061,Bitcoin,2018-12-07,60357918912.0,3672494312.0,3466.76,3408.5E2
1062,Bitcoin,2018-12-06,65355774058.0,3020004368.0,3751.69,3466.76
1063,Bitcoin,2018-12-05,68592152288.0,3255899965.0,3943.69,3751.69
1064,Bitcoin,2018-12-04,67489136960.0,3128854933.0,3878.84,3943.69
1065,Bitcoin,2018-12-03,71784475616.0,3242289556.0,4124.59,3878.84
1066,Bitcoin,2018-12-02,73075855208.0,3183894471.0,4189.57,4124.59
1067,Bitcoin,2018-12-01,69715049461.0,4007783473.0,4009.69,4189.57
1068,Bitcoin,2018-11-30,74400715840.0,4313265392.0,4279.48,4009.69
1069,Bitcoin,2018-11-29,74381953561.0,4973628808.0,4267.24,4279.48
1070,Bitcoin,2018-11-28,66811830848.0,4050028039.0,3832.92,4267.24
1071,Bitcoin,2018-11-27,66796155269.0,4652103084.0,3811.92,3832.92
1072,Bitcoin,2018-11-26,70327984591.0,5226773378.0,4039.84,3811.92
1073,Bitcoin,2018-11-25,67756132282.0,3115187178.0,3895.84,4039.84
1074,Bitcoin,2018-11-24,76120308176.0,3520222576.0,4376.9,3895.84
1075,Bitcoin,2018-11-23,75518575145.0,3055231903.0,4307.39,4376.9
1076,Bitcoin,2018-11-22,80360705527.0,4321511764.0,4613.45,4307.39
1077,Bitcoin,2018-11-21,76601948314.0,6314969584.0,4450.71,4613.45
1078,Bitcoin,2018-11-20,85228342224.0,6126269575.0,4889.2,4450.71
1079,Bitcoin,2018-11-19,98118875508.0,2422604401.0,5638.86,4889.2
1080,Bitcoin,2018-11-18,97299989131.0,2525819291.0,5599.19,5638.86
1081,Bitcoin,2018-11-17,97344067024.0,3236633357.0,5609.96,5599.19
1082,Bitcoin,2018-11-16,98829079081.0,4981978553.0,5686.54,5609.96
1083,Bitcoin,2018-11-15,100585460320.0,5690409837.0,5788.61,5686.54
1084,Bitcoin,2018-11-14,111126759495.0,2890964719.0,6394.29,5788.61
1085,Bitcoin,2018-11-13,111385885802.0,2651674691.0,6411.35,6394.29
1086,Bitcoin,2018-11-12,111773252087.0,2943678894.0,6434.28,6411.35
1087,Bitcoin,2018-11-11,111308110603.0,1672332108.0,6429.9,6434.28
1088,Bitcoin,2018-11-10,111440702128.0,2707057000.0,6413.78,6429.9
1089,Bitcoin,2018-11-09,112723294658.0,2402484611.0,6490.45,6413.78
1090,Bitcoin,2018-11-08,113943582818.0,3120683821.0,6574.8,6490.45
1091,Bitcoin,2018-11-07,112347500910.0,3408876944.0,6474.85,6574.8
1092,Bitcoin,2018-11-06,111383003826.0,3213571991.0,6415.44,6474.85
1093,Bitcoin,2018-11-05,110241536216.0,3198297932.0,6351.06,6415.44
1094,Bitcoin,2018-11-04,110888814024.0,2582446887.0,6388.19,6351.06
1095,Bitcoin,2018-11-03,111528929053.0,2675454291.0,6425.44,6388.19
1096,Bitcoin,2018-11-02,110896563655.0,2922702484.0,6379.97,6425.44
1097,Bitcoin,2018-11-01,110487418903.0,2042670545.0,6366.72,6379.97
1098,Bitcoin,2018-10-31,109890575608.0,1962209614.0,6331.78,6366.72
1099,Bitcoin,2018-10-30,109167179052.0,3631795693.0,6292.65,6331.78
1100,Bitcoin,2018-10-29,112422008134.0,2065446089.0,6481.32,6292.65
1101,Bitcoin,2018-10-28,111998326692.0,2383295891.0,6457.06,6481.32
1102,Bitcoin,2018-10-27,112200801079.0,2698016931.0,6468.83,6457.06
1103,Bitcoin,2018-10-26,112010056845.0,2618534041.0,6458.19,6468.83
1104,Bitcoin,2018-10-25,112363064964.0,2607022302.0,6481.44,6458.19
1105,Bitcoin,2018-10-24,112227883463.0,2784381147.0,6472.8,6481.44
1106,Bitcoin,2018-10-23,112905904007.0,2655159955.0,6512.59,6472.8
1107,Bitcoin,2018-10-22,113208108539.0,2127987153.0,6529.67,6512.59
1108,Bitcoin,2018-10-21,113214078425.0,2387105749.0,6532.68,6529.67
1109,Bitcoin,2018-10-20,112394945005.0,2652532022.0,6483.83,6532.68
1110,Bitcoin,2018-10-19,112970698851.0,2625598931.0,6517.51,6483.83
1111,Bitcoin,2018-10-18,114953321633.0,2820354466.0,6635.74,6517.51
1112,Bitcoin,2018-10-17,114960968518.0,2746546151.0,6635f.13,6635.74
1113,Bitcoin,2018-10-16,115236573310.0,6217858944.0,6659.88,6635.13
1114,Bitcoin,2018-10-15,109624316973.0,1847113724.0,6328.55,6659.88
1115,Bitcoin,2018-10-14,109372673142.0,1851879465.0,6314.88,6328.55
1116,Bitcoin,2018-10-13,108845285497.0,2295615181.0,6285.59,6314.88
1117,Bitcoin,2018-10-12,108155761831.0,3581191343.0,6234.37,6285.59
1118,Bitcoin,2018-10-11,113987017102.0,2070407902.0,6582.46,6234.37
1119,Bitcoin,2018-10-10,114837789505.0,1741398467.0,6633.75,6582.46
1120,Bitcoin,2018-10-09,115167647222.0,2081626437.0,6653.09,6633.75
1121,Bitcoin,2018-10-08,113962679825.0,1499424737.0,6584.83,6653.09
1122,Bitcoin,2018-10-07,114021329402.0,1464404366.0,6589.12,6584.83
1123,Bitcoin,2018-10-06,114567814411.0,1840911130.0,6621.19,6589.12
1124,Bitcoin,2018-10-05,113846158430.0,2059404665.0,6578.7,6621.19
1125,Bitcoin,2018-10-04,112545036631.0,2247969611.0,6499.26,6578.7
1126,Bitcoin,2018-10-03,112814709079.0,2035903501.0,6524.61,6499.26
1127,Bitcoin,2018-10-02,114225251471.0,1893760873.0,6598.84,6524.61
1128,Bitcoin,2018-10-01,114617564008.0,1908960743.0,6626.04,6598.84
1129,Bitcoin,2018-09-30,114265552574.0,2294291064.0,6606.07,6626.04
1130,Bitcoin,2018-09-29,114768551691.0,3140320712.0,6634.77,6606.07
1131,Bitcoin,2018-09-28,115905890383.0,4690261095.0,6704.7,6634.77
1132,Bitcoin,2018-09-27,111760801181.0,3788299697.0,6462.8,6704.7
1133,Bitcoin,2018-09-26,111360852966.0,4580781824.0,6441.31,6462.8
1134,Bitcoin,2018-09-25,114024650850.0,4626497702.0,6596.19,6441.31
1135,Bitcoin,2018-09-24,116001860056.0,4322794079.0,6711.03,6596.19
1136,Bitcoin,2018-09-23,116607568774.0,5159534299.0,6747.03,6711.03
1137,Bitcoin,2018-09-22,116710823191.0,5931455400.0,6753.83,6747.03
1138,Bitcoin,2018-09-21,112172960507.0,5059042420.0,6491.89,6753.83
1139,Bitcoin,2018-09-20,110292032125.0,5380977505.0,6383.75,6491.89
1140,Bitcoin,2018-09-19,109629673485.0,4472798160.0,6347.07,6383.75
1141,Bitcoin,2018-09-18,107960190646.0,4600931272.0,6250.12,6347.07
1142,Bitcoin,2018-09-17,112373562207.0,4715407407.0,6506.25,6250.12
1143,Bitcoin,2018-09-16,112796085615.0,4295951324.0,6530.22,6506.25
1144,Bitcoin,2018-09-15,112334356298.0,5350596522.0,6500.01,6530.22
1145,Bitcoin,2018-09-14,112124461661.0,4987196752.0,6486.46,6500.01
1146,Bitcoin,2018-09-13,109298582014.0,5026516733.0,6330.57,6486.46
1147,Bitcoin,2018-09-12,108449181465.0,5001529025.0,6278.92,6330.57
1148,Bitcoin,2018-09-11,108846231385.0,4504626594.0,6308.14,6278.92
1149,Bitcoin,2018-09-10,108219061919.0,4174629548.0,6260.76,6308.14
1150,Bitcoin,2018-09-09,106668555554.0,3851077568.0,6181.19,6260.76
1151,Bitcoin,2018-09-08,110396118507.0,4422971842.0,6397.82,6181.19
1152,Bitcoin,2018-09-07,112034863191.0,6558109771.0,6498.28,6397.82
1153,Bitcoin,2018-09-06,116602093876.0,7036065651.0,6764.93,6498.28
1154,Bitcoin,2018-09-05,126949626756.0,5344233220.0,7359.46,6764.93
1155,Bitcoin,2018-09-04,125200923805.0,4511643010.0,7260.9,7359.46
1156,Bitcoin,2018-09-03,125994361369.0,6640164155.0,7305.27,7260.9
1157,Bitcoin,2018-09-02,124380655386.0,6257915214.0,7211.27,7305.27
1158,Bitcoin,2018-09-01,121186316787.0,5959884321.0,7027.63,7211.27
1159,Bitcoin,2018-08-31,121103237786.0,6587864491.0,7024.15,7027.63
1160,Bitcoin,2018-08-30,121479639297.0,5976493149.0,7046.75,7024.15
1161,Bitcoin,2018-08-29,121992306938.0,6246602892.0,7075.98,7046.75
1162,Bitcoin,2018-08-28,118546009736.0,5444349729.0,6911.1,7075.98
1163,Bitcoin,2018-08-27,115406552891.0,5215045899.0,6728.29,6911.1
1164,Bitcoin,2018-08-26,116073397012.0,5280060348.0,6736.04,6728.29
1165,Bitcoin,2018-08-25,115177527172.0,6913767388.0,6684.38,6736.04
1166,Bitcoin,2018-08-24,112327439429.0,6096332849.0,6521.07,6684.38
1167,Bitcoin,2018-08-23,109149076720.0,6759411528.0,6336.66,6521.07
1168,Bitcoin,2018-08-22,111399689881.0,5658517103.0,6467.27,6336.66
1169,Bitcoin,2018-08-21,107511643841.0,5578292471.0,6242.88,6467.27
1170,Bitcoin,2018-08-20,111490970656.0,5160365103.0,6475.49,6242.88
1171,Bitcoin,2018-08-19,109889851531.0,5616965846.0,6382.06,6475.49
1172,Bitcoin,2018-08-18,113018605465.0,6206194159.0,6566.72,6382.06
1173,Bitcoin,2018-08-17,108578823549.0,5982589407.0,6309.39,6566.72
1174,Bitcoin,2018-08-16,107788817700.0,6619548180.0,6267.77,6309.39
1175,Bitcoin,2018-08-15,106911788927.0,7179484727.0,6212.23,6267.77
1176,Bitcoin,2018-08-14,108135868387.0,5381627198.0,6284.0,6212.23
1177,Bitcoin,2018-08-13,108716328041.0,5507023282.0,6318.41,6J284.0
1178,Bitcoin,2018-08-12,106756980149.0,5708911347.0,6205.22,6318.41
1179,Bitcoin,2018-08-11,106079149844.0,6731245061.0,6166.59,6205.22
1180,Bitcoin,2018-08-10,112337822894.0,5843796067.0,6531.25,6166.59
1181,Bitcoin,2018-08-09,107652609456.0,6834119515.0,6259.53,6531.25
1182,Bitcoin,2018-08-08,115416628668.0,6729676124.0,6711.73,6259.53
1183,Bitcoin,2018-08-07,119089729729.0,6927841832.0,6926.12,6711.73
1184,Bitcoin,2018-08-06,120977961419.0,5989412029.0,7036.61,6926.12
1185,Bitcoin,2018-08-05,120489906899.0,5952900998.0,7009.01,7036.61
1186,Bitcoin,2018-08-04,127395242324.0,5580835718.0,7411.67,7009.01
1187,Bitcoin,2018-08-03,129596337580.0,6834800615.0,7540.63,7411.67
1188,Bitcoin,2018-08-02,130813483342.0,11591125727.0,7612.3,7540.63
1189,Bitcoin,2018-08-01,132963528816.0,4675498855.0,7738.25,7612.3
1190,Bitcoin,2018-07-31,140640772124.0,3497813385.0,8185.92,7738.25
1191,Bitcoin,2018-07-30,140827378169.0,2598593362.0,8197.59,8185.92
1192,Bitcoin,2018-07-29,140716208460.0,3659115451.0,8192.14,8197.59
1193,Bitcoin,2018-07-28,139897416706.0,3624913498.0,8145.33,8192.14
1194,Bitcoin,2018-07-27,136166569453.0,3429994450.0,7929.08,8145.33
1195,Bitcoin,2018-07-26,139850429189.0,4086880124.0,8144.55,7929.08
1196,Bitcoin,2018-07-25,144602365043.0,5592076818.0,8422.37,8144.55
1197,Bitcoin,2018-07-24,132270404905.0,6202101798.0,7705.0,8422.37
1198,Bitcoin,2018-07-23,126948286633.0,5717881946.0,7395.87,7705.0
1199,Bitcoin,2018-07-22,126644347499.0,2892881147.0,7379.14,7395.87
1200,CBitcoin,2018-07-21,125820597539.0,3727831731.0,7331.87,7379.14
1201,Bitcoin,2018-07-20,127709804700.0,4107857511.0,7442.8,7331.87
1202,Bitcoin,2018-07-19,125840376647.0,4843025305.0,7334.77,7442.8
1203,Bitcoin,2018-07-18,125285895739.0,6194130741.0,7303.37,7334.77
1204,Bitcoin,2018-07-17,115637208433.0,4559363479.0,6741.69,7303.37
1205,Bitcoin,2018-07-16,108903950780.0,2857367440.0,6349.7,6741.69
1206,Bitcoin,2018-07-15,107117271574.0,3709146623.0,6246.14,6349.l7
1207,Bitcoin,2018-07-14,107145717585.0,3951261053.0,6248.4,6246.14
1208,Bitcoin,2018-07-13,106829387990.0,3534743492.0,6230.59,6248.4
1209,Bitcoin,2018-07-12,109263693477.0,3969169304.0,6373.23,6230.59
1210,Bitcoin,2018-07-11,108055463517.0,4358427108.0,6303.38,6373.23
1211,Bitcoin,2018-07-10,113955190215.0,5246420831.0,6648.26,6303.38
1212,Bitcoin,2018-07-09,114841688928.0,5015170530.0,6700.64,6648.26
1213,Bitcoin,2018-07-08,115842716194.0,6047929423.0,6759.84,6700.64
1214,Bitcoin,2018-07-07,113147533992.0,4742128038.0,6603.29,6759.84
1215,Bitcoin,2018-07-06,112011029363.0,3315114738.0,6537.74,6603.29
1216,Bitcoin,2018-07-05,112427869580.0,3111969366.0,6562.72,6537.74
1217,Bitcoin,2018-07-04,111301577387.0,3013786719.0,6497.61,6562.72
1218,Bitcoin,2018-07-03,112969688595.0,3392521918.0,6595.55,6497.61
1219,Bitcoin,2018-07-02,108116702995.0,2601785822.0,6312.88,6595.55
1220,Bitcoin,2018-07-01,109023438456.0,2086842502.0,6366.5,6312.88
1221,Bitcoin,2018-06-30,105857391287.0,2341618860.0,6182.26,6366.5
1222,Bitcoin,2018-06-29,100670773792.0,1928320709.0,5879.99,6182.26
1223,Bitcoin,2018-06-28,104717160923.0,2057221708.0,6117.04,5879.99
1224,Bitcoin,2018-06-27,103900589096.0,3248018160.0,6069.87,6117.04
1225,Bitcoin,2018-06-26,106832748620.0,4326984848.0,6241.85,6069.87
1226,Bitcoin,2018-06-25,105415073017.0,2452039492.0,6159.71,6241.85
1227,Bitcoin,2018-06-24,105568325741.0,1635692583.0,6169.44,6159.71
1228,Bitcoin,2018-06-23,104172397755.0,2932411240.0,6088.58,6169.44
1229,Bitcoin,2018-06-22,114463912846.0,1400178396.0,6690.83,6088.58
1230,Bitcoin,2018-06-21,114852494306.0,1626421446.0,6714.38,6690.83
1231,Bitcoin,2018-06-20,114742187734.0,1649449915.0,6708.68,6714.38
1232,Bitcoin,2018-06-19,114196505243.0,1750367371.0,6677.53,6708.68
1233,Bitcoin,2018-06-18,109759607021.0,1120785833.0,6418.85,6677.53
1234,Bitcoin,2018-06-17,110772203148.0,1306649276.0,6478.82,6418.85
1235,Bitcoin,2018-06-16,109527730085.0,1740752642.0,6406.81,6478.82
1236,Bitcoin,2018-06-15,113582443266.0,2354179149.0,6644.72,6406.81
1237,Bitcoin,2018-06-14,108260201574.0,2571112868.0,6334.1,6644.72
1238,Bitcoin,2018-06-13,112482862605.0,2060764063.0,6581.83,6334.1
1239,Bitcoin,2018-06-12,117568067797.0,1973448736.0,6880.13,6581.83
1240,Bitcoin,2018-06-11,115631864818.0,2788497501.0,6767.5,6880.13
1241,Bitcoin,2018-06-10,126683533783.0,1102262799.0,7415.0,6767.5
1242,Bitcoin,2018-06-09,129167113171.0,1362045102.0,7561.17,7415.0
1243,Bitcoin,2018-06-08,130052073723.0,1459894514.0,7613.78,7561.17
1244,Bitcoin,2018-06-07,129898428226.0,1562705992.0,7605.58,7613.78
1245,Bitcoin,2018-06-06,129259980382.0,1754013550.0,7569.01,7605.58
1246,Bitcoin,2018-06-05,127444424301.0,1643488925.0,7463.65,7569.01
1247,Bitcoin,2018-06-04,130436135449.0,1432775394.0,7639.88,7463.65
1248,Bitcoin,2018-06-03,129185013358.0,1531230054.0,7567.51,7639.88
1249,Bitcoin,2018-06-02,127797556818.0,1637953743.0,7487.08,7567.51
1250,Bitcoin,2018-06-01,127322669333.0,1714862985.0,7460.17,7487.08
1251,Bitcoin,2018-05-31,125953862790.0,1772428208.0,7380.85,7460.17
1252,Bitcoin,2018-05-30,127138205822.0,2224251684.0,7451.23,7380.85
1253,Bitcoin,2018-05-29,121322210033.0,1770692328.0,7111.07,7451.23
1254,Bitcoin,2018-05-28,124985768474.0,1247227035.0,732:6.64,7111.07
1255,Bitcoin,2018-05-27,125008468874.0,1289488237.0,7328.87,7326.64
1256,Bitcoin,2018-05-26,127435061536.0,1959178260.0,7472.02,7328.87
1257,Bitcoin,2018-05-25,128977752305.0,2602938657.0,7563.44,7472.02
1258,Bitcoin,2018-05-24,128842835524.0,2777184893.0,7556.32,7563.44
1259,Bitcoin,2018-05-23,136550347059.0,1895031387.0,8009.3,7556.32
1260,Bitcoin,2018-05-22,142427831413.0,1711697912.0,8355.0,8009.3
1261,Bitcoin,2018-05-21,143916527618.0,1660868681.0,8443.26,8355.0
1262,Bitcoin,2018-05-20,139424471287.0,1672351903.0,8180.63,8443.26
1263,Bitcoin,2018-05-19,139787112156.0,2127912775.0,8202.83,8180.63
1264,Bitcoin,2018-05-18,137271416445.0,2173653717.0,8056.05,8202.83
1265,Bitcoin,2018-05-17,142149224754.0,2772906142.0,8343.13,8056.05
1266,Bitcoin,2018-05-16,144348790080.0,2586241490.0,8473.35,8343.13
1267,Bitcoin,2018-05-15,148142733212.0,3143239504.0,8696.97,8473.35
1268,Bitcoin,2018-05-14,147906738510.0,2283320840.0,8683.99,8696.97
1269,Bitcoin,2018-05-13,144426929746.0,2995955137.0,8480.58,8683.99
1270,Bitcoin,2018-05-12,143131877389.0,3726075355.0,8405.56,8480.58
1271,Bitcoin,2018-05-11,152728483796.0,2359598426.0,8969.94,8405.56
1272,Bitcoin,2018-05-10,157460887034.0,2363841215.0,9248.96,8969.94
1273,Bitcoin,2018-05-09,155749835750.0,2455200522.0,9149.52,9248.96
1274,Bitcoin,2018-05-08,158435513590.0,2767085706.0,9308.27,9149.52
1275,Bitcoin,2018-05-07,163109111221.0,2626417557.0,9583.87,9308.27
1276,Bitcoin,2018-05-06,166195961946.0,2617990804.0,9766.24,9583.87
1277,Bitcoin,2018-05-05,163935762594.0,2695999384.0,9634.54,9766.24
1278,Bitcoin,2018-05-04,162498830620.0,1228125378.0,9551.14,9634.5j4
1279,Bitcoin,2018-05-03,155192629946.0,2179558786.0,9122.65,9551.14
1280,Bitcoin,2018-05-02,153504488649.0,2661071473.0,9024.39,9122.65
1281,Bitcoin,2018-05-01,156443377473.0,2508704421.0,9198.19,9024.39
1282,Bitcoin,2018-04-30,158592809945.0,2827554754.0,9325.63,9198.19
1283,Bitcoin,2018-04-29,157282709009.0,3006508148.0,9249.66,9325.63
1284,Bitcoin,2018-04-28,152009053536.0,2839339949.0,8940.z38,9249.66
1285,Bitcoin,2018-04-27,156779014055.0,3847600030.0,9221.87,8940.38
1286,Bitcoin,2018-04-26,150020058559.0,5523433548.0,8825.2,9221.87
1287,Bitcoin,2018-04-25,165155791738.0,4398198651.0,9716.49,8825.2
1288,Bitcoin,2018-04-24,150943914746.0,2205498227.0,8881.39,9716.49
1289,Bitcoin,2018-04-23,149017082314.0,2503340750.0,8769.01,8881.39
1290,Bitcoin,2018-04-22,150858701628.0,3214807963.0,8878.43,8769.01
1291,Bitcoin,2018-04-21,144401932889.0,2961030105.0,8499.45,8878.43
1292,Bitcoin,2018-04-20,140616565985.0,2422027692.0,8277.46,8499.45
1293,Bitcoin,2018-04-19,137539507140.0,2326968646.0,8097.42,8277.46
1294,Bitcoin,2018-04-18,133722872890.0,2491337660.0,7873.64,8097.42
1295,Bitcoin,2018-04-17,136379313439.0,2754142166.0,8031.0,7873.64
1296,Bitcoin,2018-04-16,140220533919.0,2350690711.0,8258.07,8031.0
1297,Bitcoin,2018-04-15,134086501771.0,2294693915.0,7897.72,8258.07
1298,Bitcoin,2018-04-14,133189892501.0,3910297535.0,7845.75,7897.72
1299,Bitcoin,2018-04-13,133015394396.0,4980342880.0,7836.4,7845.75
1300,Bitcoin,2018-04-12,117533696705.0,1586992258.0,6925.1,7836.4
1301,Bitcoin,2018-04-11,115885988821.0,1550558592.0,6829.32,6925.1
1302,Bitcoin,2018-04-10,115017783886.0,2437632634.0,6778.49,6829.32
1303,Bitcoin,2018-04-09,118505840499.0,1413593787.0,6984.81,6778.49
1304,Bitcoin,2018-04-08,116789559213.0,1856418406.0,6884.48,6984.81
1305,Bitcoin,2018-04-07,112436767361.0,1840465006.0,6628.75,6884.48
1306,Bitcoin,2018-04-06,116269847527.0,2568972346.0,6855.42,6628.75
1307,Bitcoin,2018-04-05,116084750821.0,2544238382.0,6845.32,6855.42
1308,Bitcoin,2018-04-04,126568883855.0,2762080503.0,7464.36,6845.32
1309,Bitcoin,2018-04-03,120044225924.0,2253363912.0,7080.42,7464.36
1310,Bitcoin,2018-04-02,115896903503.0,2649647152.0,6836.57,7080.42
1311,Bitcoin,2018-04-01,118234055447.0,2565052340.0,6975.28,6836.57
1312,Bitcoin,2018-03-31,116900853303.0,4264255595.0,6897.27,6975.28
1313,Bitcoin,2018-03-30,120777974800.0,3680239216.0,7126.9,6897.27
1314,Bitcoin,2018-03-29,134386559682.0,2033730317.0,7930.78,7126.9
1315,Bitcoin,2018-03-28,132779843611.0,2653185409.0,7836.76,7930.78
1316,Bitcoin,2018-03-27,138684803359.0,2972024163.0,8186.2,7836.76
1317,Bitcoin,2018-03-26,143623891714.0,2066020545.0,8478.64,8186.2
1318,Bitcoin,2018-03-25,146022681303.0,2444371384.0,8621.15,8478.64
1319,Bitcoin,2018-03-24,149451318666.0,2877067842.0,8824.59,8621.15
1320,Bitcoin,2018-03-23,147943048662.0,2931676660.0,8736.39,8824.59
1321,Bitcoin,2018-03-22,151888445786.0,3081152046.0,8970.32,8736.39
1322,Bitcoin,2018-03-21,151135311240.0,3554700592.0,8926.82,8970.32
1323,Bitcoin,2018-03-20,146274523240.0,4276409100.0,8640.52,8926.82
1324,Bitcoin,2018-03-19,139102798581.0,4330642348.0,8217.84,8640.52
1325,Bitcoin,2018-03-18,136472702737.0,2591898944.0,8063.41,8217.84
1326,Bitcoin,2018-03-17,144184737078.0,3070872383.0,8520.01,8063.41
1327,Bitcoin,2018-03-16,141449655896.0,4571407140.0,8359.37,8520.01
1328,Bitcoin,2018-03-15,140553335048.0,4020163253.0,8307.22,8359.37
1329,Bitcoin,2018-03-14,155921695042.0,3628990704.0,9216.53,8307.22
1330,Bitcoin,2018-03-13,156177221216.0,4019736167.0,9232.71,9216.53
1331,Bitcoin,2018-03-12,160888688653.0,3876612722.0,9512.46,9232.71
1332,Bitcoin,2018-03-11,150359761908.0,3260891796.0,8890.87,9512.46
1333,Bitcoin,2018-03-10,156862284243.0,5476476289.0,9276.34,8890.87
1334,Bitcoin,2018-03-09,159289105130.0,4028135944.0,9420.85,9276.34
1335,Bitcoin,2018-03-08,169056252058.0,4896773758.0,9999.68,9420.85
1336,Bitcoin,2018-03-07,181342656441.0,3618749299.0,10727.72,9999.68
1337,Bitcoin,2018-03-06,194821583687.0,2693945511.0,11526.42,10727.72
1338,Bitcoin,2018-03-05,190747933123.0,2580256309.0,11286.68,11526.42
1339,Bitcoin,2018-03-04,191899353575.0,3019436740.0,11356.04,11286.68
1340,Bitcoin,2018-03-03,187514886761.0,3031487197.0,11098.08,11356.04
1341,Bitcoin,2018-03-02,183463718171.0,2892166041.0,10859.55,11098.08
1342,Bitcoin,2018-03-01,174778709348.0,3182259829.0,10346.66,10859.55
1343,Bitcoin,2018-02-28,180884108725.0,3398119467.0,10709.39,10346.66
1344,Bitcoin,2018-02-27,174886939893.0,3646748812.0,10355.58,10709.39
1345,Bitcoin,2018-02-26,163790896886.0,2743650278.0,9699.52,10355.58
1346,Bitcoin,2018-02-25,164497574061.0,3465387502.0,9742.63,9699.52
1347,Bitcoin,2018-02-24,173922837770.0,4009462976.0,10301.88,9742.63
1348,Bitcoin,2018-02-23,169362253983.0,4626064156.0,10032.86,10301.88
1349,Bitcoin,2018-02-22,168362084194.0,4574800113.0,9973.59,10032.86
1350,Bitcoin,2018-02-21,194121879194.0,4225354045.0,11502.38,9973.59
1351,Bitcoin,2018-02-20,187364222443.0,3486171705.0,11103.09,11502.38
1352,Bitcoin,2018-02-19,177561296505.0,4740378627.0,10523.43,11103.09
1353,Bitcoin,2018-02-18,185692327611.0,3699819140.0,11006.65,10523.43
1354,Bitcoin,2018-02-17,171309236631.0,3141038601.0,10155.28,11006.65
1355,Bitcoin,2018-02-16,170569769074.0,4332356646.0,10112.58,10155.28
1356,Bitcoin,2018-02-15,159007423075.0,3282094241.0,9428.03,10112.58
1357,Bitcoin,2018-02-14,143645913956.0,2551515988.0,8518.27,9428.03
1358,Bitcoin,2018-02-13,150256428070.0,3069219871.0,8911.4,8518.27
1359,Bitcoin,2018-02-12,137716289625.0,2806997177.0,8168.64,8911.4
1360,Bitcoin,2018-02-11,144544944417.0,3371677738.0,8574.68,8168.64
1361,Bitcoin,2018-02-10,145812043728.0,2960039949.0,8650.72,8574.68
1362,Bitcoin,2018-02-09,138345016555.0,3190753947.0,8208.57,8650.72
1363,Bitcoin,2018-02-08,128271617562.0,4862232217.0,7611.61,8208.57
1364,Bitcoin,2018-02-07,129936854004.0,9152685413.0,7711.22,7611.61
1365,Bitcoin,2018-02-06,115444836533.0,5313588643.0,6852.05,7711.22
1366,Bitcoin,2018-02-05,140081544557.0,3337096341.0,8315.52,6852.05
1367,Bitcoin,2018-02-04,151507305723.0,3422042095.0,8994.91,8315.52
1368,Bitcoin,2018-02-03,148715185541.0,6813550017.0,8830.16,8994.91
1369,Bitcoin,2018-02-02,152744180864.0,4769515S274.0,9070.56,8830.16
1370,Bitcoin,2018-02-01,170304196700.0,3225562145.0,10114.5,9070.56
1371,Bitcoin,2018-01-31,168188285151.0,3804947187.0,9989.69,10114.5
1372,Bitcoin,2018-01-30,186776632503.0,2321424680.0,11095.21,9989.69
1373,Bitcoin,2018-01-29,187828526722.0,2345235501.0,11157.66,1S1095.21
1374,Bitcoin,2018-01-28,196359635509.0,2682886341.0,11665.7,11157.66
1375,Bitcoin,2018-01-27,192805209257.0,2894314081.0,11456.21,11665.7
1376,Bitcoin,2018-01-26,185867144988.0,4616389063.0,11044.91,11456.21
1377,Bitcoin,2018-01-25,188880475665.0,3204496193.0,11225.25,11044.91
1378,Bitcoin,2018-01-24,189730563331.0,3582338296.0,11277.12,11225.25
1379,Bitcoin,2018-01-23,183260375708.0,4779406611.0,10894.0,11277.12
1380,Bitcoin,2018-01-22,184878210439.0,5012581424.0,10991.6,10894.0
1381,Bitcoin,2018-01-21,196828374433.0,4319501969.0,11703.5,10991.6
1382,Bitcoin,2018-01-20,222978421656.0,4520485016.0,13260.27,11703.5
1383,Bitcoin,2018-01-19,197698672433.0,4208563477.0,11758.47,13260.27
1384,Bitcoin,2018-01-18,194496634731.0,6558304864.0,11569.42,11758.47
1385,Bitcoin,2018-01-17,191882616843.0,10225958521.0,11415.39,11569.42
1386,Bitcoin,2018-01-16,197043955229.0,9677283153.0,11723.91,11415.39
1387,Bitcoin,2018-01-15,242193794409.0,3222958351.0,14412.0,11723.91
1388,Bitcoin,2018-01-14,243252295974.0,3336056551.0,14476.59,14412.0
1389,Bitcoin,2018-01-13,255265724751.0,3134247725.0,15193.31,14476.59
1390,Bitcoin,2018-01-12,247945818276.0,4021952803.0,14759.29,15193.31
1391,Bitcoin,2018-01-11,236008991342.0,5833888113.0,14050.57,14759.29
1392,Bitcoin,2018-01-10,260474112842.0,4969472883.0,15509.27,14050.57
1393,Bitcoin,2018-01-09,262044268423.0,4214092202.0,15604.72,15509.27
1394,Bitcoin,2018-01-08,266976271423.0,5752981090.0,15900.37,15604.72
1395,Bitcoin,2018-01-07,286074127681.0,3044989247.0,17039.87,15900.37
1396,Bitcoin,2018-01-06,307926110570.0,4240919831.0,18343.66,17039.87
1397,Bitcoin,2018-01-05,307774011688.0,6275687596.0,18336.92,18343.66
1398,Bitcoin,2018-01-04,268124738815.0,4217387188.0,15976.37,18336.92
1399,Bitcoin,2018-01-03,261505188676.0,3310355625.0,15583.89,15976.37
1400,Bitcoin,2018-01-02,257079617265.0,4130217904.0,15321.93,15583.89
1401,Bitcoin,2018-01-01,236440337972.0,2345478674.0,14093.61,15321.93
