date,value
10/3/2014, 15039
11/3/2014, 14907
12/3/2014, 7582
13/3/2014, 10674
14/3/2014, 13266
15/3/2014, 14835
16/3/2014, 15790
17/3/2014, 15215
18/3/2014, 14028
19/3/2014, 12337
20/3/2014, 12139
21/3/2014, 14244
22/3/2014, 16098
23/3/2014, 16232
24/3/2014, 15471
25/3/2014, 15255
26/3/2014, 12283
27/3/2014, 11667
28/3/2014, 15969
29/3/2014, 16706
30/3/2014, 17588
1/4/2014, 16988
2/4/2014, 20057
3/4/2014, 12910
4/4/2014, 12716
5/4/2014, 21273
6/4/2014, 16806
7/4/2014, 16970
8/4/2014, 21518
9/4/2014, 17442
10/4/2014, 14225
11/4/2014, 13469
12/4/2014, 15910
13/4/2014, 16935
14/4/2014, 18167
15/4/2014, 32817
16/4/2014, 14474
17/4/2014, 14587
18/4/2014, 12892
19/4/2014, 13595
20/4/2014, 21515
21/4/2014, 20254
22/4/2014, 20217
23/4/2014, 19485
24/4/2014, 13630
25/4/2014, 13823
26/4/2014, 14792
27/4/2014, 19718
28/4/2014, 18545
29/4/2014, 17571
30/4/2014, 21731
31/4/2014, 12882
1/5/2014, 12849
2/5/2014, 16427
3/5/2014, 17858
4/5/2014, 18010
5/5/2014, 18707
6/5/2014, 16611
7/5/2014, 12557
8/5/2014, 12134
9/5/2014, 14497
10/5/2014, 16631
11/5/2014, 19356
12/5/2014, 19092
13/5/2014, 19128
14/5/2014, 16078
15/5/2014, 15810
16/5/2014, 18430
17/5/2014, 18560
18/5/2014, 15957
19/5/2014, 17605
20/5/2014, 17459
21/5/2014, 15113
22/5/2014, 13838
23/5/2014, 16325
24/5/2014, 17005
25/5/2014, 17683
26/5/2014, 17534
27/5/2014, 17587
28/5/2014, 15236
29/5/2014, 15482
30/5/2014, 19860
1/6/2014, 20443
2/6/2014, 21375
3/6/2014, 22046
4/6/2014, 22659
5/6/2014, 16997
6/6/2014, 17331
7/6/2014, 22248
8/6/2014, 24425
9/6/2014, 24542
10/6/2014, 23242
11/6/2014, 20939
12/6/2014, 16719
13/6/2014, 16133
14/6/2014, 20287
15/6/2014, 25031
16/6/2014, 21984
17/6/2014, 23305
18/6/2014, 25897
19/6/2014, 20261
20/6/2014, 16827
21/6/2014, 18501
22/6/2014, 18386
23/6/2014, 20612
24/6/2014, 20448
25/6/2014, 19971
26/6/2014, 16000
27/6/2014, 15621
28/6/2014, 23384
29/6/2014, 21797
30/6/2014, 22092
31/6/2014, 22160
1/7/2014, 21585
2/7/2014, 18531
3/7/2014, 17187
4/7/2014, 20609
5/7/2014, 21073
6/7/2014, 22471
7/7/2014, 24516
8/7/2014, 23126
9/7/2014, 21820
10/7/2014, 20814
11/7/2014, 21388
12/7/2014, 22551
13/7/2014, 23725
14/7/2014, 24887
15/7/2014, 22725
16/7/2014, 23487
17/7/2014, 22608
18/7/2014, 21867
19/7/2014, 24106
20/7/2014, 26924
21/7/2014, 22176
22/7/2014, 21222
23/7/2014, 17389
24/7/2014, 16318
25/7/2014, 19062
26/7/2014, 19596
27/7/2014, 19625
28/7/2014, 22229
29/7/2014, 19838
30/7/2014, 18905
31/7/2014, 17226
1/8/2014, 18661
2/8/2014, 22901
3/8/2014, 22113
4/8/2014, 24968
5/8/2014, 22368
6/8/2014, 21053
7/8/2014, 17730
8/8/2014, 22751
9/8/2014, 16169
10/8/2014, 16616
11/8/2014, 27367
12/8/2014, 24097
13/8/2014, 18209
14/8/2014, 18671
15/8/2014, 23392
16/8/2014, 21176
17/8/2014, 27946
18/8/2014, 21135
19/8/2014, 20775
20/8/2014, 17607
21/8/2014, 17026
22/8/2014, 14984
23/8/2014, 23489
24/8/2014, 20675
25/8/2014, 20757
26/8/2014, 19512
27/8/2014, 17202
28/8/2014, 16636
29/8/2014, 19660
30/8/2014, 21073
1/9/2014, 18636
2/9/2014, 18380
3/9/2014, 20207
4/9/2014, 18214
5/9/2014, 20031
6/9/2014, 25065
7/9/2014, 22543
8/9/2014, 24408
9/9/2014, 24075
10/9/2014, 19090
11/9/2014, 17107
12/9/2014, 17072
13/9/2014, 22018
14/9/2014, 25804
15/9/2014, 23992
16/9/2014, 24445
17/9/2014, 21491
18/9/2014, 20572
19/9/2014, 18259
20/9/2014, 23312
21/9/2014, 22499
22/9/2014, 20348
23/9/2014, 21036
24/9/2014, 11147
25/9/2014, 22449
26/9/2014, 20090
27/9/2014, 21632
28/9/2014, 20173
29/9/2014, 22081
30/9/2014, 22855
31/9/2014, 22906
1/10/2014, 30263
2/10/2014, 21408
3/10/2014, 26060
4/10/2014, 20992
5/10/2014, 20871
6/10/2014, 24348
7/10/2014, 24244
8/10/2014, 18964
9/10/2014, 18949
10/10/2014, 22516
11/10/2014, 23156
12/10/2014, 25601
13/10/2014, 26798
14/10/2014, 23449
15/10/2014, 21104
16/10/2014, 21652
17/10/2014, 25728
18/10/2014, 28238
19/10/2014, 25117
20/10/2014, 23707
21/10/2014, 24577
22/10/2014, 22344
23/10/2014, 20544
24/10/2014, 25545
25/10/2014, 25985
26/10/2014, 27929
27/10/2014, 25790
28/10/2014, 24830
29/10/2014, 26555
30/10/2014, 20117
1/11/2014, 26508
2/11/2014, 32744
3/11/2014, 24990
4/11/2014, 26370
5/11/2014, 25043
6/11/2014, 21503
7/11/2014, 21983
8/11/2014, 24899
9/11/2014, 27224
10/11/2014, 25421
11/11/2014, 32162
12/11/2014, 25383
13/11/2014, 26584
14/11/2014, 23579
15/11/2014, 26094
16/11/2014, 27622
17/11/2014, 28350
18/11/2014, 26969
19/11/2014, 23574
20/11/2014, 23524
21/11/2014, 21411
22/11/2014, 23172
23/11/2014, 25504
24/11/2014, 24192
25/11/2014, 21216
26/11/2014, 21728
27/11/2014, 21543
28/11/2014, 18427
29/11/2014, 19605
30/11/2014, 19477
31/11/2014, 20017
1/0/2015, 18681
2/0/2015, 9385
3/0/2015, null
4/0/2015, 7300
5/0/2015, 23092
6/0/2015, 25041
7/0/2015, 26987
8/0/2015, 22546
9/0/2015, 30439
10/0/2015, 22162
11/0/2015, 20760
12/0/2015, 24861
13/0/2015, 30086
14/0/2015, 35414
15/0/2015, 26417
16/0/2015, 26448
17/0/2015, 19187
18/0/2015, 24812
19/0/2015, 27548
20/0/2015, 26982
21/0/2015, 24660
22/0/2015, 25882
23/0/2015, 24058
24/0/2015, 32718
25/0/2015, 21312
26/0/2015, 33929
27/0/2015, 26135
28/0/2015, 27422
29/0/2015, 25184
30/0/2015, 22919
31/0/2015, 18146
1/1/2015, 19445
2/1/2015, 24761
3/1/2015, 33419
4/1/2015, 22995
5/1/2015, 28935
6/1/2015, 23289
7/1/2015, 19540
8/1/2015, 20792
9/1/2015, 24642
10/1/2015, 24331
11/1/2015, 39339
12/1/2015, 25742
13/1/2015, 27697
14/1/2015, 19041
15/1/2015, 21846
16/1/2015, 24782
17/1/2015, 24354
18/1/2015, 22628
19/1/2015, 24979
20/1/2015, 29514
21/1/2015, 20543
22/1/2015, 20579
23/1/2015, 23428
24/1/2015, 24385
25/1/2015, 24137
26/1/2015, 26283
27/1/2015, 30545
28/1/2015, 20811
1/2/2015, 18895
2/2/2015, 23297
3/2/2015, 25764
4/2/2015, 25007
5/2/2015, 24174
6/2/2015, 22774
7/2/2015, 19322
8/2/2015, 19396
9/2/2015, 23937
10/2/2015, 28378
11/2/2015, 25733
12/2/2015, 24527
13/2/2015, 25574
14/2/2015, 21952
15/2/2015, 24161
16/2/2015, 24071
17/2/2015, 36584
18/2/2015, 24807
19/2/2015, 31393
20/2/2015, 26773
21/2/2015, 23297
22/2/2015, 27846
23/2/2015, 34762
24/2/2015, 31576
25/2/2015, 35297
26/2/2015, 37079
27/2/2015, 36691
28/2/2015, 31697
29/2/2015, 31897
30/2/2015, 38669
31/2/2015, 35388
1/3/2015, 34237
2/3/2015, 29264
3/3/2015, 30317
4/3/2015, 27885
5/3/2015, 29227
6/3/2015, 29046
7/3/2015, 29994
8/3/2015, 37076
9/3/2015, 37353
10/3/2015, 28657
11/3/2015, 27225
12/3/2015, 25877
13/3/2015, 29205
14/3/2015, 30124
15/3/2015, 28598
16/3/2015, 34517
17/3/2015, 28275
18/3/2015, 25659
19/3/2015, 26993
20/3/2015, 28470
21/3/2015, 32701
22/3/2015, 30895
23/3/2015, 30202
24/3/2015, 35266
25/3/2015, 25715
26/3/2015, 36471
27/3/2015, 39066
28/3/2015, 31957
29/3/2015, 30639
30/3/2015, 29720
1/4/2015, 27237
2/4/2015, 25012
3/4/2015, 27042
4/4/2015, 29448
5/4/2015, 27820
6/4/2015, 29624
7/4/2015, 27526
8/4/2015, 25655
9/4/2015, 23791
10/4/2015, 31503
11/4/2015, 32317
12/4/2015, 30635
13/4/2015, 30934
14/4/2015, 31708
15/4/2015, 42997
16/4/2015, 32407
17/4/2015, 32810
18/4/2015, 34624
19/4/2015, 34750
20/4/2015, 30108
21/4/2015, 27578
22/4/2015, 29926
23/4/2015, 27166
24/4/2015, 27968
25/4/2015, 30637
26/4/2015, 34578
27/4/2015, 29218
28/4/2015, 23591
29/4/2015, 24045
30/4/2015, 23844
31/4/2015, 24048
1/5/2015, 27087
2/5/2015, 28566
3/5/2015, 34732
4/5/2015, 76661
5/5/2015, 28700
6/5/2015, 27936
7/5/2015, 26086
8/5/2015, 46002
9/5/2015, 43106
10/5/2015, 26645
11/5/2015, 52355
12/5/2015, 36988
13/5/2015, 21875
14/5/2015, 46935
15/5/2015, 28128
16/5/2015, 84152
17/5/2015, 35914
18/5/2015, 38557
19/5/2015, 28107
20/5/2015, 25438
21/5/2015, 23500
22/5/2015, 27394
23/5/2015, 28352
24/5/2015, 36725
25/5/2015, 26008
26/5/2015, 23984
27/5/2015, 23636
28/5/2015, 25663
29/5/2015, 40197
30/5/2015, 33375
1/6/2015, 29052
2/6/2015, 27119
3/6/2015, 25771
4/6/2015, 23847
5/6/2015, 24976
6/6/2015, 36903
7/6/2015, 29915
8/6/2015, 36474
9/6/2015, 30281
10/6/2015, 29616
11/6/2015, 24645
12/6/2015, 26775
13/6/2015, 42326
14/6/2015, 50267
15/6/2015, 38595
16/6/2015, 35125
17/6/2015, 29831
18/6/2015, 25985
19/6/2015, 25071
20/6/2015, 36888
21/6/2015, 30095
22/6/2015, 44651
23/6/2015, 33408
24/6/2015, 28664
25/6/2015, 21076
26/6/2015, 15592
27/6/2015, 30972
28/6/2015, 33519
29/6/2015, 37726
30/6/2015, 33018
31/6/2015, 27789
1/7/2015, 26960
2/7/2015, 24294
3/7/2015, 35036
4/7/2015, 34486
5/7/2015, 31470
6/7/2015, 35658
7/7/2015, 47467
8/7/2015, 29031
9/7/2015, 27132
10/7/2015, 27744
11/7/2015, 26653
12/7/2015, 29241
13/7/2015, 31087
14/7/2015, 30737
15/7/2015, 28722
16/7/2015, 24050
17/7/2015, 37040
18/7/2015, 28767
19/7/2015, 28539
20/7/2015, 36462
21/7/2015, 39012
22/7/2015, 34967
23/7/2015, 27692
24/7/2015, 34342
25/7/2015, 37941
26/7/2015, 33987
27/7/2015, 34558
28/7/2015, 39945
29/7/2015, 14768
30/7/2015, 32134
31/7/2015, 35949
1/8/2015, 37021
2/8/2015, 39013
3/8/2015, 42474
4/8/2015, 36321
5/8/2015, 29023
6/8/2015, 35583
7/8/2015, 38792
8/8/2015, 46889
9/8/2015, 16909
10/8/2015, 37882
11/8/2015, 38518
12/8/2015, 32205
13/8/2015, 40350
14/8/2015, 16262
15/8/2015, 20470
16/8/2015, 45085
17/8/2015, 33180
18/8/2015, 31747
19/8/2015, 39778
20/8/2015, 65535
21/8/2015, 59563
22/8/2015, 82378
23/8/2015, 42946
24/8/2015, 46527
25/8/2015, 41322
26/8/2015, 41039
27/8/2015, 30532
28/8/2015, 35355
29/8/2015, 40135
30/8/2015, 43080
1/9/2015, 41189
2/9/2015, 35561
3/9/2015, 49494
4/9/2015, 33909
5/9/2015, 32712
6/9/2015, 39541
7/9/2015, 38773
8/9/2015, 35461
9/9/2015, 30426
10/9/2015, 29433
11/9/2015, 27940
12/9/2015, 34146
13/9/2015, 31813
14/9/2015, 28030
15/9/2015, 37296
16/9/2015, 36070
17/9/2015, 31701
18/9/2015, 25220
19/9/2015, 35703
20/9/2015, 42914
21/9/2015, 38896
22/9/2015, 44027
23/9/2015, 37326
24/9/2015, 36013
25/9/2015, 30139
26/9/2015, 37096
27/9/2015, 50484
28/9/2015, 45782
29/9/2015, 45960
30/9/2015, 32577
31/9/2015, 35257
1/10/2015, 31402
2/10/2015, 35962
3/10/2015, 42652
4/10/2015, 54768
5/10/2015, 51405
6/10/2015, 43351
7/10/2015, 36433
8/10/2015, 39567
9/10/2015, 45103
10/10/2015, 43853
11/10/2015, 34774
12/10/2015, 38371
13/10/2015, 35364
14/10/2015, 30226
15/10/2015, 32216
16/10/2015, 35757
17/10/2015, 36957
18/10/2015, 40387
19/10/2015, 32915
20/10/2015, 33652
21/10/2015, 25295
22/10/2015, 17983
23/10/2015, 21268
24/10/2015, 20427
25/10/2015, 27288
26/10/2015, 24681
27/10/2015, 25861
28/10/2015, 25749
29/10/2015, 24219
30/10/2015, 26261
1/11/2015, 25143
2/11/2015, 23887
3/11/2015, 23460
4/11/2015, 22066
5/11/2015, 22531
6/11/2015, 22728
7/11/2015, 25413
8/11/2015, 24716
9/11/2015, 33862
10/11/2015, 25232
11/11/2015, 26210
12/11/2015, 23062
13/11/2015, 21459
14/11/2015, 32070
15/11/2015, 28842
16/11/2015, 27652
17/11/2015, 23729
18/11/2015, 24189
19/11/2015, 21372
20/11/2015, 19855
21/11/2015, 24803
22/11/2015, 25707
23/11/2015, 26011
24/11/2015, 23679
25/11/2015, 21240
26/11/2015, 21795
27/11/2015, 32284
28/11/2015, 31890
29/11/2015, 24417
30/11/2015, 26654
31/11/2015, 24012
1/0/2016, 20122
2/0/2016, 19715
3/0/2016, 19638
4/0/2016, 23308
5/0/2016, 27207
6/0/2016, 24615
7/0/2016, 24700
8/0/2016, 26040
9/0/2016, 20585
10/0/2016, 20755
11/0/2016, 23867
12/0/2016, 27110
13/0/2016, 27094
14/0/2016, 25568
15/0/2016, 31035
16/0/2016, 28097
17/0/2016, 25408
18/0/2016, 29308
19/0/2016, 24617
20/0/2016, 29720
21/0/2016, 29595
22/0/2016, 27533
23/0/2016, 23029
24/0/2016, 22635
25/0/2016, 25172
26/0/2016, 26057
27/0/2016, 28379
28/0/2016, 26070
29/0/2016, 29331
30/0/2016, 25049
31/0/2016, 27728
1/1/2016, 29309
2/1/2016, 26458
3/1/2016, 27023
4/1/2016, 26103
5/1/2016, 26621
6/1/2016, 23929
7/1/2016, 24021
8/1/2016, 27363
9/1/2016, 25751
10/1/2016, 28230
11/1/2016, 29630
12/1/2016, 28064
13/1/2016, 25543
14/1/2016, 25283
15/1/2016, 27181
16/1/2016, 27923
17/1/2016, 29153
18/1/2016, 24986
19/1/2016, 27889
20/1/2016, 23050
21/1/2016, 25424
22/1/2016, 25239
23/1/2016, 28499
24/1/2016, 27169
25/1/2016, 28753
26/1/2016, 30726
27/1/2016, 24902
28/1/2016, 28161
29/1/2016, 28270
1/2/2016, 25668
2/2/2016, 27957
3/2/2016, 31442
4/2/2016, 30294
5/2/2016, 28045
6/2/2016, 24747
7/2/2016, 29486
8/2/2016, 27850
9/2/2016, 28142
10/2/2016, 30719
11/2/2016, 29704
12/2/2016, 28068
13/2/2016, 28299
14/2/2016, 28751
15/2/2016, 30661
16/2/2016, 33113
17/2/2016, 30033
18/2/2016, 25976
19/2/2016, 27011
20/2/2016, 22064
21/2/2016, 25353
22/2/2016, 25184
23/2/2016, 23845
24/2/2016, 22710
25/2/2016, 22593
26/2/2016, 20187
27/2/2016, 19044
28/2/2016, 23045
29/2/2016, 31699
30/2/2016, 35672
31/2/2016, 24191
1/3/2016, 24472
2/3/2016, 21507
3/3/2016, 21378
4/3/2016, 24516
5/3/2016, 26914
6/3/2016, 23270
7/3/2016, 23407
8/3/2016, 24554
9/3/2016, 19399
10/3/2016, 19193
11/3/2016, 23919
12/3/2016, 23252
13/3/2016, 23243
14/3/2016, 24938
15/3/2016, 27593
16/3/2016, 20857
17/3/2016, 19395
18/3/2016, 21989
19/3/2016, 22642
20/3/2016, 22973
21/3/2016, 23282
22/3/2016, 24241
23/3/2016, 25236
24/3/2016, 30727
25/3/2016, 28861
26/3/2016, 26206
27/3/2016, 28009
28/3/2016, 26142
29/3/2016, 26067
30/3/2016, 22785
1/4/2016, 22113
2/4/2016, 44092
3/4/2016, 34902
4/4/2016, 28567
5/4/2016, 27508
6/4/2016, 24738
7/4/2016, 21334
8/4/2016, 20478
9/4/2016, 23092
10/4/2016, 23402
11/4/2016, 21597
12/4/2016, 22343
13/4/2016, 23638
14/4/2016, 19355
15/4/2016, 19527
16/4/2016, 21419
17/4/2016, 21242
18/4/2016, 21130
19/4/2016, 21055
20/4/2016, 21015
21/4/2016, 18208
22/4/2016, 20846
23/4/2016, 25025
24/4/2016, 25558
25/4/2016, 25514
26/4/2016, 25096
27/4/2016, 22418
28/4/2016, 20785
29/4/2016, 21179
30/4/2016, 23116
31/4/2016, 22168
1/5/2016, 24322
2/5/2016, 25664
3/5/2016, 25989
4/5/2016, 22507
5/5/2016, 24256
6/5/2016, 25168
7/5/2016, 25479
8/5/2016, 25213
9/5/2016, 23455
10/5/2016, 23436
11/5/2016, 20546
12/5/2016, 25917
13/5/2016, 27242
14/5/2016, 23970
15/5/2016, 24561
16/5/2016, 26795
17/5/2016, 26724
18/5/2016, 20862
19/5/2016, 20799
20/5/2016, 27198
21/5/2016, 27064
22/5/2016, 25119
23/5/2016, 24183
24/5/2016, 26403
25/5/2016, 20205
26/5/2016, 20500
27/5/2016, 23913
28/5/2016, 23816
29/5/2016, 23872
30/5/2016, 23132
1/6/2016, 23027
2/6/2016, 23595
3/6/2016, 20287
4/6/2016, 21181
5/6/2016, 22046
6/6/2016, 23770
7/6/2016, 23909
8/6/2016, 23469
9/6/2016, 25041
10/6/2016, 20364
11/6/2016, 22699
12/6/2016, 22223
13/6/2016, 22998
14/6/2016, 21544
15/6/2016, 20434
16/6/2016, 18987
17/6/2016, 19456
18/6/2016, 21330
19/6/2016, 23226
20/6/2016, 22621
21/6/2016, 20837
22/6/2016, 20712
23/6/2016, 18351
24/6/2016, 18766
25/6/2016, 22664
26/6/2016, 23499
27/6/2016, 21902
28/6/2016, 23727
29/6/2016, 20354
30/6/2016, 17310
31/6/2016, 17590
1/7/2016, 22021
2/7/2016, 27947
3/7/2016, 33437
4/7/2016, 25150
5/7/2016, 25115
6/7/2016, 20484
7/7/2016, 20769
8/7/2016, 24232
9/7/2016, 24435
10/7/2016, 30224
11/7/2016, 23497
12/7/2016, 25008
13/7/2016, 21026
14/7/2016, 24566
15/7/2016, 25180
16/7/2016, 23549
17/7/2016, 22643
18/7/2016, 20849
19/7/2016, 18562
20/7/2016, 14687
21/7/2016, 14412
22/7/2016, 18821
23/7/2016, 18812
24/7/2016, 19302
25/7/2016, 20127
26/7/2016, 19606
27/7/2016, 15956
28/7/2016, 17112
29/7/2016, 22110
30/7/2016, 18322
31/7/2016, 17456
1/8/2016, 18373
2/8/2016, 20605
3/8/2016, 16664
4/8/2016, 16972
5/8/2016, 23183
6/8/2016, 35065
7/8/2016, 23060
8/8/2016, 19731
9/8/2016, 19091
10/8/2016, 18701
11/8/2016, 16124
12/8/2016, 18821
13/8/2016, 20868
14/8/2016, 20554
15/8/2016, 21820
16/8/2016, 20588
17/8/2016, 17201
18/8/2016, 13717
19/8/2016, 13913
20/8/2016, 26427
21/8/2016, 18606
22/8/2016, 18260
23/8/2016, 19726
24/8/2016, 17748
25/8/2016, 17984
26/8/2016, 20210
27/8/2016, 20912
28/8/2016, 19750
29/8/2016, 21230
30/8/2016, 17676
1/9/2016, 17285
2/9/2016, 16869
3/9/2016, 22770
4/9/2016, 20191
5/9/2016, 19102
6/9/2016, 19174
7/9/2016, 21247
8/9/2016, 18265
9/9/2016, 17597
10/9/2016, 19079
11/9/2016, 20605
12/9/2016, 19254
13/9/2016, 17289
14/9/2016, 17479
15/9/2016, 20593
16/9/2016, 18498
17/9/2016, 18689
18/9/2016, 17940
19/9/2016, 20522
20/9/2016, 17281
21/9/2016, 15145
22/9/2016, 13770
23/9/2016, 14832
24/9/2016, 18801
25/9/2016, 15756
26/9/2016, 17995
27/9/2016, 19247
28/9/2016, 19798
29/9/2016, 18463
30/9/2016, 19812
31/9/2016, 23052
1/10/2016, 21499
2/10/2016, 20959
3/10/2016, 20253
4/10/2016, 18517
5/10/2016, 17653
6/10/2016, 20121
7/10/2016, 22734
8/10/2016, 22954
9/10/2016, 24370
10/10/2016, 20972
11/10/2016, 19923
12/10/2016, 17540
13/10/2016, 19573
14/10/2016, 22700
15/10/2016, 23129
16/10/2016, 23016
17/10/2016, 22943
18/10/2016, 22105
19/10/2016, 20995
20/10/2016, 17894
21/10/2016, 22770
22/10/2016, 22500
23/10/2016, 21827
24/10/2016, 21061
25/10/2016, 20433
26/10/2016, 19734
27/10/2016, 19864
28/10/2016, 22289
29/10/2016, 21602
30/10/2016, 21457
1/11/2016, 21117
2/11/2016, 20335
3/11/2016, 16186
4/11/2016, 16345
5/11/2016, 18558
6/11/2016, 20236
7/11/2016, 21592
8/11/2016, 21302
9/11/2016, 19749
10/11/2016, 18331
11/11/2016, 16070
12/11/2016, 18775
13/11/2016, 20749
14/11/2016, 21101
15/11/2016, 19341
16/11/2016, 19242
17/11/2016, 18364
18/11/2016, 18930
19/11/2016, 25718
20/11/2016, 22945
21/11/2016, 25531
22/11/2016, 27288
23/11/2016, 29448
24/11/2016, 22045
25/11/2016, 17925
26/11/2016, 19894
27/11/2016, 22525
28/11/2016, 24151
29/11/2016, 22502
30/11/2016, 18971
31/11/2016, 18483
1/0/2017, 21071
2/0/2017, 26461
3/0/2017, 27269
4/0/2017, 31611
5/0/2017, 33407
6/0/2017, 29065
7/0/2017, 22717
8/0/2017, 19595
9/0/2017, 23277
10/0/2017, 22918
11/0/2017, 29228
12/0/2017, 30387
13/0/2017, 28785
14/0/2017, 22367
15/0/2017, 22232
16/0/2017, 24103
17/0/2017, 25648
18/0/2017, 26491
19/0/2017, 27848
20/0/2017, 23365
21/0/2017, 20833
22/0/2017, 20816
23/0/2017, 24809
24/0/2017, 28304
25/0/2017, 27278
26/0/2017, 24366
27/0/2017, 23178
28/0/2017, 21300
29/0/2017, 20789
30/0/2017, 27170
31/0/2017, 23711
1/1/2017, 22600
2/1/2017, 23547
3/1/2017, 26694
4/1/2017, 27112
5/1/2017, 23530
6/1/2017, 29026
7/1/2017, 30138
8/1/2017, 26445
9/1/2017, 27886
10/1/2017, 26096
11/1/2017, 26759
12/1/2017, 27211
13/1/2017, 24621
14/1/2017, 27568
15/1/2017, 26945
16/1/2017, 24357
17/1/2017, 26355
18/1/2017, 21344
19/1/2017, 19946
20/1/2017, 26113
21/1/2017, 25187
22/1/2017, 26751
23/1/2017, 27929
24/1/2017, 37286
25/1/2017, 24005
26/1/2017, 27326
27/1/2017, 24703
28/1/2017, 23501
1/2/2017, 25248
2/2/2017, 28277
3/2/2017, 31848
4/2/2017, 24535
5/2/2017, 22507
6/2/2017, 29476
7/2/2017, 31214
8/2/2017, 28463
9/2/2017, 29362
10/2/2017, 36952
11/2/2017, 30193
12/2/2017, 26226
13/2/2017, 27414
14/2/2017, 27110
15/2/2017, 25560
16/2/2017, 26412
17/2/2017, 28612
18/2/2017, 25964
19/2/2017, 26859
20/2/2017, 30480
21/2/2017, 29659
22/2/2017, 32507
23/2/2017, 39969
24/2/2017, 30279
25/2/2017, 29728
26/2/2017, 23985
27/2/2017, 25216
28/2/2017, 26462
29/2/2017, 24593
30/2/2017, 25723
31/2/2017, 24542
1/3/2017, 21680
2/3/2017, 21011
3/3/2017, 25315
4/3/2017, 26979
5/3/2017, 28967
6/3/2017, 28251
7/3/2017, 29445
8/3/2017, 23272
9/3/2017, 22661
10/3/2017, 26562
11/3/2017, 28441
12/3/2017, 29250
13/3/2017, 27278
14/3/2017, 25953
15/3/2017, 22135
16/3/2017, 23562
17/3/2017, 28015
18/3/2017, 28770
19/3/2017, 26629
20/3/2017, 29974
21/3/2017, 28206
22/3/2017, 27203
23/3/2017, 25203
24/3/2017, 29644
25/3/2017, 33008
26/3/2017, 29463
27/3/2017, 32051
28/3/2017, 28213
29/3/2017, 25838
30/3/2017, 27459
1/4/2017, 34936
2/4/2017, 35501
3/4/2017, 31179
4/4/2017, 34255
5/4/2017, 29857
6/4/2017, 25032
7/4/2017, 26713
8/4/2017, 29244
9/4/2017, 44121
10/4/2017, 40934
11/4/2017, 35505
12/4/2017, 35985
13/4/2017, 33174
14/4/2017, 40474
15/4/2017, 32997
16/4/2017, 35688
17/4/2017, 33543
18/4/2017, 33534
19/4/2017, 34239
20/4/2017, 32852
21/4/2017, 34900
22/4/2017, 44720
23/4/2017, 48940
24/4/2017, 47492
25/4/2017, 51057
26/4/2017, 49914
27/4/2017, 39077
28/4/2017, 33992
29/4/2017, 41046
30/4/2017, 41624
31/4/2017, 47749
1/5/2017, 39409
2/5/2017, 35997
3/5/2017, 30857
4/5/2017, 38571
5/5/2017, 38632
6/5/2017, 51736
7/5/2017, 43821
8/5/2017, 37910
9/5/2017, 38824
10/5/2017, 34849
11/5/2017, 36404
12/5/2017, 42206
13/5/2017, 43501
14/5/2017, 41045
15/5/2017, 45335
16/5/2017, 41470
17/5/2017, 35393
18/5/2017, 33617
19/5/2017, 38427
20/5/2017, 41414
21/5/2017, 40215
22/5/2017, 37617
23/5/2017, 42760
24/5/2017, null
25/5/2017, null
26/5/2017, null
27/5/2017, null
28/5/2017, null
29/5/2017, null
30/5/2017, null
1/6/2017, null
2/6/2017, null
3/6/2017, null
4/6/2017, null
5/6/2017, null
6/6/2017, null
7/6/2017, null
8/6/2017, null
9/6/2017, null
10/6/2017, null
11/6/2017, null
12/6/2017, 41059
13/6/2017, 37788
14/6/2017, 36999
15/6/2017, 35882
16/6/2017, 35044
17/6/2017, 42841
18/6/2017, 38869
19/6/2017, 40774
20/6/2017, 42878
21/6/2017, 41888
22/6/2017, 36424
23/6/2017, 36108
24/6/2017, 44080
25/6/2017, 44885
26/6/2017, 47880
27/6/2017, 49367
28/6/2017, 46138
29/6/2017, 35823
30/6/2017, 37073
31/6/2017, 45510
1/7/2017, 52376
2/7/2017, 50050
3/7/2017, 47758
4/7/2017, 47503
5/7/2017, 48992
6/7/2017, 36187
7/7/2017, 46630
8/7/2017, 53994
9/7/2017, 48611
10/7/2017, 45181
11/7/2017, 49242
12/7/2017, 44387
13/7/2017, 47827
14/7/2017, 57531
15/7/2017, 65447
16/7/2017, 53779
17/7/2017, 71870
18/7/2017, 61067
19/7/2017, 51709
20/7/2017, 58268
21/7/2017, 53402
22/7/2017, 59244
23/7/2017, 59293
24/7/2017, 63067
25/7/2017, 58723
26/7/2017, 50258
27/7/2017, 47358
28/7/2017, 53173
29/7/2017, 60452
30/7/2017, 57072
31/7/2017, 58244
1/8/2017, 67953
2/8/2017, 53177
3/8/2017, 49077
4/8/2017, 77422
5/8/2017, 61290
6/8/2017, 57051
7/8/2017, 51603
8/8/2017, 57797
9/8/2017, 54796
10/8/2017, 52629
11/8/2017, 61659
12/8/2017, 64321
13/8/2017, 73211
14/8/2017, 81128
15/8/2017, 78373
16/8/2017, 64396
17/8/2017, 52831
18/8/2017, 73426
19/8/2017, 71751
20/8/2017, 59979
21/8/2017, 61443
22/8/2017, 63652
23/8/2017, 56876
24/8/2017, 55081
25/8/2017, 72699
26/8/2017, 61973
27/8/2017, 65959
28/8/2017, 70657
29/8/2017, 76874
30/8/2017, 56280
1/9/2017, 58917
2/9/2017, 66945
3/9/2017, 70772
4/9/2017, 76296
5/9/2017, 61290
6/9/2017, 68406
7/9/2017, 76111
8/9/2017, 63113
9/9/2017, 73002
10/9/2017, 79373
11/9/2017, 68320
12/9/2017, 106779
13/9/2017, 99372
14/9/2017, 83670
15/9/2017, 93320
16/9/2017, 77238
17/9/2017, 80151
18/9/2017, 71392
19/9/2017, 85571
20/9/2017, 94627
21/9/2017, 66998
22/9/2017, 74513
23/9/2017, 86442
24/9/2017, 74472
25/9/2017, 72426
26/9/2017, 67679
27/9/2017, 69197
28/9/2017, 59449
29/9/2017, 64396
30/9/2017, 73018
31/9/2017, 86043
1/10/2017, 89885
2/10/2017, 92923
3/10/2017, 77953
4/10/2017, 73373
5/10/2017, 67196
6/10/2017, 72577
7/10/2017, 64461
8/10/2017, 81551
9/10/2017, 81241
10/10/2017, 80481
11/10/2017, 68892
12/10/2017, 71176
13/10/2017, 73373
14/10/2017, 71630
15/10/2017, 79934
16/10/2017, 87538
17/10/2017, 83410
18/10/2017, 68192
19/10/2017, 72762
20/10/2017, 102144
21/10/2017, 87110
22/10/2017, 78405
23/10/2017, 75047
24/10/2017, 69886
25/10/2017, 71625
26/10/2017, 80943
27/10/2017, 98413
28/10/2017, 106360
29/10/2017, 128781
30/10/2017, 103190
1/11/2017, 105017
2/11/2017, 88292
3/11/2017, 83022
4/11/2017, 97945
5/11/2017, 103919
6/11/2017, 116856
7/11/2017, 155600
8/11/2017, 124260
9/11/2017, 114109
10/11/2017, 100455
11/11/2017, 128425
12/11/2017, 113215
13/11/2017, 98863
14/11/2017, 109628
15/11/2017, 105711
16/11/2017, 82782
17/11/2017, 84441
18/11/2017, 97245
19/11/2017, 83423
20/11/2017, 101169
21/11/2017, 105591
22/11/2017, 124670
23/11/2017, 100098
24/11/2017, 70864
25/11/2017, 64029
26/11/2017, 77648
27/11/2017, 78968
28/11/2017, 79968
29/11/2017, 77151
30/11/2017, 71377
31/11/2017, 64989
1/0/2018, 62044
2/0/2018, 77723
3/0/2018, 79086
4/0/2018, 74534
5/0/2018, 76404
6/0/2018, 62977
7/0/2018, 67259
8/0/2018, 30585
9/0/2018, 80932
10/0/2018, 82357
11/0/2018, 100333
12/0/2018, 80737
13/0/2018, 63396
14/0/2018, 65657
15/0/2018, 76852
16/0/2018, 102135
17/0/2018, 111394
18/0/2018, 100366
19/0/2018, 57244
20/0/2018, 75149
21/0/2018, 76295
22/0/2018, 93708
23/0/2018, 81995
24/0/2018, 78855
25/0/2018, 79509
26/0/2018, 73227
27/0/2018, 63956
28/0/2018, 66645
29/0/2018, 82322
30/0/2018, 84246
31/0/2018, 81651
1/1/2018, 93008
2/1/2018, 102640
3/1/2018, 76444
4/1/2018, 78202
5/1/2018, 99959
6/1/2018, 109734
7/1/2018, 95072
8/1/2018, 101569
9/1/2018, 89542
10/1/2018, 77570
11/1/2018, 75335
12/1/2018, 83783
13/1/2018, 73084
14/1/2018, 72888
15/1/2018, 74208
16/1/2018, 74964
17/1/2018, 69716
18/1/2018, 62968
19/1/2018, 69225
20/1/2018, 75215
21/1/2018, 69562
22/1/2018, 66124
23/1/2018, 62576
24/1/2018, 56616
25/1/2018, 63393
26/1/2018, 66533
27/1/2018, 64827
28/1/2018, 68823
1/2/2018, 61852
2/2/2018, 61317
3/2/2018, null
4/2/2018, null
5/2/2018, null
6/2/2018, null
7/2/2018, null
8/2/2018, null
9/2/2018, null
10/2/2018, null
11/2/2018, null
12/2/2018, null
13/2/2018, null
14/2/2018, null
15/2/2018, null
16/2/2018, null
17/2/2018, null
18/2/2018, null
19/2/2018, null
20/2/2018, null
21/2/2018, null
22/2/2018, null
23/2/2018, null
24/2/2018, null
25/2/2018, null
26/2/2018, null
27/2/2018, null
28/2/2018, null
29/2/2018, null
30/2/2018, null
31/2/2018, null
1/3/2018, null
2/3/2018, null
3/3/2018, null
4/3/2018, null
5/3/2018, null
6/3/2018, null
7/3/2018, 52476
8/3/2018, 52796
9/3/2018, 59029
10/3/2018, 59044
11/3/2018, 61072
12/3/2018, 68886
13/3/2018, 64178
14/3/2018, 50026
15/3/2018, 52494
16/3/2018, 56538
17/3/2018, 56111
18/3/2018, 56720
19/3/2018, 57013
20/3/2018, 57190
21/3/2018, 56176
22/3/2018, 59404
23/3/2018, 59885
24/3/2018, 67323
25/3/2018, 65523
26/3/2018, 64330
27/3/2018, 55754
28/3/2018, 49473
29/3/2018, 46959
30/3/2018, 49151
1/4/2018, 49777
2/4/2018, 48137
3/4/2018, 50882
4/4/2018, 57751
5/4/2018, 50536
6/4/2018, 47589
7/4/2018, 53424
8/4/2018, 52302
9/4/2018, 54594
10/4/2018, 53621
11/4/2018, 55128
12/4/2018, 48718
13/4/2018, 46131
14/4/2018, 52460
15/4/2018, 50376
16/4/2018, 49167
17/4/2018, 47708
18/4/2018, 46685
19/4/2018, 40643
20/4/2018, 41628
21/4/2018, 44301
22/4/2018, 44097
23/4/2018, 49303
24/4/2018, 46043
25/4/2018, 42093
26/4/2018, 38020
27/4/2018, 43809
28/4/2018, 44801
29/4/2018, 46903
30/4/2018, 51863
31/4/2018, 47154
1/5/2018, 45316
2/5/2018, 41760
3/5/2018, 41999
4/5/2018, 46104
5/5/2018, 46860
6/5/2018, 45323
7/5/2018, 48259
8/5/2018, 46310
9/5/2018, 38889
10/5/2018, 40585
11/5/2018, 45487
12/5/2018, 46551
13/5/2018, 51652
14/5/2018, 47079
15/5/2018, 39786
16/5/2018, 36471
17/5/2018, 37164
18/5/2018, 46282
19/5/2018, 45018
20/5/2018, 41009
21/5/2018, 38835
22/5/2018, 41721
23/5/2018, 36776
24/5/2018, 36953
25/5/2018, 42286
26/5/2018, 43429
27/5/2018, 40206
28/5/2018, 41574
29/5/2018, 41392
30/5/2018, 35882
1/6/2018, 32183
2/6/2018, 40449
3/6/2018, 43042
4/6/2018, 40065
5/6/2018, 38128
6/6/2018, 38468
7/6/2018, 32273
8/6/2018, 31005
9/6/2018, 37804
10/6/2018, 39826
11/6/2018, 39901
12/6/2018, 39007
13/6/2018, 37794
14/6/2018, 30839
15/6/2018, 32485
16/6/2018, 41799
17/6/2018, 45432
18/6/2018, 42923
19/6/2018, 39629
20/6/2018, 38529
21/6/2018, 33267
22/6/2018, 32189
23/6/2018, 39877
24/6/2018, 48202
25/6/2018, 41673
26/6/2018, 39978
27/6/2018, 37373
28/6/2018, 31763
29/6/2018, 32179
30/6/2018, 37855
31/6/2018, 38962
1/7/2018, 39603
2/7/2018, 37572
3/7/2018, 39186
4/7/2018, 33342
5/7/2018, 30523
6/7/2018, 35064
7/7/2018, 34996
8/7/2018, 36169
9/7/2018, 34503
10/7/2018, 34108
11/7/2018, 29578
12/7/2018, 28188
13/7/2018, 31628
14/7/2018, 36996
15/7/2018, 35084
16/7/2018, 33037
17/7/2018, 32168
18/7/2018, 27953
19/7/2018, 26854
20/7/2018, 33467
21/7/2018, 33425
22/7/2018, 32026
23/7/2018, 33815
24/7/2018, 29804
25/7/2018, 26122
26/7/2018, 23840
27/7/2018, 28754
28/7/2018, 33359
29/7/2018, 31756
30/7/2018, 31447
31/7/2018, 32099
1/8/2018, 30166
2/8/2018, 29111
3/8/2018, 34835
4/8/2018, 35005
5/8/2018, 35456
6/8/2018, 37078
7/8/2018, 33033
8/8/2018, 28446
9/8/2018, 30519
10/8/2018, 33868
11/8/2018, 32809
12/8/2018, 29716
13/8/2018, 32269
14/8/2018, 31041
15/8/2018, 27319
16/8/2018, 26995
17/8/2018, 31037
18/8/2018, 30885
19/8/2018, 31000
20/8/2018, 32268
21/8/2018, 34302
22/8/2018, 27695
23/8/2018, 29057
24/8/2018, 32186
25/8/2018, 33771
26/8/2018, 32810
27/8/2018, 31898
28/8/2018, 29550
29/8/2018, 28728
30/8/2018, 27646
1/9/2018, 31878
2/9/2018, 31648
3/9/2018, 31711
4/9/2018, 34224
5/9/2018, 34221
6/9/2018, 29246
7/9/2018, 28503
8/9/2018, 37692
9/9/2018, 35538
10/9/2018, 33842
11/9/2018, 32278
12/9/2018, 28937
13/9/2018, 27760
14/9/2018, 28150
15/9/2018, 35275
16/9/2018, 35006
17/9/2018, 33145
18/9/2018, 30155
19/9/2018, 28097
20/9/2018, 23204
21/9/2018, 22298
22/9/2018, 30300
23/9/2018, 30702
24/9/2018, 29969
25/9/2018, 25693
26/9/2018, 25493
27/9/2018, 20631
28/9/2018, 20711
29/9/2018, 26541
30/9/2018, 25290
31/9/2018, 33944
1/10/2018, 31618
2/10/2018, 22288
3/10/2018, 18645
4/10/2018, 24207
5/10/2018, 23158
6/10/2018, 25550
7/10/2018, 24951
8/10/2018, 24614
9/10/2018, 25018
10/10/2018, 20709
11/10/2018, 18630
12/10/2018, 23212
13/10/2018, 25340
14/10/2018, 34169
15/10/2018, 30694
16/10/2018, 28077
17/10/2018, 23964
18/10/2018, 21832
19/10/2018, 39010
20/10/2018, 36659
21/10/2018, 30984
22/10/2018, 27754
23/10/2018, 26345
24/10/2018, 22902
25/10/2018, 26859
26/10/2018, 29115
27/10/2018, 29976
28/10/2018, 29142
29/10/2018, 28709
30/10/2018, 25626
1/11/2018, 26347
2/11/2018, 21596
3/11/2018, 27894
4/11/2018, 25332
5/11/2018, 27357
6/11/2018, null
7/11/2018, 28638
8/11/2018, 22270
9/11/2018, 23363
10/11/2018, 22818
11/11/2018, 22603
12/11/2018, 21876
13/11/2018, 21792
14/11/2018, 24445
15/11/2018, 18577
16/11/2018, 19526
17/11/2018, 24940
18/11/2018, 25600
19/11/2018, 26446
20/11/2018, 24630
21/11/2018, 22143
22/11/2018, 17737
23/11/2018, 17701
24/11/2018, 21198
25/11/2018, 18394
26/11/2018, 19107
27/11/2018, 19522
28/11/2018, 20589
29/11/2018, 19252
30/11/2018, 18295
31/11/2018, 18611
1/0/2019, 17069
2/0/2019, 18830
3/0/2019, 26754
4/0/2019, 21139
5/0/2019, 20096
6/0/2019, 18883
7/0/2019, 20476
8/0/2019, 19387
9/0/2019, 21237
10/0/2019, 20948
11/0/2019, 19317
12/0/2019, 16138
13/0/2019, 16041
14/0/2019, 19018
15/0/2019, 18363
16/0/2019, 18790
17/0/2019, 21544
18/0/2019, 19125
19/0/2019, 16923
20/0/2019, 17285
21/0/2019, 18571
22/0/2019, 18601
23/0/2019, 19434
24/0/2019, 19994
25/0/2019, 17787
26/0/2019, 16307
27/0/2019, 14794
28/0/2019, 19069
29/0/2019, 19242
30/0/2019, 19785
31/0/2019, 20616
1/1/2019, 14658
2/1/2019, 15728
3/1/2019, 15208
4/1/2019, 18658
5/1/2019, 19792
6/1/2019, 20673
7/1/2019, 18834
8/1/2019, 20304
9/1/2019, 18400
10/1/2019, 15294
11/1/2019, 17137
12/1/2019, 18536
13/1/2019, 19037
14/1/2019, 20146
15/1/2019, 17973
16/1/2019, 14503
17/1/2019, 15013
18/1/2019, 20088
19/1/2019, 20657
20/1/2019, 19783
21/1/2019, 18673
22/1/2019, 18990
23/1/2019, 17467
24/1/2019, 19043
25/1/2019, 18557
26/1/2019, 18337
27/1/2019, 17989
28/1/2019, 17668
1/2/2019, 16498
2/2/2019, 14475
3/2/2019, 14176
4/2/2019, 17545
5/2/2019, 18838
6/2/2019, 18028
7/2/2019, 18488
8/2/2019, 17183
9/2/2019, 17366
10/2/2019, 15841
11/2/2019, 18186
12/2/2019, 19917
13/2/2019, 18492
14/2/2019, 20023
15/2/2019, 20206
16/2/2019, 17435
17/2/2019, 15347
18/2/2019, 18737
19/2/2019, 18727
20/2/2019, 19248
21/2/2019, 19423
22/2/2019, 16970
23/2/2019, 15265
24/2/2019, 13501
25/2/2019, 17740
26/2/2019, 17060
27/2/2019, 18796
28/2/2019, 19331
29/2/2019, 19794
30/2/2019, 16862
31/2/2019, 13999
1/3/2019, 19381
2/3/2019, 31271
3/3/2019, 27604
4/3/2019, 19138
5/3/2019, 21242
6/3/2019, 18512
7/3/2019, 18379
8/3/2019, 21850
9/3/2019, 21506
10/3/2019, 20630
11/3/2019, 19646
12/3/2019, 19211
13/3/2019, 14753
14/3/2019, 15018
15/3/2019, 21915
16/3/2019, 20162
17/3/2019, 18090
18/3/2019, 17682
19/3/2019, 18120
20/3/2019, 17709
21/3/2019, 17222
22/3/2019, 17408
23/3/2019, 22296
24/3/2019, 19743
25/3/2019, 19506
26/3/2019, 21070
27/3/2019, 16710
28/3/2019, 17580
29/3/2019, 20448
30/3/2019, 21581
1/4/2019, 20851
2/4/2019, 22445
3/4/2019, 24485
4/4/2019, 17068
5/4/2019, 16535
6/4/2019, 17404
7/4/2019, 23358
8/4/2019, 21963
9/4/2019, 23754
10/4/2019, 26998
11/4/2019, 28634
12/4/2019, 24282
13/4/2019, 30708
14/4/2019, 30481
15/4/2019, 26417
16/4/2019, 25357
17/4/2019, 24758
18/4/2019, 21030
19/4/2019, 23521
20/4/2019, 26986
21/4/2019, 26690
22/4/2019, 28228
23/4/2019, 23030
24/4/2019, 24832
25/4/2019, 21858
26/4/2019, 24478
27/4/2019, 28581
28/4/2019, 26446
29/4/2019, 25021
30/4/2019, 27798
31/4/2019, 23693
1/5/2019, 18033
2/5/2019, 17800
3/5/2019, 21639
4/5/2019, 22663
5/5/2019, 20976
6/5/2019, 18986
7/5/2019, 18556
8/5/2019, 16193
9/5/2019, 14067
10/5/2019, 16525
11/5/2019, 16251
12/5/2019, 16268
13/5/2019, 17035
14/5/2019, 18696
15/5/2019, 16573
16/5/2019, 22492
17/5/2019, 20646
18/5/2019, 21527
19/5/2019, 18490
20/5/2019, 22820
21/5/2019, 27828
22/5/2019, 39374
23/5/2019, 24127
24/5/2019, 25892
25/5/2019, 27019
26/5/2019, 41687
27/5/2019, 30175
28/5/2019, 27588
29/5/2019, 21149
30/5/2019, 17663
1/6/2019, 23124
2/6/2019, 23546
3/6/2019, 22563
4/6/2019, 19546
5/6/2019, 19656
6/6/2019, 16184
7/6/2019, 15820
8/6/2019, 21434
9/6/2019, 22180
10/6/2019, 23834
11/6/2019, 20230
12/6/2019, 31450
13/6/2019, 21442
14/6/2019, 19451
15/6/2019, 22735
16/6/2019, 22784
17/6/2019, 24278
18/6/2019, 24597
19/6/2019, 25759
20/6/2019, 21566
21/6/2019, 20697
22/6/2019, 23274
23/6/2019, 21610
24/6/2019, 22926
25/6/2019, 19361
26/6/2019, 17954
27/6/2019, 16400
28/6/2019, 14762
29/6/2019, 17179
30/6/2019, 18294
31/6/2019, 19647
1/7/2019, 19930
2/7/2019, 19806
3/7/2019, 15856
4/7/2019, 15514
5/7/2019, 24014
6/7/2019, 21526
7/7/2019, 19684
8/7/2019, 17352
9/7/2019, 17787
10/7/2019, 15781
11/7/2019, 14407
12/7/2019, 18156
13/7/2019, 18208
14/7/2019, 19072
15/7/2019, 19697
16/7/2019, 19352
17/7/2019, 15703
18/7/2019, 14246
19/7/2019, 16770
20/7/2019, 16596
21/7/2019, 18179
22/7/2019, 17858
23/7/2019, 17668
24/7/2019, 14618
25/7/2019, 14278
26/7/2019, 16826
27/7/2019, 20448
28/7/2019, 19033
29/7/2019, 17137
30/7/2019, 16339
31/7/2019, 13453
1/8/2019, 14620
2/8/2019, 17337
3/8/2019, 20903
4/8/2019, 18177
5/8/2019, 16187
6/8/2019, 18376
7/8/2019, 14526
8/8/2019, 14593
9/8/2019, 17004
10/8/2019, 18300
11/8/2019, 17080
12/8/2019, 16904
13/8/2019, 15885
14/8/2019, 13360
15/8/2019, 13380
16/8/2019, 16491
17/8/2019, 17082
18/8/2019, 18477
19/8/2019, 18387
20/8/2019, 16907
21/8/2019, 13899
22/8/2019, 14650
23/8/2019, 18065
24/8/2019, 21250
25/8/2019, 21772
26/8/2019, 19619
27/8/2019, 19119
28/8/2019, 15414
29/8/2019, 14229
30/8/2019, 17758
1/9/2019, 17754
2/9/2019, 15544
3/9/2019, 15626
4/9/2019, 14904
5/9/2019, 13536
6/9/2019, 14729
7/9/2019, 16843
8/9/2019, 16662
9/9/2019, 17990
10/9/2019, 17144
11/9/2019, 16759
12/9/2019, 14136
13/9/2019, 14172
14/9/2019, 17307
15/9/2019, 17552
16/9/2019, 17713
17/9/2019, 16806
18/9/2019, 17011
19/9/2019, 15757
20/9/2019, 13294
21/9/2019, 16282
22/9/2019, 19420
23/9/2019, 20329
24/9/2019, 17486
25/9/2019, 20601
26/9/2019, 25470
27/9/2019, 17460
28/9/2019, 18462
29/9/2019, 17199
30/9/2019, 17972
31/9/2019, 20869
1/10/2019, 17370
2/10/2019, 14470
3/10/2019, 14022
4/10/2019, 17953
5/10/2019, 18119
6/10/2019, 17193
7/10/2019, 16147
8/10/2019, 16463
9/10/2019, 13608
10/10/2019, 13655
11/10/2019, 17451
12/10/2019, 16739
13/10/2019, 17058
14/10/2019, 18144
15/10/2019, 17028
16/10/2019, 15041
17/10/2019, 14539
18/10/2019, 16505
19/10/2019, 16874
20/10/2019, 18338
21/10/2019, 21597
22/10/2019, 24404
23/10/2019, 16543
24/10/2019, 17253
25/10/2019, 22633
26/10/2019, 25824
27/10/2019, 22517
28/10/2019, 16332
29/10/2019, 16670
30/10/2019, 16174
1/11/2019, 15964
2/11/2019, 16129
3/11/2019, 16469
4/11/2019, 16817
5/11/2019, 17127
6/11/2019, 15697
7/11/2019, 13437
8/11/2019, 14176
9/11/2019, 16592
10/11/2019, 15197
11/11/2019, 14324
12/11/2019, 16412
13/11/2019, 16588
14/11/2019, 14114
15/11/2019, 14381
16/11/2019, 18724
17/11/2019, 19303
18/11/2019, 22374
19/11/2019, 21588
20/11/2019, 18959
21/11/2019, 16562
22/11/2019, 15978
23/11/2019, 16906
24/11/2019, 15959
25/11/2019, 14984
26/11/2019, 15205
27/11/2019, 14711
28/11/2019, 14765
29/11/2019, 13684
30/11/2019, 15568
31/11/2019, 13500
1/0/2020, 13987
2/0/2020, 15920
3/0/2020, 19730
4/0/2020, 16357
5/0/2020, 16533
6/0/2020, 16540
7/0/2020, 20950
8/0/2020, 20820
9/0/2020, 20500
10/0/2020, 18266
11/0/2020, 15900
12/0/2020, 14383
13/0/2020, 15305
14/0/2020, 20772
15/0/2020, 18142
16/0/2020, 18513
17/0/2020, 17272
18/0/2020, 17651
19/0/2020, 20557
20/0/2020, 18586
21/0/2020, 19285
22/0/2020, 19401
23/0/2020, 18546
24/0/2020, 16643
25/0/2020, 13919
26/0/2020, 14485
27/0/2020, 18223
28/0/2020, 20422
29/0/2020, 22062
30/0/2020, 18452
31/0/2020, 17685
1/1/2020, 15818
2/1/2020, 75543
3/1/2020, 32917
4/1/2020, 28537
5/1/2020, 34975
6/1/2020, 30260
7/1/2020, 25577
8/1/2020, 22495
9/1/2020, 38674
10/1/2020, 27170
11/1/2020, 28117
12/1/2020, 28341
13/1/2020, 26869
14/1/2020, 25754
15/1/2020, 23918
16/1/2020, 23996
17/1/2020, 25279
18/1/2020, 29623
19/1/2020, 31627
20/1/2020, 26789
21/1/2020, 23685
22/1/2020, 24088
23/1/2020, 25803
24/1/2020, 28829
25/1/2020, 27251
26/1/2020, 27388
27/1/2020, 25882
28/1/2020, 25289
29/1/2020, 22884
1/2/2020, 22847
2/2/2020, 25876
3/2/2020, 25782
4/2/2020, 27221
5/2/2020, 26232
6/2/2020, 22285
7/2/2020, 19205
8/2/2020, 19627
9/2/2020, 31167
10/2/2020, 24544
11/2/2020, 23550
12/2/2020, 44735
13/2/2020, 43020
14/2/2020, 22922
15/2/2020, 22102
16/2/2020, 27432
17/2/2020, 26159
18/2/2020, 26644
19/2/2020, 29033
20/2/2020, 28150
21/2/2020, 25403
22/2/2020, 27844
23/2/2020, 28657
24/2/2020, 31076
25/2/2020, 26878
26/2/2020, 24772
27/2/2020, 24128
28/2/2020, 20983
29/2/2020, 22187
30/2/2020, 24425
31/2/2020, 24944
1/3/2020, 27700
2/3/2020, 29947
3/3/2020, 33185
4/3/2020, 28502
5/3/2020, 25533
6/3/2020, 32118
7/3/2020, 32171
8/3/2020, 30033
9/3/2020, 29133
10/3/2020, 28128
11/3/2020, 22432
12/3/2020, 23749
13/3/2020, 26814
14/3/2020, 31671
15/3/2020, 28889
16/3/2020, 30583
17/3/2020, 28790
18/3/2020, 25279
19/3/2020, 25819
20/3/2020, 34822
21/3/2020, 32492
22/3/2020, 30981
23/3/2020, 35498
24/3/2020, 32567
25/3/2020, 33355
26/3/2020, 33495
27/3/2020, 39379
28/3/2020, 41546
29/3/2020, 48269
30/3/2020, 50532
1/4/2020, 40443
2/4/2020, 42783
3/4/2020, 43879
4/4/2020, 43373
5/4/2020, 50889
6/4/2020, 55866
7/4/2020, 59654
8/4/2020, 53749
9/4/2020, 42273
10/4/2020, 41923
11/4/2020, 82838
12/4/2020, 60453
13/4/2020, 46507
14/4/2020, 48588
15/4/2020, 38102
16/4/2020, 40293
17/4/2020, 33797
18/4/2020, 38987
19/4/2020, 31927
20/4/2020, 33468
21/4/2020, 36198
22/4/2020, 46283
23/4/2020, 27771
24/4/2020, 30235
25/4/2020, 34450
26/4/2020, 30190
27/4/2020, 34046
28/4/2020, 38537
29/4/2020, 34052
30/4/2020, 29372
31/4/2020, 28806
1/5/2020, 34801
2/5/2020, 48257
3/5/2020, 32772
4/5/2020, 33808
5/5/2020, 31415
6/5/2020, 26066
7/5/2020, 26035
8/5/2020, 30802
9/5/2020, 33586
10/5/2020, 35740
11/5/2020, 34444
12/5/2020, 34530
13/5/2020, 30524
14/5/2020, 24592
15/5/2020, 28560
16/5/2020, 28992
17/5/2020, 23559
18/5/2020, 23904
19/5/2020, 29522
20/5/2020, 26154
21/5/2020, 26333
22/5/2020, 33399
23/5/2020, 34373
24/5/2020, 32446
25/5/2020, 31154
26/5/2020, 30758
27/5/2020, 28444
28/5/2020, 28965
29/5/2020, 32380
30/5/2020, 28895
1/6/2020, 26910
2/6/2020, 26683
3/6/2020, 25726
4/6/2020, 24368
5/6/2020, 20039
6/6/2020, 27694
7/6/2020, 22547
8/6/2020, 22723
9/6/2020, 24645
10/6/2020, 24965
11/6/2020, 22288
12/6/2020, 19664
13/6/2020, 25309
14/6/2020, 35940
15/6/2020, 54174
16/6/2020, 56131
17/6/2020, 24865
18/6/2020, null
19/6/2020, 18893
20/6/2020, 24912
21/6/2020, 27374
22/6/2020, 25069
23/6/2020, 27632
24/6/2020, 27407
25/6/2020, 27808
26/6/2020, 30432
27/6/2020, 51139
28/6/2020, 45495
29/6/2020, 33785
30/6/2020, 32625
31/6/2020, 30055
1/7/2020, 39913
2/7/2020, 33109
3/7/2020, 29874
4/7/2020, 29318
5/7/2020, 38033
6/7/2020, 38775
7/7/2020, 37514
8/7/2020, 29019
9/7/2020, 25986
10/7/2020, 35606
11/7/2020, 33567
12/7/2020, 35237
13/7/2020, 30485
14/7/2020, 38124
15/7/2020, 39156
16/7/2020, 29007
17/7/2020, 40655
18/7/2020, 38262
19/7/2020, 36164
20/7/2020, 33256
21/7/2020, 34177
22/7/2020, 27846
23/7/2020, 28557
24/7/2020, 32820
25/7/2020, 36405
26/7/2020, 31857
27/7/2020, 32432
28/7/2020, 34517
29/7/2020, 26986
30/7/2020, 27893
31/7/2020, 29068
1/8/2020, 35393
2/8/2020, 32608
3/8/2020, 37151
4/8/2020, 34973
5/8/2020, 28115
6/8/2020, 23088
7/8/2020, 30832
8/8/2020, 28540
9/8/2020, 30051
10/8/2020, 29885
11/8/2020, 30008
12/8/2020, 27451
13/8/2020, 27955
14/8/2020, 29947
15/8/2020, 34641
16/8/2020, 35407
17/8/2020, 33417
18/8/2020, 31357
19/8/2020, 29151
20/8/2020, 26571
21/8/2020, 32418
22/8/2020, 38132
23/8/2020, 47367
24/8/2020, 37643
25/8/2020, 38495
26/8/2020, 25955
27/8/2020, 37113
28/8/2020, 34219
29/8/2020, 32020
30/8/2020, 33290
1/9/2020, 35755
2/9/2020, 32092
3/9/2020, 29374
4/9/2020, 31026
5/9/2020, 29324
6/9/2020, 30843
7/9/2020, 34215
8/9/2020, 42037
9/9/2020, 41653
10/9/2020, 37385
11/9/2020, 33070
12/9/2020, 32811
13/9/2020, 33789
14/9/2020, 87570
15/9/2020, 63222
16/9/2020, 36596
17/9/2020, 29771
18/9/2020, 26901
19/9/2020, 31375
20/9/2020, 37581
21/9/2020, 64870
22/9/2020, 43790
23/9/2020, 35777
24/9/2020, 32175
25/9/2020, 28445
26/9/2020, 36554
27/9/2020, 44889
28/9/2020, 36385
29/9/2020, 36808
30/9/2020, 32806
31/9/2020, 49308
1/10/2020, 40439
2/10/2020, 32602
3/10/2020, 36459
4/10/2020, 47315
5/10/2020, 60368
6/10/2020, 47823
7/10/2020, 33705
8/10/2020, 30699
9/10/2020, 35977
10/10/2020, 35104
11/10/2020, 39657
12/10/2020, 44220
13/10/2020, 48337
14/10/2020, 37293
15/10/2020, 33836
16/10/2020, 47177
17/10/2020, 74813
18/10/2020, 70679
19/10/2020, 43267
20/10/2020, 47903
21/10/2020, 45874
22/10/2020, 43581
23/10/2020, 47594
24/10/2020, 78971
25/10/2020, 46379
26/10/2020, 53237
27/10/2020, 44777
28/10/2020, 37071
29/10/2020, 33292
30/10/2020, 66042
1/11/2020, 60008
2/11/2020, 48309
3/11/2020, 44375
4/11/2020, 46085
5/11/2020, 39802
6/11/2020, 39953
7/11/2020, 45372
8/11/2020, 46222
9/11/2020, 42250
10/11/2020, 37279
11/11/2020, 35891
12/11/2020, 38898
13/11/2020, 39491
14/11/2020, 38737
15/11/2020, 43739
16/11/2020, 127155
17/11/2020, 120169
18/11/2020, 67616
19/11/2020, 56872
20/11/2020, 62679
21/11/2020, 61296
22/11/2020, 45927
23/11/2020, 43942
24/11/2020, 42618
25/11/2020, 49739
26/11/2020, 72172
27/11/2020, 88788
28/11/2020, 59779
29/11/2020, 56236
30/11/2020, 80886
31/11/2020, 68822
1/0/2021, 55480
2/0/2021, 145059
3/0/2021, 141596
4/0/2021, 82412
5/0/2021, 68133
6/0/2021, 86631
7/0/2021, 125036
8/0/2021, 113560
9/0/2021, 84725
10/0/2021, 74964
11/0/2021, 109316
12/0/2021, 83880
13/0/2021, 91811
14/0/2021, 106170
15/0/2021, 70388
16/0/2021, 62189
17/0/2021, 59161
18/0/2021, 69189
19/0/2021, 70173
20/0/2021, 61204
21/0/2021, 79347
22/0/2021, 79570
23/0/2021, 52802
24/0/2021, 50983
25/0/2021, 63766
26/0/2021, 55828
27/0/2021, 60652
28/0/2021, 84933
29/0/2021, 200783
30/0/2021, 93578
31/0/2021, 68163
1/1/2021, 91439
2/1/2021, 80624
3/1/2021, 87809
4/1/2021, 76348
5/1/2021, 97415
6/1/2021, 107331
7/1/2021, 77886
8/1/2021, 212923
9/1/2021, 159207
10/1/2021, 124292
11/1/2021, 115390
12/1/2021, 122503
13/1/2021, 93740
14/1/2021, 99797
15/1/2021, 101777
16/1/2021, 147792
17/1/2021, 147890
18/1/2021, 116096
19/1/2021, 150898
20/1/2021, 118093
21/1/2021, 111638
22/1/2021, 110348
23/1/2021, 131691
24/1/2021, 103733
25/1/2021, 82520
26/1/2021, 81742
27/1/2021, 66315
28/1/2021, 73439
1/2/2021, 89756
2/2/2021, 103342
3/2/2021, 94227
4/2/2021, 81460
5/2/2021, 70950
6/2/2021, 40281
7/2/2021, 68935
8/2/2021, 81828
9/2/2021, 85849
10/2/2021, 81908
11/2/2021, 95858
12/2/2021, 104787
13/2/2021, 154790
14/2/2021, 102059
15/2/2021, 116563
16/2/2021, 99951
17/2/2021, 106258
18/2/2021, 106755
19/2/2021, 106380
20/2/2021, 92396
21/2/2021, 80437
22/2/2021, 103950
23/2/2021, 94277
24/2/2021, 130216
25/2/2021, 137938
26/2/2021, 137602
27/2/2021, 106231
28/2/2021, 86361
29/2/2021, 104638
30/2/2021, 111290
31/2/2021, 108145
1/3/2021, 69301
2/3/2021, 30540
3/3/2021, 75450
4/3/2021, 87528
5/3/2021, 44761
6/3/2021, 32289
7/3/2021, 86985
8/3/2021, 104094
9/3/2021, 102638
10/3/2021, 110849
11/3/2021, 94714
12/3/2021, 132176
13/3/2021, 171108
14/3/2021, 161204
15/3/2021, 110223
16/3/2021, 113640
17/3/2021, 100583
18/3/2021, 178464
19/3/2021, 122950
20/3/2021, 112302
21/3/2021, 96848
22/3/2021, 108961
23/3/2021, 132963
24/3/2021, 86049
25/3/2021, 81258
26/3/2021, 110552
27/3/2021, 102971
28/3/2021, 97333
29/3/2021, 96503
30/3/2021, 92350
1/4/2021, 99595
2/4/2021, 78756
3/4/2021, 89710
4/4/2021, 87287
5/4/2021, 93866
6/4/2021, 84935
7/4/2021, 103515
8/4/2021, 82542
9/4/2021, 62002
10/4/2021, 74446
11/4/2021, 72974
12/4/2021, 104572
13/4/2021, 249599
14/4/2021, 120644
15/4/2021, 95522
16/4/2021, 148557
17/4/2021, 184558
18/4/2021, 120021
19/4/2021, 363566
20/4/2021, 173415
21/4/2021, 185009
22/4/2021, 174133
23/4/2021, 160368
24/4/2021, 151342
25/4/2021, 107640
26/4/2021, 114558
27/4/2021, 100263
28/4/2021, 104815
29/4/2021, 98843
30/4/2021, 109381
31/4/2021, 101203
1/5/2021, 105694
2/5/2021, 92542
3/5/2021, 88708
4/5/2021, 184618
5/5/2021, 174730
6/5/2021, 211698
7/5/2021, 172116
8/5/2021, 187281
9/5/2021, 297825
10/5/2021, 192780
11/5/2021, 145724
12/5/2021, 133446
13/5/2021, 149747
14/5/2021, 173293
15/5/2021, 139190
16/5/2021, 116771
17/5/2021, 122733
18/5/2021, 125163
19/5/2021, 98521
20/5/2021, 100940
21/5/2021, 153833
22/5/2021, 153834
23/5/2021, 125027
24/5/2021, 105656
25/5/2021, 154086
26/5/2021, 105096
27/5/2021, 122259
28/5/2021, 128407
29/5/2021, 120506
30/5/2021, 110739
1/6/2021, 110932
2/6/2021, 101685
3/6/2021, 92900
4/6/2021, 85810
5/6/2021, 88486
6/6/2021, 95429
7/6/2021, 111493
8/6/2021, 108695
9/6/2021, 98121
10/6/2021, 85014
11/6/2021, 70863
12/6/2021, 98470
13/6/2021, 141201
14/6/2021, 98812
15/6/2021, 92346
16/6/2021, 86926
17/6/2021, 73357
18/6/2021, 75089
19/6/2021, 83081
20/6/2021, 102358
21/6/2021, 150305
22/6/2021, 106901
23/6/2021, 87678
24/6/2021, 97003
25/6/2021, 83272
26/6/2021, 184548
27/6/2021, 128220
28/6/2021, 133752
29/6/2021, 106512
30/6/2021, 93955
31/6/2021, 88543
1/7/2021, 103030
2/7/2021, 118549
3/7/2021, 103494
4/7/2021, 97689
5/7/2021, 95549
6/7/2021, 104769
7/7/2021, 110473
8/7/2021, 97178
9/7/2021, 121767
10/7/2021, 113397
11/7/2021, 99731
12/7/2021, 98097
13/7/2021, 98133
14/7/2021, 81771
15/7/2021, 77118
16/7/2021, 99378
17/7/2021, 98097
18/7/2021, 96506
19/7/2021, 102697
20/7/2021, 113364
21/7/2021, 83918
22/7/2021, 79512
23/7/2021, 139656
24/7/2021, 119165
25/7/2021, 98782
26/7/2021, 87815
27/7/2021, 97836
28/7/2021, 79411
29/7/2021, 83476
30/7/2021, 100326
31/7/2021, 85170
1/8/2021, 103531
2/8/2021, 124469
3/8/2021, 113030
4/8/2021, 94327
5/8/2021, 91052
6/8/2021, 137763
7/8/2021, 240284
8/8/2021, 154503
9/8/2021, 104725
10/8/2021, 100785
11/8/2021, 78525
12/8/2021, 77722
13/8/2021, 103761
14/8/2021, 91267
15/8/2021, 109407
16/8/2021, 90855
17/8/2021, 101046
18/8/2021, 82649
19/8/2021, 74123
20/8/2021, 131996
21/8/2021, 101636
22/8/2021, 98217
23/8/2021, 117001
24/8/2021, 161656
25/8/2021, 97401
26/8/2021, 85595
27/8/2021, 103126
28/8/2021, 99868
29/8/2021, 110555
30/8/2021, 109580
1/9/2021, 149724
2/9/2021, 89506
3/9/2021, 97975
4/9/2021, 132624
5/9/2021, 153503
6/9/2021, 195155
7/9/2021, 129606
8/9/2021, 107673
9/9/2021, 92850
10/9/2021, 91018
11/9/2021, 142028
12/9/2021, 114161
13/9/2021, 113945
14/9/2021, 130212
15/9/2021, 232707
16/9/2021, 141705
17/9/2021, 111977
18/9/2021, 140381
19/9/2021, 176844
20/9/2021, 290630
21/9/2021, 186417
22/9/2021, 147588
23/9/2021, 114275
24/9/2021, 106803
25/9/2021, 134501
26/9/2021, 125247
27/9/2021, 126449
28/9/2021, 125041
29/9/2021, 112918
30/9/2021, 91063
31/9/2021, 105589
1/10/2021, 112167
2/10/2021, 137644
3/10/2021, 127439
4/10/2021, 119426
5/10/2021, 115671
6/10/2021, 97179
7/10/2021, 103642
8/10/2021, 168461
9/10/2021, 189677
10/10/2021, 154746
11/10/2021, 131369
12/10/2021, 121364
13/10/2021, 120378
14/10/2021, 125767
15/10/2021, 137226
16/10/2021, 141774
17/10/2021, 128054
18/10/2021, 54631
