symbol,date,open,high,low,close,adjusted_close,volume
^IXIC,"Dec 03, 2021",15428.71,15470.36,14931.06,15085.47,15085.47,5859520000
^IXIC,"Dec 03, 2021",15428.71,15470.36,14931.06,15085.47,15085.47,5859520000
^IXIC,"Dec 02, 2021",15181.82,15444.54,15150.12,15381.32,15381.32,5390100000
^IXIC,"Dec 01, 2021",15752.27,15816.82,15243.93,15254.05,15254.05,6266020000
^IXIC,"Nov 30, 2021",15716.5,15828.2,15451.39,15537.69,15537.69,6609380000
^IXIC,"Nov 29, 2021",15719.42,15833.11,15644.61,15782.83,15782.83,4800570000
^IXIC,"Nov 26, 2021",15664.38,15731.54,15456.09,15491.66,15491.66,3502030000
^IXIC,"Nov 24, 2021",15677.88,15848.56,15591.36,15845.23,15845.23,4178630000
^IXIC,"Nov 23, 2021",15809.5,15895.86,15601.46,15775.14,15775.14,5412610000
^IXIC,"Nov 22, 2021",16120.92,16212.23,15851.04,15854.76,15854.76,5531070000
GC+F,"Nov 20, 2021",16120.92,16212.23,15851.04,15854.76,15854.76,5531070000
^IXIC,"Nov 19, 2021",16042.16,16121.12,16017.23,16057.44,16057.44,4849160000
^IXIC,"Nov 18, 2021",15973.39,16010.88,15848.83,15993.71,15993.71,5361690000
^IXIC,"Nov 17, 2021",15973.62,15998.57,15909.39,15921.57,15921.57,5024540000
^IXIC,"Nov 16, 2021",15840.32,15989.61,15825,15973.86,15973.86,5441150000
^IXIC,"Nov 15, 2021",15894.82,15918.45,15778.31,15853.85,15853.85,4978040000
^IXIC,"Nov 12, 2021",15752.62,15874.57,15705.38,15860.96,15860.96,5412870000
^IXIC,"Nov 11, 2021",15752.08,15768.03,15695.77,15704.28,15704.28,4520600000
^IXIC,"Nov 10, 2021",15753.84,15867.24,15543.68,15622.71,15622.71,5336480000
^IXIC,"Nov 09, 2021",16024.13,16035.21,15836.68,15886.54,15886.54,5531330000
^IXIC,"Nov 08, 2021",15995.72,16038.23,15961.81,15982.36,15982.36,5620280000
^IXIC,"Nov 05, 2021",16003.56,16053.39,15900.78,15971.59,15971.59,5534130000
^IXIC,"Nov 04, 2021",15849.74,15966.09,15827.66,15940.31,15940.31,5252570000
^IXIC,"Nov 03, 2021",15658.52,15821.57,15616.44,15811.58,15811.58,5274520000
^IXIC,"Nov 02, 2021",15583.98,15656.6,15569.27,15649.6,15649.6,5118540000
^IXIC,"Nov 01, 2021",15541.26,15598.95,15470.82,15595.92,15595.92,5239250000
^IXIC,"Oct 29, 2021",15323.29,15504.12,15323.29,15498.39,15498.39,5310370000
^IXIC,"Oct 28, 2021",15304.74,15452.3,15290.31,15448.12,15448.12,5660240000
^IXIC,"Oct 27, 2021",15276,15364.54,15235.84,15235.84,15235.84,6083210000
^IXIC,"Oct 26, 2021",15317.5,15384,15198.23,15235.71,15235.71,7035470000
^IXIC,"Oct 25, 2021",15142.92,15259.63,15070.75,15226.71,15226.71,5677320000
^IXIC,"Oct 22, 2021",15158.07,15193.01,15021.02,15090.2,15090.2,5719760000
^IXIC,"Oct 21, 2021",15104.8,15222.25,15094.14,15215.7,15215.7,4880390000
^IXIC,"Oct 20, 2021",15160,15178.39,15071.15,15121.68,15121.68,4086590000
^IXIC,"Oct 19, 2021",15073.13,15137.85,15049.73,15129.09,15129.09,4443000000
^IXIC,"Oct 18, 2021",14839.74,15026.68,14833.28,15021.81,15021.81,4142540000
^IXIC,"Oct 15, 2021",14891.24,14904.98,14847.96,14897.34,14897.34,4473930000
^IXIC,"Oct 14, 2021",14717.5,14827.56,14699.52,14823.43,14823.43,4240520000
^IXIC,"Oct 13, 2021",14537.17,14589.28,14471.88,14571.64,14571.64,4032440000
^IXIC,"Oct 12, 2021",14539.09,14552.71,14441.6,14465.92,14465.92,4037030000
^IXIC,"Oct 11, 2021",14540.08,14665.99,14482.62,14486.2,14486.2,3522230000
^IXIC,"Oct 08, 2021",14694.72,14699.91,14569.68,14579.54,14579.54,3557630000
^IXIC,"Oct 07, 2021",14631.8,14755.72,14615.14,14654.02,14654.02,3936210000
^IXIC,"Oct 06, 2021",14289.45,14509.55,14259.07,14501.91,14501.91,4443760000
^IXIC,"Oct 05, 2021",14312.86,14508.65,14299.78,14433.83,14433.83,4143190000
^IXIC,"Oct 04, 2021",14493.12,14499.74,14181.69,14255.48,14255.48,4539650000
^IXIC,"Oct 01, 2021",14494.93,14606.82,14324.01,14566.7,14566.7,4688550000
^IXIC,"Sep 30, 2021",14582.6,14632.36,14444.3,14448.58,14448.58,5910550000
^IXIC,"Sep 29, 2021",14614.88,14676.62,14493.67,14512.44,14512.44,5246170000
^IXIC,"Sep 28, 2021",14787.21,14817.74,14539.88,14546.68,14546.68,4954270000
^IXIC,"Sep 27, 2021",14954.18,15003.16,14864.96,14969.97,14969.97,4619450000
^IXIC,"Sep 24, 2021",14961.61,15067.56,14946.57,15047.7,15047.7,3972140000
^IXIC,"Sep 23, 2021",14960,15085.44,14932.51,15052.24,15052.24,4176520000
^IXIC,"Sep 22, 2021",14800.59,14950.12,14767.01,14896.85,14896.85,4229870000
^IXIC,"Sep 21, 2021",14803.36,14847.03,14696.47,14746.4,14746.4,4056340000
^IXIC,"Sep 20, 2021",14758.14,14841.82,14530.07,14713.9,14713.9,4860630000
^IXIC,"Sep 18, 2021",153.36,156.56,148.73,153.97,153.97,6682650000
^IXIC,"Sep 17, 2021",15163.36,15166.56,14998.73,15043.97,15043.97,6682650000
^IXIC,"Sep 16, 2021",15120.09,15205.5,15047.14,15181.92,15181.92,3681700000
^IXIC,"Sep 15, 2021",15071.34,15174.38,14984.68,15161.53,15161.53,4446270000
^IXIC,"Sep 14, 2021",15168.45,15181.19,15008.3,15037.76,15037.76,4571950000
^IXIC,"Sep 13, 2021",15211.43,15215.44,15030.85,15105.58,15105.58,4701190000
^IXIC,"Sep 10, 2021",15332.92,15349.47,15111.31,15115.49,15115.49,4567980000
^IXIC,"Sep 09, 2021",15296.06,15352.38,15245.17,15248.25,15248.25,3997250000
^IXIC,"Sep 08, 2021",15360.35,15360.35,15206.61,15286.64,15286.64,4113530000
^IXIC,"Sep 07, 2021",15375.98,15403.44,15343.28,15374.33,15374.33,3967040000
^IXIC,"Sep 03, 2021",15313.41,15375.56,15283.67,15363.52,15363.52,3692170000
^IXIC,"Sep 02, 2021",15358.47,15380.07,15285.35,15331.18,15331.18,4018120000
^IXIC,"Sep 01, 2021",15308.98,15379.5,15302.11,15309.38,15309.38,4248030000
^IXIC,"Aug 31, 2021",15262.88,15278.96,15202.67,15259.24,15259.24,4170170000
^IXIC,"Aug 30, 2021",15165.94,15288.08,15165.12,15265.89,15265.89,4034110000
^IXIC,"Aug 27, 2021",14969.77,15144.48,14966.52,15129.5,15129.5,4006310000
^IXIC,"Aug 26, 2021",15025.17,15059.63,14939.56,14945.81,14945.81,3610970000
^IXIC,"Aug 25, 2021",15039.03,15059.43,15011.58,15041.86,15041.86,3629990000
^IXIC,"Aug 24, 2021",14978.14,15034.89,14965.54,15019.8,15019.8,3792870000
^IXIC,"Aug 23, 2021",14776.98,14963.47,14776.98,14942.65,14942.65,3893990000
^IXIC,-,,,,,,
^IXIC,"Aug 20, 2021",14571.53,14722.16,14571.53,14714.66,14714.66,3864780000
^IXIC,"Aug 19, 2021",14423.16,14610.76,14423.16,14541.79,14541.79,4172870000
^IXIC,"Aug 18, 2021",14636.24,14697.25,14516.3,14525.91,14525.91,3814120000
^IXIC,"Aug 17, 2021",14670.56,14716.95,14550.88,14656.18,14656.18,4151190000
^IXIC,"Aug 16, 2021",14771.53,14794.68,14610.02,14793.76,14793.76,3953840000
^IXIC,"Aug 13, 2021",14825.07,14850.61,14797.22,14822.9,14822.9,4038130000
^IXIC,"Aug 12, 2021",14751.36,14824.31,14698.94,14816.26,14816.26,4020260000
^IXIC,"Aug 11, 2021",14834.38,14842.5,14692.41,14765.14,14765.14,3980530000
^IXIC,"Aug 10, 2021",14887.75,14894.61,14754.48,14788.09,14788.09,3978790000
^IXIC,"Aug 09, 2021",14855.76,14883.81,14802.69,14860.18,14860.18,4095760000
^IXIC,"Aug 07, 2021",None,NULL,NA,-,-,4159050000
^IXIC,"Aug 06, 2021",14864.22,14890.18,14788.59,14835.76,14835.76,4159050000
^IXIC,"Aug 05, 2021",14794.08,14896.47,14776.03,14895.12,14895.12,4087320000
^IXIC,"Aug 04, 2021",14747.21,14812.37,14734.12,14780.53,14780.53,4319400000
^IXIC,"Aug 03, 2021",14713.99,14762.6,14584.09,14761.29,14761.29,4117520000
^IXIC,"Aug 02, 2021",14758.6,14770.41,14665.67,14681.07,14681.07,3738200000
^IXIC,"Jul 30, 2021",14615.85,14728.78,14615.85,14672.68,14672.68,3628750000
^IXIC,"Jul 29, 2021",14771.17,14833.74,14761.38,14778.26,14778.26,3904590000
^IXIC,"Jul 28, 2021",14715.66,14798.88,14645.63,14762.58,14762.58,4235390000
^IXIC,"Jul 27, 2021",14807.95,14811.08,14503.76,14660.58,14660.58,4300000000
^IXIC,"Jul 26, 2021",14821.03,14863.65,14790.49,14840.71,14840.71,4409960000
^IXIC,"Jul 23, 2021",14753.06,14846.06,14698.77,14836.99,14836.99,3959410000
^IXIC,"Jul 22, 2021",14652.72,14694.19,14617.87,14684.6,14684.6,3574560000
^IXIC,"Jul 21, 2021",14508.75,14633.14,14498.65,14631.95,14631.95,4075150000
^IXIC,"Jul 20, 2021",14330.46,14555.75,14271.23,14498.88,14498.88,4618980000
^IXIC,"Jul 19, 2021",14235.98,14313.6,14178.66,14274.98,14274.98,4507040000
symbol,date,open,high,low,close,adjusted_close,volume
^IXIC,"Jul 15, 2021",14635.78,14650.37,14451.8,14543.13,14543.13,4493540000
^IXIC,"Jul 14, 2021",14780.9,14790.55,14632.95,14644.95,14644.95,4461730000
^IXIC,"Jul 13, 2021",14715.13,14803.68,14660.19,14677.65,14677.65,4553380000
^IXIC,"Jul 12, 2021",14743.86,14761.08,14672.63,14733.24,14733.24,3864500000
^IXIC,"Jul 09, 2021",14578.43,14710.2,14552.26,14701.92,14701.92,3809040000
^IXIC,"Jul 08, 2021",14409.2,14610.06,14371.59,14559.78,14559.78,4550600000
^IXIC,"Jul 07, 2021",14753.41,14755.33,14580.79,14665.06,14665.06,4582030000
^IXIC,"Jul 06, 2021",14661.55,14687,14529.8,14663.64,14663.64,4464780000
^IXIC,"Jul 02, 2021",14582.98,14649.11,14555.34,14639.33,14639.33,3731730000
^IXIC,"Jul 01, 2021",14493.69,14533.55,14439.4,14522.38,14522.38,4371620000
^IXIC,"Jun 30, 2021",14509.85,14526.81,14478.06,14503.95,14503.95,5264790000
^IXIC,"Jun 29, 2021",14509.19,14535.97,14471.38,14528.33,14528.33,4842860000
^IXIC,"Jun 28, 2021",14417.81,14505.19,14417.2,14500.51,14500.51,4235620000
^IXIC,"Jun 25, 2021",14400.81,14409.08,14337.65,14360.39,14360.39,7436800000
^IXIC,"Jun 24, 2021",14357.27,14414.46,14333.7,14369.71,14369.71,4297280000
^IXIC,"Jun 23, 2021",14263.38,14317.66,14246.3,14271.73,14271.73,4394600000
^IXIC,"Jun 22, 2021",14138.29,14269.77,14121,14253.27,14253.27,4405260000
^IXIC,"Jun 21, 2021",14047.42,14150.78,13960.04,14141.48,14141.48,4523120000
^IXIC,"Jun 20, 2021",144047.42,144150.78,133960.04,144141.48,144141.48,4523120000
^IXIC,"Jun 18, 2021",14096.93,14129.22,14009.04,14030.38,14030.38,6105960000
^IXIC,"Jun 17, 2021",13999.13,14196.21,13998.93,14161.35,14161.35,4526780000
^IXIC,"Jun 16, 2021",14085.55,14129.69,13903.73,14039.68,14039.68,4632480000
^IXIC,"Jun 15, 2021",14166.64,14171.02,14052.16,14072.86,14072.86,4517770000
^IXIC,"Jun 14, 2021",14083.47,14175.45,14056.67,14174.14,14174.14,4394380000
^IXIC,"Jun 11, 2021",14030.85,14069.42,14006.59,14069.42,14069.42,4140190000
^IXIC,"Jun 10, 2021",13933.88,14031.19,13904.4,14020.33,14020.33,4889500000
^IXIC,"Jun 09, 2021",13980.23,14003.5,13906.45,13911.75,13911.75,5607720000
^IXIC,"Jun 08, 2021",13946.32,13981.72,13831.98,13924.91,13924.91,5894140000
^IXIC,"Jun 07, 2021",13802.82,13889.11,13784.89,13881.72,13881.72,4602940000
^IXIC,"Jun 04, 2021",13697.25,13826.82,13692.01,13814.49,13814.49,4341800000
^IXIC,"Jun 03, 2021",13655.75,13684.13,13548.93,13614.51,13614.51,5367460000
^IXIC,"Jun 02, 2021",13743.24,13775.89,13689.74,13756.33,13756.33,5059810000
^IXIC,"Jun 01, 2021",13829.06,13836.17,13678.77,13736.48,13736.48,4155670000
^IXIC,"May 28, 2021",13792.05,13820.87,13747.61,13748.74,13748.74,4435220000
^IXIC,"May 27, 2021",13742.59,13776.52,13701.63,13736.28,13736.28,5057550000
^IXIC,"May 26, 2021",13693.94,13750.16,13679.59,13738,13738,4231140000
^IXIC,"May 25, 2021",13721.54,13751.14,13631.8,13657.17,13657.17,4084480000
^IXIC,"May 24, 2021",13557.21,13708.85,13551.01,13661.17,13661.17,3490650000
^IXIC,"May 21, 2021",13616.19,13616.58,13463.26,13470.99,13470.99,3704590000
^IXIC,"May 20, 2021",13356.63,13563.52,13355.71,13535.74,13535.74,3972730000
^IXIC,"May 19, 2021",13078.19,13304.61,13072.23,13299.74,13299.74,4314980000
^IXIC,"May 18, 2021",13416.9,13485.34,13299.93,13303.64,13303.64,4283680000
^IXIC,"May 17, 2021",13368.8,13399.17,13265.4,13379.05,13379.05,3980630000
^IXIC,"May 14, 2021",13255.65,13460.88,13242.97,13429.98,13429.98,4008110000
^IXIC,"May 13, 2021",13150.94,13247.87,13007.24,13124.99,13124.99,4681530000
^IXIC,"May 12, 2021",13215.49,13288.61,13002.54,13031.68,13031.68,4730740000
^IXIC,"May 11, 2021",13115.85,13423.31,13107.67,13389.43,13389.43,4719720000
^IXIC,"May 10, 2021",13687.59,13687.93,13401.74,13401.86,13401.86,4795690000
^IXIC,"May 07, 2021",13723.09,13828.62,13690.75,13752.24,13752.24,4376800000
^IXIC,"May 06, 2021",13557.83,13635.73,13439.39,13632.84,13632.84,5000710000
^IXIC,"May 05, 2021",13731.13,13753.05,13553.93,13582.42,13582.42,4517100000
^IXIC,"May 04, 2021",13774.51,13795.57,13485.59,13633.5,13633.5,5852850000
^IXIC,"May 03, 2021",14031.77,14042.12,13881.51,13895.12,13895.12,4718850000
^IXIC,"Apr 30, 2021",13970.73,14084.76,13941.63,13962.68,13962.68,4762770000
^IXIC,"Apr 29, 2021",14204.51,14211.57,13952.8,14082.55,14082.55,4854340000
^IXIC,"Apr 28, 2021",14082.78,14133.65,14034.7,14051.03,14051.03,4532050000
^IXIC,"Apr 27, 2021",14170.91,14171.24,14064.28,14090.22,14090.22,4665430000
^IXIC,"Apr 26, 2021",14052.38,14154.03,14019.5,14138.78,14138.78,4479480000
^IXIC,"Apr 23, 2021",13861.37,14062.74,13856.83,14016.81,14016.81,4332500000
^IXIC,"Apr 22, 2021",13952.57,14015.87,13771.04,13818.41,13818.41,4397030000
^IXIC,"Apr 21, 2021",13745.77,13951.35,13706.86,13950.22,13950.22,3967090000
^IXIC,"Apr 20, 2021",13894.46,13927.67,13698.67,13786.27,13786.27,4229410000
^IXIC,"Apr 19, 2021",13984.58,14041.79,13842.57,13914.77,13914.77,4349340000
^IXIC,"Apr 16, 2021",14059.11,14062.5,13977.05,14052.34,14052.34,4414640000
^IXIC,"Apr 15, 2021",13983.23,14049.13,13970.42,14038.76,14038.76,4382620000
^IXIC,"Apr 14, 2021",14004.08,14033.63,13839.04,13857.84,13857.84,4102380000
^IXIC,"Apr 13, 2021",13902.45,14011.51,13902.45,13996.1,13996.1,4200290000
^IXIC,"Apr 12, 2021",13854.44,13877,13783.95,13850,13850,4230160000
^IXIC,"Apr 09, 2021",13787.02,13905.41,13748.35,13900.19,13900.19,3906460000
^IXIC,"Apr 08, 2021",13796.89,13830.14,13758.71,13829.31,13829.31,4133640000
^IXIC,"Apr 07, 2021",13675.3,13733.03,13653.59,13688.84,13688.84,4078990000
^IXIC,"Apr 06, 2021",13681.67,13776.71,13674.28,13698.38,13698.38,4038510000
^IXIC,"Apr 05, 2021",13594.9,13720.58,13582.76,13705.59,13705.59,4439970000
^IXIC,"Apr 01, 2021",13414.32,13487.08,13404.18,13480.11,13480.11,4553470000
^IXIC,"Mar 31, 2021",13122.57,13325.54,13118.38,13246.87,13246.87,4980670000
^IXIC,"Mar 30, 2021",13008.8,13075.75,12922.57,13045.39,13045.39,4685320000
^IXIC,"Mar 29, 2021",13103.97,13143.41,12968.16,13059.65,13059.65,4934000000
^IXIC,"Mar 26, 2021",12996.03,13149.55,12878.72,13138.73,13138.73,5195330000
^IXIC,"Mar 25, 2021",12844.58,13021.86,12786.81,12977.68,12977.68,5608640000
^IXIC,"Mar 24, 2021",13289.24,13292.92,12961.35,12961.89,12961.89,6184470000
^IXIC,"Mar 23, 2021",13381.43,13405.15,13202.43,13227.7,13227.7,5607860000
^IXIC,"Mar 22, 2021",13278.78,13455.64,13278.78,13377.54,13377.54,5302770000
^IXIC,"Mar 19, 2021",13119.9,13252.37,13039.45,13215.24,13215.24,7591530000
^IXIC,"Mar 18, 2021",13349.2,13384.46,13101.92,13116.17,13116.17,5699900000
^IXIC,"Mar 17, 2021",13336.91,13595,13272.69,13525.2,13525.2,5465500000
^IXIC,"Mar 16, 2021",13523.17,13620.71,13397.08,13471.57,13471.57,5463770000
^IXIC,"Mar 15, 2021",13323.47,13460.35,13272.5,13459.71,13459.71,5933440000
^IXIC,"Mar 12, 2021",13222.81,13324.69,13158.72,13319.86,13319.86,5472340000
^IXIC,"Mar 11, 2021",13273.31,13433.62,13246.33,13398.67,13398.67,5956260000
^IXIC,"Mar 10, 2021",13234.73,13277.11,13035.44,13068.83,13068.83,5991730000
^IXIC,"Mar 09, 2021",12923.07,13151.54,12882.49,13073.82,13073.82,6294910000
^IXIC,"Mar 08, 2021",12904.26,13001,12599.23,12609.16,12609.16,5971260000
^IXIC,"Mar 05, 2021",12860.04,12941.21,12397.05,12920.15,12920.15,7696900000
^IXIC,"Mar 04, 2021",12953.99,13068.71,12553.96,12723.47,12723.47,7799710000
^IXIC,"Mar 03, 2021",13336.25,13372.52,12995.07,12997.75,12997.75,5493960000
^IXIC,"Mar 02, 2021",13599.45,13601.33,13352,13358.79,13358.79,4920320000
^IXIC,"Mar 01, 2021",13406.16,13596.59,13362.66,13588.83,13588.83,5047710000
^IXIC,"Feb 26, 2021",13232.9,13368.06,13024.53,13192.35,13192.35,5883880000
symbol,date,open,high,low,close,adjusted_close,volume
^IXIC,"Feb 24, 2021",13400.25,13607.36,13286.59,13597.97,13597.97,5793430000
^IXIC,"Feb 23, 2021",13262.61,13526.09,13003.98,13465.2,13465.2,7482840000
^IXIC,"Feb 22, 2021",13714.2,13757.06,13530.96,13533.05,13533.05,6435100000
^IXIC,"Feb 19, 2021",13929.2,13985.58,13842.6,13874.46,13874.46,6686060000
^IXIC,"Feb 18, 2021",13814.67,13905.96,13714.35,13865.36,13865.36,6454280000
^IXIC,"Feb 17, 2021",13911.65,13976.43,13804.26,13965.49,13965.49,7227140000
^IXIC,"Feb 16, 2021",14152.21,14175.12,13995.45,14047.5,14047.5,7646300000
^IXIC,"Feb 12, 2021",13979.21,14102.04,13937.71,14095.47,14095.47,7352960000
^IXIC,"Feb 11, 2021",14045.21,14058.91,13916.85,14025.77,14025.77,10000200000
^IXIC,"Feb 10, 2021",14093.35,14109.12,13845.47,13972.53,13972.53,10165550000
^IXIC,"Feb 09, 2021",13966.82,14044.95,13966.55,14007.7,14007.7,8658980000
^IXIC,"Feb 08, 2021",13937.06,13987.74,13894.15,13987.64,13987.64,8439940000
^IXIC,"Feb 05, 2021",13824.88,13878.16,13761.66,13856.3,13856.3,6697720000
^IXIC,"Feb 04, 2021",13674.06,13778.42,13631.62,13777.74,13777.74,7218680000
^IXIC,"Feb 03, 2021",13718.31,13723.83,13585.34,13610.54,13610.54,7465240000
^IXIC,"Feb 02, 2021",13543.1,13652.7,13535.86,13612.78,13612.78,7240220000
^IXIC,"Feb 01, 2021",13226.18,13431.46,13132.47,13403.39,13403.39,7014220000
^IXIC,"Jan 29, 2021",13284.72,13322,12985.05,13070.69,13070.69,7809670000
^IXIC,"Jan 28, 2021",13323.29,13507.64,13316.52,13337.16,13337.16,9823150000
^IXIC,"Jan 27, 2021",13486.58,13538.42,13192.91,13270.6,13270.6,11102160000
^IXIC,"Jan 26, 2021",13681.72,13702.69,13603.19,13626.06,13626.06,6781460000
^IXIC,"Jan 25, 2021",13681.21,13728.98,13368.68,13635.99,13635.99,7139410000
^IXIC,"Jan 22, 2021",13474.81,13567.14,13463.66,13543.06,13543.06,5931240000
^IXIC,"Jan 21, 2021",13521.48,13560.35,13454.07,13530.91,13530.91,7183390000
^IXIC,"Jan 20, 2021",13342.55,13486.13,13329.77,13457.25,13457.25,6771630000
^IXIC,"Jan 19, 2021",13132.73,13206.86,13078.7,13197.18,13197.18,6229100000
^IXIC,"Jan 15, 2021",13099.9,13139.83,12949.76,12998.5,12998.5,6402970000
^IXIC,"Jan 14, 2021",13174.75,13220.16,13098.41,13112.64,13112.64,6671090000
^IXIC,"Jan 13, 2021",13088.01,13171.15,13051.06,13128.95,13128.95,7072920000
^IXIC,"Jan 12, 2021",13062.06,13105.04,12963.92,13072.43,13072.43,7181380000
^IXIC,"Jan 11, 2021",13048.78,13138.27,12999.51,13036.43,13036.43,6876420000
^IXIC,"Jan 08, 2021",13160.22,13208.09,13036.55,13201.98,13201.98,7223660000
^IXIC,"Jan 07, 2021",12867.34,13090.91,12867.34,13067.48,13067.48,6777010000
^IXIC,"Jan 06, 2021",12666.15,12909.63,12649.99,12740.79,12740.79,7648340000
^IXIC,"Jan 05, 2021",12665.65,12828.27,12665.65,12818.96,12818.96,6904420000
^IXIC,"Jan 04, 2021",12958.52,12958.72,12543.24,12698.45,12698.45,6546740000
^IXIC,"Dec 31, 2020",12877.09,12902.07,12821.23,12888.28,12888.28,4771390000
^IXIC,"Dec 30, 2020",12906.51,12924.93,12857.76,12870,12870,5292210000
^IXIC,"Dec 29, 2020",12965.39,12973.33,12821.96,12850.22,12850.22,4680780000
^IXIC,"Dec 28, 2020",12914.64,12930.89,12827.45,12899.42,12899.42,5076340000
^IXIC,"Dec 24, 2020",12791.54,12833.55,12767.64,12804.73,12804.73,3305950000
^IXIC,"Dec 23, 2020",12834.94,12841.92,12758.67,12771.11,12771.11,7028650000
^IXIC,"Dec 22, 2020",12785.22,12840.57,12695.31,12807.92,12807.92,5700760000
^IXIC,"Dec 21, 2020",12596.14,12751.27,12525.22,12742.52,12742.52,5156470000
^IXIC,"Dec 18, 2020",12804.93,12809.6,12654.6,12755.64,12755.64,7088670000
^IXIC,"Dec 17, 2020",12730.78,12765.25,12696.35,12764.75,12764.75,4994090000
^IXIC,"Dec 16, 2020",12611.04,12687.32,12566.38,12658.19,12658.19,4561600000
^IXIC,"Dec 15, 2020",12543.26,12596.13,12465.42,12595.06,12595.06,4377950000
^IXIC,"Dec 14, 2020",12447.44,12543,12432.71,12440.04,12440.04,4458140000
^IXIC,"Dec 11, 2020",12336.79,12383.5,12246.77,12377.87,12377.87,4268140000
^IXIC,"Dec 10, 2020",12247.55,12431.56,12214.74,12405.81,12405.81,4470060000
^IXIC,"Dec 09, 2020",12591.69,12607.14,12290.78,12338.95,12338.95,5131720000
^IXIC,"Dec 08, 2020",12503.17,12594.54,12453.21,12582.77,12582.77,4758170000
^IXIC,"Dec 07, 2020",12461,12536.23,12460.55,12519.95,12519.95,4741690000
^IXIC,"Dec 04, 2020",12399.32,12464.23,12376.44,12464.23,12464.23,5044210000
^IXIC,"Dec 03, 2020",12369.26,12439.02,12356.99,12377.18,12377.18,5182100000
^IXIC,"Dec 02, 2020",12285.75,12360.06,12217.35,12349.37,12349.37,5150820000
^IXIC,"Dec 01, 2020",12313.36,12405.79,12263.93,12355.11,12355.11,6467180000
^IXIC,"Nov 30, 2020",12224.25,12244.65,12027.16,12198.74,12198.74,7693430000
^IXIC,"Nov 27, 2020",12159.18,12236.23,12154.57,12205.85,12205.85,3401890000
^IXIC,"Nov 25, 2020",12053.89,12114.77,12020.95,12094.4,12094.4,4425030000
^IXIC,"Nov 24, 2020",11939.33,12049.88,11863.45,12036.79,12036.79,6277790000
^IXIC,"Nov 23, 2020",11916.76,11949.33,11796.53,11880.63,11880.63,5360830000
^IXIC,"Nov 20, 2020",11892.7,11935.47,11852.51,11854.97,11854.97,5319340000
^IXIC,"Nov 19, 2020",11779.04,11912.63,11760.98,11904.71,11904.71,5322580000
^IXIC,"Nov 18, 2020",11896.06,11942.49,11799.96,11801.6,11801.6,4699160000
^IXIC,"Nov 17, 2020",11913.35,11950.18,11852.41,11899.34,11899.34,4122770000
^IXIC,"Nov 16, 2020",11847.11,11937.72,11814.89,11924.13,11924.13,4138920000
^IXIC,"Nov 13, 2020",11794.94,11849.79,11715.52,11829.29,11829.29,3640680000
^IXIC,"Nov 12, 2020",11802.5,11847.84,11666.37,11709.59,11709.59,3862690000
^IXIC,"Nov 11, 2020",11656.65,11793.57,11638.9,11786.43,11786.43,3823270000
^IXIC,"Nov 10, 2020",11622.44,11665.87,11424.61,11553.86,11553.86,4712950000
^IXIC,"Nov 09, 2020",12046.66,12108.07,11703.49,11713.78,11713.78,5823620000
^IXIC,"Nov 06, 2020",11869.9,11920.54,11737.13,11895.23,11895.23,4156030000
^IXIC,"Nov 05, 2020",11816.33,11924.28,11784.15,11890.93,11890.93,3823380000
^IXIC,"Nov 04, 2020",11443.77,11663.31,11394.21,11590.78,11590.78,3606820000
^IXIC,"Nov 03, 2020",11038.66,11213.92,11004.84,11160.57,11160.57,3190710000
^IXIC,"Nov 02, 2020",11010.45,11071.08,10830.95,10957.61,10957.61,3196720000
^IXIC,"Oct 30, 2020",11103.47,11129.81,10822.57,10911.59,10911.59,3662840000
^IXIC,"Oct 29, 2020",11064.47,11287.63,11030.19,11185.59,11185.59,3222460000
^IXIC,"Oct 28, 2020",11230.9,11249.95,10999.07,11004.87,11004.87,3912580000
^IXIC,"Oct 27, 2020",11409.34,11465.06,11361.86,11431.35,11431.35,3079530000
^IXIC,"Oct 26, 2020",11440.64,11545.63,11221.06,11358.94,11358.94,3186950000
^IXIC,"Oct 23, 2020",11536.01,11548.85,11434.86,11548.28,11548.28,3134240000
^IXIC,"Oct 22, 2020",11526.97,11548.77,11369.29,11506.01,11506.01,3414590000
^IXIC,"Oct 21, 2020",11530.39,11613.79,11476.08,11484.69,11484.69,3445520000
^IXIC,"Oct 20, 2020",11531.83,11632.89,11471.23,11516.49,11516.49,3483200000
^IXIC,"Oct 19, 2020",11732.34,11778.11,11454.57,11478.88,11478.88,3455430000
^IXIC,"Oct 16, 2020",11761.83,11827.42,11648.53,11671.56,11671.56,3156270000
^IXIC,"Oct 15, 2020",11559.88,11740.68,11559.1,11713.87,11713.87,3304490000
^IXIC,"Oct 14, 2020",11889.07,11939.92,11714.35,11768.73,11768.73,3393010000
^IXIC,"Oct 13, 2020",11901.76,11946.98,11821.83,11863.9,11863.9,3607730000
^IXIC,"Oct 12, 2020",11732.33,11965.54,11704.13,11876.26,11876.26,3862990000
^IXIC,"Oct 09, 2020",11487.6,11581.23,11476.66,11579.94,11579.94,3475620000
^IXIC,"Oct 08, 2020",11443.35,11448.23,11384.33,11420.98,11420.98,3486530000
symbol,date,open,high,low,close,adjusted_close,volume
^IXIC,"Oct 06, 2020",11314.53,11392.41,11124.45,11154.6,11154.6,4360550000
^IXIC,"Oct 05, 2020",11169.11,11335.21,11162.52,11332.49,11332.49,3597940000
^IXIC,"Oct 02, 2020",11082.53,11244.87,11033.69,11075.02,11075.02,3715090000
^IXIC,"Oct 01, 2020",11291.99,11344.13,11240.53,11326.51,11326.51,3978100000
^IXIC,"Sep 30, 2020",11092.9,11277.96,11092.9,11167.51,11167.51,4228200000
^IXIC,"Sep 29, 2020",11109,11153.23,11065.63,11085.25,11085.25,3363870000
^IXIC,"Sep 28, 2020",11084.38,11120.79,11019.14,11117.53,11117.53,3562900000
^IXIC,"Sep 25, 2020",10680.46,10939.55,10639.98,10913.56,10913.56,3767230000
^IXIC,"Sep 24, 2020",10551.02,10799.55,10520.22,10672.27,10672.27,4080730000
^IXIC,"Sep 23, 2020",10950.82,10962.03,10612.91,10632.99,10632.99,4074600000
^IXIC,"Sep 22, 2020",10873.3,10979.65,10737.52,10963.64,10963.64,3492020000
^IXIC,"Sep 21, 2020",10610.14,10782.74,10519.49,10778.8,10778.8,3885200000
^IXIC,"Sep 18, 2020",10973.45,10977.68,10639.95,10793.28,10793.28,5745690000
^IXIC,"Sep 17, 2020",10796.05,10974.45,10783.81,10910.28,10910.28,3726750000
^IXIC,"Sep 16, 2020",11222.08,11245.42,11046.43,11050.47,11050.47,3661710000
^IXIC,"Sep 15, 2020",11193.96,11244.46,11127.98,11190.32,11190.32,3772820000
^IXIC,"Sep 14, 2020",11010.14,11118.29,10982.26,11056.65,11056.65,3716820000
^IXIC,"Sep 11, 2020",11010.07,11033.04,10728.03,10853.55,10853.55,3609190000
^IXIC,"Sep 10, 2020",11235.53,11299.53,10875.02,10919.59,10919.59,3814100000
^IXIC,"Sep 09, 2020",11064.76,11217.69,10970.45,11141.56,11141.56,3531780000
^IXIC,"Sep 08, 2020",10900.7,11131.5,10837.2,10847.69,10847.69,3872230000
^IXIC,"Sep 04, 2020",11396.24,11531.18,10875.87,11313.13,11313.13,4269190000
^IXIC,"Sep 03, 2020",11861.9,11894.4,11361.36,11458.1,11458.1,4437500000
^IXIC,"Sep 02, 2020",12047.26,12074.06,11836.18,12056.44,12056.44,3966140000
^IXIC,"Sep 01, 2020",11850.96,11945.72,11794.78,11939.67,11939.67,3480780000
^IXIC,"Aug 31, 2020",11718.81,11829.84,11697.42,11775.46,11775.46,3596980000
^IXIC,"Aug 28, 2020",11689.28,11708.77,11634.77,11695.63,11695.63,2997810000
^IXIC,"Aug 27, 2020",11688.19,11730.01,11551.01,11625.34,11625.34,3535800000
^IXIC,"Aug 26, 2020",11516.62,11672.05,11507.46,11665.06,11665.06,3441550000
^IXIC,"Aug 25, 2020",11370.23,11468.26,11343.04,11466.47,11466.47,3454500000
^IXIC,"Aug 24, 2020",11449.25,11462.05,11297.53,11379.72,11379.72,3885880000
^IXIC,"Aug 21, 2020",11258.44,11326.21,11245.44,11311.8,11311.8,3905670000
^IXIC,"Aug 20, 2020",11096.4,11283.62,11090.03,11264.95,11264.95,4170980000
^IXIC,"Aug 19, 2020",11214.8,11257.42,11132.1,11146.46,11146.46,3467890000
^IXIC,"Aug 18, 2020",11170.75,11230.62,11103.83,11210.84,11210.84,3199470000
^IXIC,"Aug 17, 2020",11083.25,11144.53,11080.3,11129.73,11129.73,3193160000
^IXIC,"Aug 14, 2020",11042.24,11058.44,10972.06,11019.3,11019.3,3491320000
^IXIC,"Aug 13, 2020",11026.86,11124.85,11007.5,11042.5,11042.5,3444140000
^IXIC,"Aug 12, 2020",10878.12,11036.72,10877.16,11012.24,11012.24,3716840000
^IXIC,"Aug 11, 2020",10942.66,10989.42,10762.71,10782.82,10782.82,4303980000
^IXIC,"Aug 10, 2020",11033.73,11040.24,10849.46,10968.36,10968.36,4018530000
^IXIC,"Aug 07, 2020",11072.53,11126.04,10920.37,11010.98,11010.98,4230720000
^IXIC,"Aug 06, 2020",10989.98,11121.19,10963.41,11108.07,11108.07,4086290000
^IXIC,"Aug 05, 2020",10967.87,11002.11,10943.72,10998.4,10998.4,4119550000
^IXIC,"Aug 04, 2020",10897.89,10941.91,10852.9,10941.17,10941.17,3973570000
^IXIC,"Aug 03, 2020",10848.64,10927.56,10831.15,10902.8,10902.8,4173600000
^IXIC,"Jul 31, 2020",10741.47,10747.8,10557.7,10745.27,10745.27,4418390000
^IXIC,"Jul 30, 2020",10450.12,10609.59,10412.09,10587.81,10587.81,4135200000
^IXIC,"Jul 29, 2020",10474.7,10567.91,10464,10542.94,10542.94,3970900000
^IXIC,"Jul 28, 2020",10509.2,10523.64,10397.87,10402.09,10402.09,3869230000
^IXIC,"Jul 27, 2020",10421.7,10546.44,10399.86,10536.27,10536.27,4209900000
^IXIC,"Jul 24, 2020",10294.41,10418.75,10217.31,10363.18,10363.18,4205330000
^IXIC,"Jul 23, 2020",10689.5,10728.12,10407.87,10461.42,10461.42,4469470000
^IXIC,"Jul 22, 2020",10687.58,10745.32,10627.45,10706.13,10706.13,4074020000
^IXIC,"Jul 21, 2020",10837.88,10839.93,10650.46,10680.36,10680.36,5311750000
^IXIC,"Jul 20, 2020",10526.02,10783.8,10488.04,10767.09,10767.09,4274340000
^IXIC,"Jul 17, 2020",10500.52,10532.62,10421.21,10503.19,10503.19,4334280000
^IXIC,"Jul 16, 2020",10443.87,10499.79,10364.39,10473.83,10473.83,4237290000
^IXIC,"Jul 15, 2020",10576.72,10604.67,10420.54,10550.49,10550.49,4610540000
^IXIC,"Jul 14, 2020",10310.25,10497.83,10182.46,10488.58,10488.58,4419480000
^IXIC,"Jul 13, 2020",10729.92,10824.78,10368.04,10390.84,10390.84,4822050000
^IXIC,"Jul 10, 2020",10545.91,10622.35,10447.01,10617.44,10617.44,3509810000
^IXIC,"Jul 09, 2020",10563.72,10578.1,10379.91,10547.75,10547.75,3992920000
^IXIC,"Jul 08, 2020",10409.35,10494.63,10350.96,10492.5,10492.5,3999180000
^IXIC,"Jul 07, 2020",10412.46,10518.98,10337.98,10343.89,10343.89,4314110000
^IXIC,"Jul 06, 2020",10360.38,10462.05,10354.98,10433.65,10433.65,4529480000
^IXIC,"Jul 02, 2020",10268.67,10310.36,10194.06,10207.63,10207.63,4017530000
^IXIC,"Jul 01, 2020",10063.67,10197.19,10048.04,10154.63,10154.63,4595970000
^IXIC,"Jun 30, 2020",9875.29,10085.59,9863.67,10058.77,10058.77,4474000000
^IXIC,"Jun 29, 2020",9771.72,9877.34,9663.61,9874.15,9874.15,4306120000
^IXIC,"Jun 26, 2020",9995.12,10000.67,9749.07,9757.22,9757.22,7279230000
^IXIC,"Jun 25, 2020",9899.36,10023.28,9810.47,10017,10017,4709620000
^IXIC,"Jun 24, 2020",10092.92,10137.5,9842.22,9909.17,9909.17,5549440000
^IXIC,"Jun 23, 2020",10130.83,10221.85,10112.44,10131.37,10131.37,5712450000
^IXIC,"Jun 22, 2020",9945.49,10059.61,9916.6,10056.48,10056.48,4468000000
^IXIC,"Jun 19, 2020",10042.13,10053.91,9872.94,9946.12,9946.12,6068130000
^IXIC,"Jun 18, 2020",9892.48,9959.2,9885.66,9943.05,9943.05,4294740000
^IXIC,"Jun 17, 2020",9943.31,9991.21,9891.81,9910.53,9910.53,4249680000
^IXIC,"Jun 16, 2020",9949.78,9963.63,9748.38,9895.87,9895.87,4639860000
^IXIC,"Jun 15, 2020",9426.9,9756.07,9403,9726.02,9726.02,4440650000
^IXIC,"Jun 12, 2020",9715.87,9768.64,9413.62,9588.81,9588.81,4366190000
^IXIC,"Jun 11, 2020",9791.24,9868.08,9491.31,9492.73,9492.73,5271000000
^IXIC,"Jun 10, 2020",10012.32,10086.89,9962.58,10020.35,10020.35,5128400000
^IXIC,"Jun 09, 2020",9867.19,10002.5,9863.27,9953.75,9953.75,5281860000
^IXIC,"Jun 08, 2020",9823.44,9927.13,9780.61,9924.75,9924.75,6143120000
^IXIC,"Jun 05, 2020",9703.54,9845.69,9685.35,9814.08,9814.08,6572850000
^IXIC,"Jun 04, 2020",9649.65,9716.14,9560.41,9615.81,9615.81,6074320000
^IXIC,"Jun 03, 2020",9651.86,9707.78,9627.17,9682.91,9682.91,4638380000
^IXIC,"Jun 02, 2020",9566.53,9611.22,9472.08,9608.38,9608.38,3962460000
^IXIC,"Jun 01, 2020",9471.42,9571.28,9462.32,9552.05,9552.05,3824770000
^IXIC,"May 29, 2020",9382.35,9505.55,9324.73,9489.87,9489.87,4710060000
^IXIC,"May 28, 2020",9392.99,9523.64,9345.28,9368.99,9368.99,4064220000
^IXIC,"May 27, 2020",9346.12,9414.62,9144.28,9412.36,9412.36,4462450000
^IXIC,"May 26, 2020",9501.21,9501.21,9333.16,9340.22,9340.22,4432310000
^IXIC,"May 22, 2020",9278.55,9328.28,9239.41,9324.59,9324.59,3641830000
^IXIC,"May 21, 2020",9375.19,9405.25,9254.85,9284.88,9284.88,3725950000
^IXIC,"May 20, 2020",9305.62,9392.82,9304.2,9375.78,9375.78,4292470000
symbol,date,open,high,low,close,adjusted_close,volume
^IXIC,"May 18, 2020",9177.15,9267.22,9154.35,9234.83,9234.83,4318310000
^IXIC,"May 15, 2020",8839.99,9018.4,8821.38,9014.56,9014.56,4221500000
^IXIC,"May 14, 2020",8788.04,8945.71,8705.25,8943.72,8943.72,3945080000
^IXIC,"May 13, 2020",9006.05,9074.16,8752.68,8863.17,8863.17,4244110000
^IXIC,"May 12, 2020",9225.15,9250.96,9000.07,9002.55,9002.55,4315070000
^IXIC,"May 11, 2020",9054.91,9241.92,9053.17,9192.34,9192.34,3898690000
^IXIC,"May 08, 2020",9056.89,9125.98,9018.21,9121.32,9121.32,3777340000
^IXIC,"May 07, 2020",8973.78,9015.99,8932.86,8979.66,8979.66,3762070000
^IXIC,"May 06, 2020",8874.7,8933.25,8819.37,8854.39,8854.39,3620030000
^IXIC,"May 05, 2020",8809.66,8909.96,8781.31,8809.12,8809.12,3913360000
^IXIC,"May 04, 2020",8555.32,8715.82,8537.83,8710.71,8710.71,3422150000
^IXIC,"May 01, 2020",8681.29,8754.46,8566.84,8604.95,8604.95,3722520000
^IXIC,"Apr 30, 2020",8911.02,8926.11,8825.83,8889.55,8889.55,4316380000
^IXIC,"Apr 29, 2020",8802.7,8957.27,8765.01,8914.71,8914.71,4378540000
^IXIC,"Apr 28, 2020",8825.69,8830.57,8600.7,8607.73,8607.73,3707540000
^IXIC,"Apr 27, 2020",8717.98,8754.57,8697.37,8730.16,8730.16,3678460000
^IXIC,"Apr 24, 2020",8530.08,8642.93,8464.42,8634.52,8634.52,3673170000
^IXIC,"Apr 23, 2020",8528.84,8635.23,8475.2,8494.75,8494.75,3734720000
^IXIC,"Apr 22, 2020",8434.55,8537.31,8404.54,8495.38,8495.38,3025060000
^IXIC,"Apr 21, 2020",8460.69,8480.29,8215.69,8263.23,8263.23,3756290000
^IXIC,"Apr 20, 2020",8553.38,8684.91,8553.38,8560.73,8560.73,3796950000
^IXIC,"Apr 17, 2020",8667.48,8670.3,8531.69,8650.14,8650.14,4335020000
^IXIC,"Apr 16, 2020",8479.11,8560.16,8393.27,8532.36,8532.36,3995870000
^IXIC,"Apr 15, 2020",8355.96,8464.66,8308.79,8393.18,8393.18,3333750000
^IXIC,"Apr 14, 2020",8353.21,8531.11,8338.08,8515.74,8515.74,3732820000
^IXIC,"Apr 13, 2020",8127.69,8200.44,8035.95,8192.42,8192.42,3146860000
^IXIC,"Apr 09, 2020",8169.01,8227.91,8072.32,8153.58,8153.58,4123670000
^IXIC,"Apr 08, 2020",7975.72,8114.43,7901.94,8090.9,8090.9,3470730000
^IXIC,"Apr 07, 2020",8129.99,8146.43,7881.22,7887.26,7887.26,4069410000
^IXIC,"Apr 06, 2020",7660.17,7938.33,7617.79,7913.24,7913.24,3849100000
^IXIC,"Apr 03, 2020",7477.27,7518.72,7288.11,7373.08,7373.08,3279100000
^IXIC,"Apr 02, 2020",7317.45,7501.7,7307.95,7487.31,7487.31,3608190000
^IXIC,"Apr 01, 2020",7459.5,7566.37,7301.98,7360.58,7360.58,3685510000
^IXIC,"Mar 31, 2020",7740.06,7880.31,7642.86,7700.1,7700.1,4059700000
^IXIC,"Mar 30, 2020",7583.46,7784.35,7539.97,7774.15,7774.15,3846900000
^IXIC,"Mar 27, 2020",7554.25,7716.24,7491.14,7502.38,7502.38,3977010000
^IXIC,"Mar 26, 2020",7462.21,7809.83,7462.21,7797.54,7797.54,3999850000
^IXIC,"Mar 25, 2020",7421.36,7671.21,7276.4,7384.3,7384.3,4666440000
^IXIC,"Mar 24, 2020",7196.15,7418.37,7169.86,7417.86,7417.86,4417380000
^IXIC,"Mar 23, 2020",6847.28,6984.94,6631.42,6860.67,6860.67,4330610000
^IXIC,"Mar 20, 2020",7248.07,7354.44,6854.67,6879.52,6879.52,5239940000
^IXIC,"Mar 19, 2020",6996.45,7341.38,6858.38,7150.58,7150.58,4762170000
^IXIC,"Mar 18, 2020",6902.32,7182.83,6686.36,6989.84,6989.84,4890820000
^IXIC,"Mar 17, 2020",7072,7406.23,6828.91,7334.78,7334.78,4900000000
^IXIC,"Mar 16, 2020",7392.73,7422.2,6882.86,6904.59,6904.59,4594360000
^IXIC,"Mar 13, 2020",7610.39,7875.93,7219.09,7874.88,7874.88,4685890000
^IXIC,"Mar 12, 2020",7398.58,7712.33,7194.67,7201.8,7201.8,5066530000
^IXIC,"Mar 11, 2020",8136.25,8181.36,7850.95,7952.05,7952.05,4273890000
^IXIC,"Mar 10, 2020",8219.76,8347.4,7930.43,8344.25,8344.25,4431930000
^IXIC,"Mar 09, 2020",7957.93,8243.31,7943.16,7950.68,7950.68,4530350000
^IXIC,"Mar 06, 2020",8469.02,8612.36,8375.13,8575.62,8575.62,4279850000
^IXIC,"Mar 05, 2020",8790.09,8921.08,8677.39,8738.59,8738.59,3748090000
^IXIC,"Mar 04, 2020",8834.1,9019.96,8757.66,9018.09,9018.09,3602870000
^IXIC,"Mar 03, 2020",8965.1,9070.32,8602.89,8684.09,8684.09,4336700000
^IXIC,"Mar 02, 2020",8667.14,8952.81,8543.35,8952.17,8952.17,4232760000
^IXIC,"Feb 28, 2020",8269.74,8591.82,8264.16,8567.37,8567.37,5301170000
^IXIC,"Feb 27, 2020",8744.03,8904.11,8562.05,8566.48,8566.48,4536080000
^IXIC,"Feb 26, 2020",9011.55,9148.32,8927.8,8980.78,8980.78,3567830000
^IXIC,"Feb 25, 2020",9301.2,9315.26,8940.49,8965.61,8965.61,3583400000
^IXIC,"Feb 24, 2020",9188.44,9322.88,9166.01,9221.28,9221.28,3177000000
^IXIC,"Feb 21, 2020",9708.01,9715.95,9542.33,9576.59,9576.59,2743010000
^IXIC,"Feb 20, 2020",9799.2,9820.86,9636.94,9750.97,9750.97,2735610000
^IXIC,"Feb 19, 2020",9782.81,9838.37,9777.1,9817.18,9817.18,2462530000
^IXIC,"Feb 18, 2020",9679.04,9747.68,9675.8,9732.74,9732.74,2273460000
^IXIC,"Feb 14, 2020",9728.9,9746.36,9693.05,9731.18,9731.18,2222240000
^IXIC,"Feb 13, 2020",9657.04,9748.32,9650.02,9711.97,9711.97,2239270000
^IXIC,"Feb 12, 2020",9688.6,9728.77,9666.69,9725.96,9725.96,2355000000
^IXIC,"Feb 11, 2020",9680.89,9714.74,9617.21,9638.94,9638.94,2423670000
^IXIC,"Feb 10, 2020",9493.63,9628.66,9493.63,9628.39,9628.39,2179310000
^IXIC,"Feb 07, 2020",9526.64,9570.09,9496.53,9520.51,9520.51,2238670000
^IXIC,"Feb 06, 2020",9540.98,9575.66,9505.68,9572.15,9572.15,2267300000
^IXIC,"Feb 05, 2020",9574.1,9574.94,9454.93,9508.68,9508.68,2462470000
^IXIC,"Feb 04, 2020",9398.39,9485.38,9374.05,9467.97,9467.97,2445420000
^IXIC,"Feb 03, 2020",9190.72,9299.85,9188.55,9273.4,9273.4,2420510000
^IXIC,"Jan 31, 2020",9324.33,9324.8,9123.22,9150.94,9150.94,2685840000
^IXIC,"Jan 30, 2020",9211.15,9303,9185.18,9298.93,9298.93,2333500000
^IXIC,"Jan 29, 2020",9318.26,9329.12,9249.04,9275.16,9275.16,2223480000
^IXIC,"Jan 28, 2020",9201.82,9288.87,9182.33,9269.68,9269.68,2157830000
^IXIC,"Jan 27, 2020",9092.46,9185.45,9088.04,9139.31,9139.31,2583330000
^IXIC,"Jan 24, 2020",9446.21,9451.43,9273.23,9314.91,9314.91,2611710000
^IXIC,"Jan 23, 2020",9377.72,9409.2,9334.13,9402.48,9402.48,2460050000
^IXIC,"Jan 22, 2020",9413.61,9439.29,9375.13,9383.77,9383.77,2449390000
^IXIC,"Jan 21, 2020",9361.07,9397.58,9350.2,9370.81,9370.81,2684540000
^IXIC,"Jan 17, 2020",9392.37,9393.48,9346.81,9388.94,9388.94,2522670000
^IXIC,"Jan 16, 2020",9313.45,9357.92,9301.32,9357.13,9357.13,2301400000
^IXIC,"Jan 15, 2020",9253.76,9298.82,9231.14,9258.7,9258.7,2435650000
^IXIC,"Jan 14, 2020",9270.61,9298.33,9226.49,9251.33,9251.33,2542170000
^IXIC,"Jan 13, 2020",9213.72,9274.49,9193.06,9273.93,9273.93,2530270000
^IXIC,"Jan 10, 2020",9232.95,9235.2,9164.66,9178.86,9178.86,2378990000
^IXIC,"Jan 09, 2020",9202.27,9215.95,9158.5,9203.43,9203.43,2534700000
^IXIC,"Jan 08, 2020",9068.03,9168.89,9059.38,9129.24,9129.24,2464090000
^IXIC,"Jan 07, 2020",9076.64,9091.93,9042.55,9068.58,9068.58,2352850000
^IXIC,"Jan 06, 2020",8943.5,9072.41,8943.5,9071.47,9071.47,2788120000
^IXIC,"Jan 03, 2020",8976.43,9065.76,8976.43,9020.77,9020.77,2567400000
^IXIC,"Jan 02, 2020",9039.46,9093.43,9010.89,9092.19,9092.19,2848370000
^IXIC,"Dec 31, 2019",8918.74,8975.36,8912.77,8972.6,8972.6,2182800000
symbol,date,open,high,low,close,adjusted_close,volume
^IXIC,"Dec 27, 2019",9049.47,9052,8987.32,9006.62,9006.62,1832200000
^IXIC,"Dec 26, 2019",8970.21,9022.46,8968.46,9022.39,9022.39,1634920000
^IXIC,"Dec 24, 2019",8955.01,8957.12,8934.36,8952.88,8952.88,1014520000
^IXIC,"Dec 23, 2019",8950.2,8956.64,8934.55,8945.65,8945.65,2025450000
^IXIC,"Dec 20, 2019",8911.84,8931.91,8901.87,8924.96,8924.96,3825460000
^IXIC,"Dec 19, 2019",8838.97,8888.13,8838.97,8887.22,8887.22,2415950000
^IXIC,"Dec 18, 2019",8834.65,8848.76,8820.42,8827.74,8827.74,2727870000
^IXIC,"Dec 17, 2019",8829.47,8831.99,8804.6,8823.36,8823.36,2374120000
^IXIC,"Dec 16, 2019",8791.31,8833.45,8789.77,8814.23,8814.23,2346290000
^IXIC,"Dec 13, 2019",8713.91,8768.87,8697.58,8734.88,8734.88,2188720000
^IXIC,"Dec 12, 2019",8645.36,8745.82,8633.6,8717.32,8717.32,2388270000
^IXIC,"Dec 11, 2019",8631.12,8658.48,8622.36,8654.05,8654.05,1937850000
^IXIC,"Dec 10, 2019",8623.56,8650.76,8600.82,8616.18,8616.18,2053390000
^IXIC,"Dec 09, 2019",8650.86,8678.85,8619.77,8621.83,8621.83,2088520000
^IXIC,"Dec 06, 2019",8634.25,8665.44,8630.58,8656.53,8656.53,2053530000
^IXIC,"Dec 05, 2019",8587.93,8588.89,8541.92,8570.7,8570.7,2123380000
^IXIC,"Dec 04, 2019",8557.45,8584.88,8552.38,8566.67,8566.67,2150680000
^IXIC,"Dec 03, 2019",8460.72,8523.98,8435.4,8520.64,8520.64,2308600000
^IXIC,"Dec 02, 2019",8672.84,8672.84,8540.16,8567.99,8567.99,2225940000
^IXIC,"Nov 29, 2019",8682.01,8697.32,8664.04,8665.47,8665.47,1099090000
^IXIC,"Nov 27, 2019",8669.59,8705.91,8662.58,8705.18,8705.18,1744580000
^IXIC,"Nov 26, 2019",8635.4,8659.73,8625.62,8647.93,8647.93,2434570000
^IXIC,"Nov 25, 2019",8559.65,8633.15,8559.65,8632.49,8632.49,2256070000
^IXIC,"Nov 22, 2019",8530.54,8535.46,8477.49,8519.88,8519.88,1877090000
^IXIC,"Nov 21, 2019",8527.87,8530.73,8487.29,8506.21,8506.21,2056230000
^IXIC,"Nov 20, 2019",8543.57,8578.27,8468.63,8526.73,8526.73,2596030000
^IXIC,"Nov 19, 2019",8578.02,8589.76,8536.73,8570.66,8570.66,2075000000
^IXIC,"Nov 18, 2019",8529.16,8559.78,8503.62,8549.94,8549.94,2047240000
^IXIC,"Nov 15, 2019",8524.48,8540.83,8506.8,8540.83,8540.83,2188210000
^IXIC,"Nov 14, 2019",8461.06,8485.36,8441.58,8479.02,8479.02,2106550000
^IXIC,"Nov 13, 2019",8455.02,8496.9,8451.34,8482.1,8482.1,2173320000
^IXIC,"Nov 12, 2019",8471.07,8514.84,8462.99,8486.09,8486.09,1987820000
^IXIC,"Nov 11, 2019",8431.26,8467.29,8425.48,8464.28,8464.28,1715470000
^IXIC,"Nov 08, 2019",8422.67,8475.57,8405.89,8475.31,8475.31,1974190000
^IXIC,"Nov 07, 2019",8455.11,8483.16,8415.87,8434.52,8434.52,2393950000
^IXIC,"Nov 06, 2019",8426.57,8426.57,8379.33,8410.63,8410.63,2332650000
^IXIC,"Nov 05, 2019",8446.62,8457.39,8421.05,8434.68,8434.68,2316710000
^IXIC,"Nov 04, 2019",8445.5,8451.37,8421.3,8433.2,8433.2,2149910000
^IXIC,"Nov 01, 2019",8335.05,8386.75,8326.56,8386.4,8386.4,2057310000
^IXIC,"Oct 31, 2019",8314.38,8321.8,8248.81,8292.36,8292.36,2258270000
^IXIC,"Oct 30, 2019",8284.28,8315.5,8241.7,8303.98,8303.98,1928420000
^IXIC,"Oct 29, 2019",8313.35,8319.29,8275.14,8276.85,8276.85,1834530000
^IXIC,"Oct 28, 2019",8285.77,8335.56,8285.27,8325.99,8325.99,1956280000
^IXIC,"Oct 25, 2019",8150.59,8249.97,8150.59,8243.12,8243.12,1894740000
^IXIC,"Oct 24, 2019",8180.04,8187.84,8137.66,8185.8,8185.8,1882490000
^IXIC,"Oct 23, 2019",8090.24,8122.88,8078.35,8119.79,8119.79,1805030000
^IXIC,"Oct 22, 2019",8188.12,8194.62,8101.98,8104.3,8104.3,1847200000
^IXIC,"Oct 21, 2019",8137.42,8164.14,8117.26,8162.99,8162.99,1752860000
^IXIC,"Oct 18, 2019",8149.85,8157.36,8045.37,8089.54,8089.54,2012930000
^IXIC,"Oct 17, 2019",8176.91,8183.64,8131.25,8156.85,8156.85,1861570000
^IXIC,"Oct 16, 2019",8119.81,8146.15,8103.38,8124.18,8124.18,1886720000
^IXIC,"Oct 15, 2019",8074.85,8166.18,8071.81,8148.71,8148.71,1836650000
^IXIC,"Oct 14, 2019",8044.35,8069.85,8036.41,8048.65,8048.65,1419730000
^IXIC,"Oct 11, 2019",8047.34,8115.8,8046.8,8057.04,8057.04,2176080000
^IXIC,"Oct 10, 2019",7904.56,7982.84,7899.81,7950.78,7950.78,1778740000
^IXIC,"Oct 09, 2019",7895.96,7930.92,7873.52,7903.74,7903.74,1553900000
^IXIC,"Oct 08, 2019",7898.27,7921.88,7823.73,7823.78,7823.78,1933580000
^IXIC,"Oct 07, 2019",7956.41,8013.31,7942.08,7956.29,7956.29,1739450000
^IXIC,"Oct 04, 2019",7908.44,7986.62,7899.39,7982.47,7982.47,1736890000
^IXIC,"Oct 03, 2019",7787.02,7872.26,7700,7872.26,7872.26,2141490000
^IXIC,"Oct 02, 2019",7851.13,7852.7,7744.96,7785.25,7785.25,2495160000
^IXIC,"Oct 01, 2019",8026.83,8062.5,7906.29,7908.68,7908.68,2243650000
^IXIC,"Sep 30, 2019",7964.09,8012.16,7949.63,7999.34,7999.34,1805820000
^IXIC,"Sep 27, 2019",8047.11,8051.83,7890.28,7939.63,7939.63,2037720000
^IXIC,"Sep 26, 2019",8070.12,8072.11,7991.02,8030.66,8030.66,1832800000
^IXIC,"Sep 25, 2019",7990.66,8095,7935.57,8077.38,8077.38,2015270000
^IXIC,"Sep 24, 2019",8147.23,8158.83,7969.65,7993.63,7993.63,2302600000
^IXIC,"Sep 23, 2019",8106.49,8135.81,8085.34,8112.46,8112.46,1780160000
^IXIC,"Sep 20, 2019",8184.88,8202.82,8086.16,8117.67,8117.67,3359380000
^IXIC,"Sep 19, 2019",8193.59,8237.43,8174.32,8182.88,8182.88,1792700000
^IXIC,"Sep 18, 2019",8174.62,8179.87,8086.22,8177.39,8177.39,2034880000
^IXIC,"Sep 17, 2019",8148.65,8188.23,8139.82,8186.02,8186.02,1850340000
^IXIC,"Sep 16, 2019",8121.64,8165.33,8121.25,8153.54,8153.54,1869220000
^IXIC,"Sep 13, 2019",8190.57,8210.2,8165.47,8176.71,8176.71,1976770000
^IXIC,"Sep 12, 2019",8206.58,8243.8,8176.73,8194.47,8194.47,2159260000
^IXIC,"Sep 11, 2019",8091.68,8169.68,8081.56,8169.68,8169.68,2310440000
^IXIC,"Sep 10, 2019",8049.98,8086.53,8001.68,8084.16,8084.16,2362860000
^IXIC,"Sep 09, 2019",8130.91,8131.66,8052.34,8087.44,8087.44,2172240000
^IXIC,"Sep 06, 2019",8125.58,8134.39,8098.52,8103.07,8103.07,1876380000
^IXIC,"Sep 05, 2019",8061.29,8134.42,8061.29,8116.83,8116.83,2096300000
^IXIC,"Sep 04, 2019",7949.81,7981.41,7928.94,7976.88,7976.88,1891300000
^IXIC,"Sep 03, 2019",7906.44,7940.37,7847.32,7874.16,7874.16,1936210000
^IXIC,"Aug 30, 2019",8015.16,8017.91,7914.74,7962.88,7962.88,1665840000
^IXIC,"Aug 29, 2019",7945.78,7992.29,7925.83,7973.39,7973.39,1700840000
^IXIC,"Aug 28, 2019",7798.35,7866.87,7766.67,7856.88,7856.88,1656930000
^IXIC,"Aug 27, 2019",7908.78,7916.83,7795.18,7826.95,7826.95,1913760000
^IXIC,"Aug 26, 2019",7829.58,7856.04,7789.05,7853.74,7853.74,1688860000
^IXIC,"Aug 23, 2019",7943.65,8005.34,7730.77,7751.77,7751.77,2207070000
^IXIC,"Aug 22, 2019",8038.79,8048.58,7937.12,7991.39,7991.39,1777630000
^IXIC,"Aug 21, 2019",8017.07,8036.94,7998.5,8020.21,8020.21,1716370000
^IXIC,"Aug 20, 2019",7989.36,8010.58,7948.09,7948.56,7948.56,1747580000
^IXIC,"Aug 19, 2019",8006.18,8026.75,7895.99,8002.81,8002.81,1934980000
^IXIC,"Aug 16, 2019",7828.35,7907.52,7828.35,7895.99,7895.99,1995130000
^IXIC,"Aug 15, 2019",7790.2,7805.93,7716.55,7766.62,7766.62,2182590000
^IXIC,"Aug 14, 2019",7877.33,7900.28,7762.87,7773.94,7773.94,2522870000
^IXIC,"Aug 13, 2019",7852.37,8065.24,7851.58,8016.36,8016.36,2346980000
^IXIC,"Aug 12, 2019",7907.49,7924.99,7833.79,7863.41,7863.41,2056360000
symbol,date,open,high,low,close,adjusted_close,volume
^IXIC,"Aug 08, 2019",7921.59,8041.12,7896.15,8039.16,8039.16,2415670000
^IXIC,"Aug 07, 2019",7747.27,7881.38,7702.42,7862.83,7862.83,2453230000
^IXIC,"Aug 06, 2019",7804.51,7845.01,7739.57,7833.27,7833.27,2201610000
^IXIC,"Aug 05, 2019",7823.33,7836.45,7662.9,7726.04,7726.04,2636740000
^IXIC,"Aug 02, 2019",8056.42,8068.8,7953.67,8004.07,8004.07,2252550000
^IXIC,"Aug 01, 2019",8190.56,8311.04,8080.52,8111.12,8111.12,2792650000
^IXIC,"Jul 31, 2019",8290.8,8299.83,8110.02,8175.42,8175.42,2667060000
^IXIC,"Jul 30, 2019",8231.77,8295.46,8228.02,8273.61,8273.61,1884300000
^IXIC,"Jul 29, 2019",8325.1,8325.28,8247.37,8293.33,8293.33,1874780000
^IXIC,"Jul 26, 2019",8294.3,8339.64,8291.12,8330.21,8330.21,1954350000
^IXIC,"Jul 25, 2019",8294.68,8295.95,8233.4,8238.54,8238.54,2023130000
^IXIC,"Jul 24, 2019",8227.36,8321.81,8226.5,8321.5,8321.5,1947550000
^IXIC,"Jul 23, 2019",8242.5,8251.83,8193.89,8251.4,8251.4,1832220000
^IXIC,"Jul 22, 2019",8171.99,8218.42,8171.54,8204.14,8204.14,1845770000
^IXIC,"Jul 19, 2019",8241.34,8245.78,8144.63,8146.49,8146.49,1878730000
^IXIC,"Jul 18, 2019",8151.76,8215.58,8135.12,8207.24,8207.24,2016310000
^IXIC,"Jul 17, 2019",8224,8230.67,8184.66,8185.21,8185.21,1846960000
^IXIC,"Jul 16, 2019",8251.66,8259.75,8204.23,8222.8,8222.8,1933960000
^IXIC,"Jul 15, 2019",8263.18,8264.78,8236.27,8258.19,8258.19,1783980000
^IXIC,"Jul 12, 2019",8209.2,8245.66,8201.52,8244.14,8244.14,1824870000
^IXIC,"Jul 11, 2019",8219.28,8226.18,8171.63,8196.04,8196.04,1966970000
^IXIC,"Jul 10, 2019",8183.19,8228.6,8160.56,8202.53,8202.53,2060510000
^IXIC,"Jul 09, 2019",8061.41,8146.98,8061.32,8141.73,8141.73,1866770000
^IXIC,"Jul 08, 2019",8112.91,8161.79,8078.39,8098.38,8098.38,177320000
^IXIC,"Jul 05, 2019",8123.28,8171.97,8093.66,8161.79,8161.79,149410000
^IXIC,"Jul 03, 2019",8129.57,8170.23,8122.34,8170.23,8170.23,1548190000
^IXIC,"Jul 02, 2019",8086.65,8109.37,8063.11,8109.09,8109.09,1946320000
^IXIC,"Jul 01, 2019",8145.85,8150.45,8059.29,8091.16,8091.16,2208900000
^IXIC,"Jun 28, 2019",7988.76,8010.15,7961.46,8006.24,8006.24,4078990000
^IXIC,"Jun 27, 2019",7939.36,7976.58,7935.47,7967.76,7967.76,2023120000
^IXIC,"Jun 26, 2019",7933.92,7974.28,7903.07,7909.97,7909.97,2104750000
^IXIC,"Jun 25, 2019",8005.27,8007.31,7879.15,7884.72,7884.72,2127310000
^IXIC,"Jun 24, 2019",8040.58,8047.56,8004.63,8005.7,8005.7,2070370000
^IXIC,"Jun 21, 2019",8028.69,8073.02,8011.2,8031.71,8031.71,2894340000
^IXIC,"Jun 20, 2019",8087.45,8088.88,7996.87,8051.34,8051.34,2053530000
^IXIC,"Jun 19, 2019",7970.26,7998.59,7930.38,7987.32,7987.32,2014080000
^IXIC,"Jun 18, 2019",7920.98,8005.21,7911.67,7953.88,7953.88,2244920000
^IXIC,"Jun 17, 2019",7819.43,7865.98,7812.61,7845.02,7845.02,1935290000
^IXIC,"Jun 14, 2019",7807.19,7819.21,7778.12,7796.66,7796.66,1804340000
^IXIC,"Jun 13, 2019",7822.56,7848.36,7813.6,7837.13,7837.13,1838930000
^IXIC,"Jun 12, 2019",7803.13,7819.16,7773.97,7792.72,7792.72,1952790000
^IXIC,"Jun 11, 2019",7901.04,7909.99,7798.63,7822.57,7822.57,2114680000
^IXIC,"Jun 10, 2019",7798.87,7895.44,7795.76,7823.17,7823.17,2049370000
^IXIC,"Jun 07, 2019",7652.97,7767.02,7647.91,7742.1,7742.1,2066020000
^IXIC,"Jun 06, 2019",7582.24,7634.12,7546.22,7615.55,7615.55,2070940000
^IXIC,"Jun 05, 2019",7585.68,7589.47,7498.17,7575.48,7575.48,2115570000
^IXIC,"Jun 04, 2019",7413.94,7529.5,7385.02,7527.12,7527.12,2369150000
^IXIC,"Jun 03, 2019",7441.21,7457.66,7292.22,7333.02,7333.02,2576920000
^IXIC,"May 31, 2019",7470.95,7506.86,7448.23,7453.15,7453.15,2236940000
^IXIC,"May 30, 2019",7565.46,7595.9,7527.66,7567.72,7567.72,1872000000
^IXIC,"May 29, 2019",7553.02,7581.11,7503.94,7547.31,7547.31,2278790000
^IXIC,"May 28, 2019",7655.66,7693.74,7603.76,7607.35,7607.35,2352670000
^IXIC,"May 24, 2019",7675.57,7694.15,7631.25,7637.01,7637.01,1682920000
^IXIC,"May 23, 2019",7660.72,7665.15,7585.32,7628.28,7628.28,2243420000
^IXIC,"May 22, 2019",7749.8,7786.33,7738.35,7750.84,7750.84,1881830000
^IXIC,"May 21, 2019",7765.57,7804.44,7752.92,7785.72,7785.72,1993210000
^IXIC,"May 20, 2019",7714.06,7747.27,7678.35,7702.38,7702.38,2122410000
^IXIC,"May 17, 2019",7829.03,7918.71,7810.35,7816.28,7816.28,2134120000
^IXIC,"May 16, 2019",7832.58,7946.23,7826.67,7898.05,7898.05,2163120000
^IXIC,"May 15, 2019",7682.8,7838.72,7682.24,7822.15,7822.15,2001530000
^IXIC,"May 14, 2019",7689.66,7776.2,7665.3,7734.49,7734.49,2084850000
^IXIC,"May 13, 2019",7720.07,7760.83,7627.22,7647.02,7647.02,2478860000
^IXIC,"May 10, 2019",7881.31,7949.34,7759.34,7916.94,7916.94,2387720000
^IXIC,"May 09, 2019",7853.21,7929.78,7796.16,7910.59,7910.59,2520770000
^IXIC,"May 08, 2019",7946.24,8004.49,7923.35,7943.32,7943.32,2175100000
^IXIC,"May 07, 2019",8043.52,8070.97,7899.02,7963.76,7963.76,2376660000
^IXIC,"May 06, 2019",7981.85,8135.54,7981.85,8123.29,8123.29,1966120000
^IXIC,"May 03, 2019",8092.88,8164.71,8084.8,8164,8164,2046040000
^IXIC,"May 02, 2019",8046.48,8094.06,7976.77,8036.77,8036.77,2158600000
^IXIC,"May 01, 2019",8132.93,8146,8048.23,8049.64,8049.64,2247420000
^IXIC,"Apr 30, 2019",8104.91,8124.61,8050.55,8095.39,8095.39,2115770000
^IXIC,"Apr 29, 2019",8147.65,8176.08,8136.41,8161.85,8161.85,1761110000
^IXIC,"Apr 26, 2019",8100.28,8146.42,8060.89,8146.4,8146.4,1971270000
^IXIC,"Apr 25, 2019",8150.85,8151.84,8075.41,8118.68,8118.68,2063270000
^IXIC,"Apr 24, 2019",8122.88,8139.55,8101.7,8102.01,8102.01,2022490000
^IXIC,"Apr 23, 2019",8026.75,8128.87,8023.81,8120.82,8120.82,2075070000
^IXIC,"Apr 22, 2019",7969.37,8017.15,7965.9,8015.27,8015.27,1776060000
^IXIC,"Apr 18, 2019",7998.45,8002.31,7950.97,7998.06,7998.06,2089360000
^IXIC,"Apr 17, 2019",8044.97,8052.4,7973.38,7996.08,7996.08,2290690000
^IXIC,"Apr 16, 2019",8000.57,8017.56,7978.81,8000.23,8000.23,2095330000
^IXIC,"Apr 15, 2019",7987.16,7993.33,7933.57,7976.01,7976.01,1816920000
^IXIC,"Apr 12, 2019",7984.15,7992.09,7952.61,7984.16,7984.16,1955290000
^IXIC,"Apr 11, 2019",7975.2,7975.2,7933.41,7947.36,7947.36,1956840000
^IXIC,"Apr 10, 2019",7922.73,7965.33,7916.9,7964.24,7964.24,1998280000
^IXIC,"Apr 09, 2019",7924.77,7945.55,7897.61,7909.28,7909.28,2067570000
^IXIC,"Apr 08, 2019",7924.89,7955.9,7891.85,7953.88,7953.88,2069190000
^IXIC,"Apr 05, 2019",7914.51,7940.45,7909.14,7938.69,7938.69,2148730000
^IXIC,"Apr 04, 2019",7894.26,7917.65,7844.96,7891.78,7891.78,2094200000
^IXIC,"Apr 03, 2019",7891.18,7938.26,7870.9,7895.55,7895.55,2487210000
^IXIC,"Apr 02, 2019",7824.61,7854.92,7811.28,7848.69,7848.69,2110100000
^IXIC,"Apr 01, 2019",7800.24,7831.45,7777.09,7828.91,7828.91,2198050000
^IXIC,"Mar 29, 2019",7726.71,7733.62,7688.51,7729.32,7729.32,2233470000
^IXIC,"Mar 28, 2019",7660.07,7689.16,7619.82,7669.17,7669.17,1902060000
^IXIC,"Mar 27, 2019",7702.05,7712.84,7582.09,7643.38,7643.38,2221650000
^IXIC,"Mar 26, 2019",7700,7738.17,7649.21,7691.52,7691.52,2068900000
^IXIC,"Mar 25, 2019",7618.98,7662.38,7579.29,7637.54,7637.54,2130230000
^IXIC,"Mar 22, 2019",7800.25,7817.83,7642.57,7642.67,7642.67,2490730000
symbol,date,open,high,low,close,adjusted_close,volume
^IXIC,"Mar 20, 2019",7721.95,7779.24,7674.04,7728.97,7728.97,2424400000
^IXIC,"Mar 19, 2019",7747.4,7767.89,7699.15,7723.95,7723.95,2433160000
^IXIC,"Mar 18, 2019",7696.38,7737.67,7677.74,7714.48,7714.48,2274490000
^IXIC,"Mar 15, 2019",7658.41,7714.96,7652.04,7688.53,7688.53,3447190000
^IXIC,"Mar 14, 2019",7644.79,7653.1,7627.02,7630.91,7630.91,2176510000
^IXIC,"Mar 13, 2019",7621.38,7677.07,7619.46,7643.41,7643.41,2366350000
^IXIC,"Mar 12, 2019",7571.85,7611.13,7560.46,7591.03,7591.03,2161400000
^IXIC,"Mar 11, 2019",7442.56,7558.23,7442.4,7558.06,7558.06,2226950000
^IXIC,"Mar 08, 2019",7334.35,7411.52,7332.92,7408.14,7408.14,2245430000
^IXIC,"Mar 07, 2019",7483.79,7489.08,7397.19,7421.46,7421.46,2440840000
^IXIC,"Mar 06, 2019",7575.38,7579.02,7499.87,7505.92,7505.92,2242810000
^IXIC,"Mar 05, 2019",7582.29,7598.66,7543.54,7576.36,7576.36,2142610000
^IXIC,"Mar 04, 2019",7636.62,7643.66,7501.56,7577.57,7577.57,2569590000
^IXIC,"Mar 01, 2019",7587.45,7603.04,7540.75,7595.35,7595.35,2463190000
^IXIC,"Feb 28, 2019",7533.31,7561.9,7516.48,7532.53,7532.53,2647080000
^IXIC,"Feb 27, 2019",7526.42,7562.29,7485.39,7554.51,7554.51,2423360000
^IXIC,"Feb 26, 2019",7535.29,7573.22,7524.31,7549.3,7549.3,2257710000
^IXIC,"Feb 25, 2019",7585.3,7602.69,7551.61,7554.46,7554.46,2363140000
^IXIC,"Feb 22, 2019",7481.63,7527.54,7479.01,7527.54,7527.54,2417680000
^IXIC,"Feb 21, 2019",7475.41,7485.75,7430.89,7459.71,7459.71,2119080000
^IXIC,"Feb 20, 2019",7490.31,7513.7,7455.25,7489.07,7489.07,2181760000
^IXIC,"Feb 19, 2019",7450.75,7507.79,7450.27,7486.77,7486.77,2120790000
^IXIC,"Feb 15, 2019",7468.57,7477.28,7440.26,7472.41,7472.41,2257750000
^IXIC,"Feb 14, 2019",7390.25,7454.42,7375.71,7426.95,7426.95,2103370000
^IXIC,"Feb 13, 2019",7437.46,7461.66,7413.84,7420.38,7420.38,2093800000
^IXIC,"Feb 12, 2019",7358.85,7419.43,7349.8,7414.62,7414.62,2124330000
^IXIC,"Feb 11, 2019",7327.37,7343.56,7290.03,7307.9,7307.9,1897800000
^IXIC,"Feb 08, 2019",7232.3,7299.44,7225.14,7298.2,7298.2,2086260000
^IXIC,"Feb 07, 2019",7316.5,7336.74,7235.05,7288.35,7288.35,2295080000
^IXIC,"Feb 06, 2019",7400.44,7410.77,7346.72,7375.28,7375.28,2167130000
^IXIC,"Feb 05, 2019",7356.34,7408.68,7355.36,7402.08,7402.08,2265520000
^IXIC,"Feb 04, 2019",7266.28,7348.23,7261.07,7347.54,7347.54,2099470000
^IXIC,"Feb 01, 2019",7256.37,7299.94,7243.41,7263.87,7263.87,2383430000
^IXIC,"Jan 31, 2019",7208.17,7303.12,7205.95,7281.74,7281.74,2918710000
^IXIC,"Jan 30, 2019",7094.79,7201.31,7065.57,7183.08,7183.08,2544050000
^IXIC,"Jan 29, 2019",7087.49,7092.29,7011.47,7028.29,7028.29,2089690000
^IXIC,"Jan 28, 2019",7075.01,7086.3,7034.25,7085.68,7085.68,2435480000
^IXIC,"Jan 25, 2019",7128.18,7174.56,7111.09,7164.86,7164.86,2440840000
^IXIC,"Jan 24, 2019",7042.25,7078.96,7029.95,7073.46,7073.46,2400290000
^IXIC,"Jan 23, 2019",7061.65,7084.85,6953.23,7025.77,7025.77,2274420000
^IXIC,"Jan 22, 2019",7109.57,7110.16,6979.81,7020.36,7020.36,2380950000
^IXIC,"Jan 18, 2019",7134.1,7185.38,7096.62,7157.23,7157.23,2451240000
^IXIC,"Jan 17, 2019",7010.13,7113.95,7003.62,7084.46,7084.46,2128840000
^IXIC,"Jan 16, 2019",7033.75,7079.63,7028.12,7034.69,7034.69,2149580000
^IXIC,"Jan 15, 2019",6931.39,7025.85,6928.12,7023.83,7023.83,2038090000
^IXIC,"Jan 14, 2019",6908.03,6936.22,6887.48,6905.92,6905.92,1942210000
^IXIC,"Jan 11, 2019",6947.46,6975.65,6933.6,6971.48,6971.48,2066500000
^IXIC,"Jan 10, 2019",6908.65,6991.37,6877.08,6986.07,6986.07,2179080000
^IXIC,"Jan 09, 2019",6923.06,6985.22,6899.56,6957.08,6957.08,2422590000
^IXIC,"Jan 08, 2019",6893.44,6909.58,6795.86,6897,6897,2380290000
^IXIC,"Jan 07, 2019",6757.53,6855.6,6741.4,6823.47,6823.47,2507550000
^IXIC,"Jan 04, 2019",6567.14,6760.69,6554.24,6738.86,6738.86,2579550000
^IXIC,"Jan 03, 2019",6584.77,6600.21,6457.13,6463.5,6463.5,2607290000
^IXIC,"Jan 02, 2019",6506.91,6693.71,6506.88,6665.94,6665.94,2261800000
^IXIC,"Dec 31, 2018",6649.52,6659.96,6570.06,6635.28,6635.28,2098560000
^IXIC,"Dec 28, 2018",6616.79,6684.18,6529.22,6584.52,6584.52,2199090000
^IXIC,"Dec 27, 2018",6457.19,6583.01,6336.97,6579.49,6579.49,2415870000
^IXIC,"Dec 26, 2018",6257.86,6555.53,6214.34,6554.36,6554.36,2558940000
^IXIC,"Dec 24, 2018",6278.49,6355.18,6190.17,6192.92,6192.92,1647270000
^IXIC,"Dec 21, 2018",6573.49,6586.68,6304.63,6332.99,6332.99,4534120000
^IXIC,"Dec 20, 2018",6607.76,6666.2,6447.91,6528.41,6528.41,3258090000
^IXIC,"Dec 19, 2018",6777.59,6868.86,6586.5,6636.83,6636.83,2899950000
^IXIC,"Dec 18, 2018",6809.82,6847.27,6733.71,6783.91,6783.91,2595400000
^IXIC,"Dec 17, 2018",6886.46,6931.81,6710.01,6753.73,6753.73,2665240000
^IXIC,"Dec 14, 2018",6986.37,7027.17,6898.99,6910.66,6910.66,2200510000
^IXIC,"Dec 13, 2018",7135.28,7154.64,7034.82,7070.33,7070.33,2143520000
^IXIC,"Dec 12, 2018",7127,7197.29,7096.56,7098.31,7098.31,2412300000
^IXIC,"Dec 11, 2018",7121.66,7129.83,6983.01,7031.83,7031.83,2246060000
^IXIC,"Dec 10, 2018",6959.63,7047.62,6878.99,7020.52,7020.52,2367560000
^IXIC,"Dec 07, 2018",7163.49,7205.37,6945.27,6969.25,6969.25,2475160000
^IXIC,"Dec 06, 2018",7017.05,7189.52,6984.34,7188.26,7188.26,2833870000
^IXIC,"Dec 04, 2018",7407.95,7421.11,7150.11,7158.43,7158.43,2635810000
^IXIC,"Dec 03, 2018",7486.13,7486.51,7392.22,7441.51,7441.51,2621020000
^IXIC,"Nov 30, 2018",7279.3,7332.79,7255.68,7330.54,7330.54,2542820000
^IXIC,"Nov 29, 2018",7267.37,7319.96,7217.69,7273.08,7273.08,1983460000
^IXIC,"Nov 28, 2018",7135.08,7292.71,7090.98,7291.59,7291.59,2390260000
^IXIC,"Nov 27, 2018",7041.23,7105.14,7014.36,7082.7,7082.7,2067360000
^IXIC,"Nov 26, 2018",7026.5,7083.93,7003.12,7081.85,7081.85,2011180000
^IXIC,"Nov 23, 2018",6919.52,6987.89,6919.16,6938.98,6938.98,958950000
^IXIC,"Nov 21, 2018",6985.51,7029.93,6951.62,6972.25,6972.25,1858050000
^IXIC,"Nov 20, 2018",6867.43,6994.75,6830.76,6908.82,6908.82,2664950000
^IXIC,"Nov 19, 2018",7217.24,7224.12,7011.4,7028.48,7028.48,2354020000
^IXIC,"Nov 16, 2018",7193.6,7274.86,7171.7,7247.87,7247.87,2438260000
^IXIC,"Nov 15, 2018",7112.83,7274.26,7072.36,7259.03,7259.03,2508720000
^IXIC,"Nov 14, 2018",7265.39,7285.57,7101.17,7136.39,7136.39,2540220000
^IXIC,"Nov 13, 2018",7230.69,7319.12,7182.86,7200.87,7200.87,2343940000
^IXIC,"Nov 12, 2018",7364.05,7371.09,7193.77,7200.87,7200.87,2289070000
^IXIC,"Nov 09, 2018",7468.51,7474.34,7349.48,7406.9,7406.9,2418490000
^IXIC,"Nov 08, 2018",7544.17,7566.93,7499.71,7530.88,7530.88,2462430000
^IXIC,"Nov 07, 2018",7446.09,7572.93,7435.87,7570.75,7570.75,2677530000
^IXIC,"Nov 06, 2018",7326.07,7400.64,7320.89,7375.96,7375.96,2285680000
^IXIC,"Nov 05, 2018",7344.08,7349.23,7255.88,7328.85,7328.85,2166470000
^IXIC,"Nov 02, 2018",7424.02,7466.53,7298.68,7356.99,7356.99,2889910000
^IXIC,"Nov 01, 2018",7327.82,7435.88,7286.5,7434.06,7434.06,2708880000
symbol,date,open,high,low,close,adjusted_close,volume
^IXIC,"Oct 30, 2018",7017.87,7166.84,7001.48,7161.65,7161.65,2681310000
^IXIC,"Oct 29, 2018",7272.42,7295.61,6922.83,7050.29,7050.29,2689550000
^IXIC,"Oct 26, 2018",7125.18,7283.32,7057,7167.21,7167.21,2964780000
^IXIC,"Oct 25, 2018",7197.49,7364.82,7178.54,7318.34,7318.34,2741810000
^IXIC,"Oct 24, 2018",7423.21,7435.69,7099,7108.4,7108.4,2935550000
^IXIC,"Oct 23, 2018",7328.55,7472.58,7260.13,7437.54,7437.54,2735820000
^IXIC,"Oct 22, 2018",7486.74,7520.54,7424.74,7468.63,7468.63,2282400000
^IXIC,"Oct 19, 2018",7530.16,7582.89,7428.3,7449.03,7449.03,2532220000
^IXIC,"Oct 18, 2018",7616.47,7616.86,7452.46,7485.14,7485.14,2545950000
^IXIC,"Oct 17, 2018",7669.26,7670.49,7563.09,7642.7,7642.7,2364720000
^IXIC,"Oct 16, 2018",7501.78,7658.14,7493.44,7645.49,7645.49,2623300000
^IXIC,"Oct 15, 2018",7473.33,7500.93,7400.07,7430.74,7430.74,2148850000
^IXIC,"Oct 12, 2018",7507.84,7516.69,7368.33,7496.89,7496.89,2650290000
^IXIC,"Oct 11, 2018",7388.07,7493.21,7274.04,7329.06,7329.06,3139290000
^IXIC,"Oct 10, 2018",7694.08,7701.2,7420.56,7422.05,7422.05,3077330000
^IXIC,"Oct 09, 2018",7728.51,7799.75,7718.95,7738.02,7738.02,2459040000
^IXIC,"Oct 08, 2018",7747.1,7797.32,7654.84,7735.95,7735.95,2239640000
^IXIC,"Oct 05, 2018",7874.76,7902.67,7715.97,7788.45,7788.45,2672900000
^IXIC,"Oct 04, 2018",7993.33,7997.17,7833.16,7879.51,7879.51,3284550000
^IXIC,"Oct 03, 2018",8034.65,8053.93,8012.03,8025.09,8025.09,3057330000
^IXIC,"Oct 02, 2018",8024.47,8054.15,7983.99,7999.55,7999.55,2391370000
^IXIC,"Oct 01, 2018",8091.5,8107.38,8019.77,8037.3,8037.3,2283230000
^IXIC,"Sep 28, 2018",8024.5,8065.06,8015.87,8046.35,8046.35,2323940000
^IXIC,"Sep 27, 2018",8021.22,8071.56,8017.91,8041.97,8041.97,2053770000
^IXIC,"Sep 26, 2018",8011.68,8067.03,7982.76,7990.37,7990.37,2297030000
^IXIC,"Sep 25, 2018",8001.59,8014.12,7979.29,8007.47,8007.47,2288140000
^IXIC,"Sep 24, 2018",7939.38,7997.9,7912.47,7993.25,7993.25,2416380000
^IXIC,"Sep 21, 2018",8041.69,8057.26,7979.67,7986.96,7986.96,3706820000
^IXIC,"Sep 20, 2018",7993.53,8039.06,7986.41,8028.23,8028.23,2287150000
^IXIC,"Sep 19, 2018",7962.55,7976.12,7917.73,7950.04,7950.04,2156730000
^IXIC,"Sep 18, 2018",7903.57,7986.1,7901.01,7956.11,7956.11,2317990000
^IXIC,"Sep 17, 2018",7992.21,8002.78,7890.07,7895.79,7895.79,2284140000
^IXIC,"Sep 14, 2018",8026.16,8040.83,7979.78,8010.04,8010.04,2033720000
^IXIC,"Sep 13, 2018",7999.93,8037.51,7989.85,8013.71,8013.71,2318720000
^IXIC,"Sep 12, 2018",7958.87,7965.39,7884.05,7954.23,7954.23,2341850000
^IXIC,"Sep 11, 2018",7894.87,7986.32,7880.92,7972.47,7972.47,2336600000
^IXIC,"Sep 10, 2018",7939.57,7945.03,7890.39,7924.16,7924.16,2041450000
^IXIC,"Sep 07, 2018",7878.79,7962.53,7873.93,7902.54,7902.54,2146380000
^IXIC,"Sep 06, 2018",7998.27,8001.97,7885.49,7922.73,7922.73,2368680000
^IXIC,"Sep 05, 2018",8073.53,8077.84,7962.35,7995.17,7995.17,2596780000
^IXIC,"Sep 04, 2018",8087.95,8104.07,8042.14,8091.25,8091.25,2229520000
^IXIC,"Aug 31, 2018",8079.31,8119.82,8079.31,8109.54,8109.54,1899910000
^IXIC,"Aug 30, 2018",8094.2,8133.3,8069.57,8088.36,8088.36,2014450000
^IXIC,"Aug 29, 2018",8044.34,8113.56,8042.1,8109.69,8109.69,1897000000
^IXIC,"Aug 28, 2018",8039.01,8046.31,8009.59,8030.04,8030.04,1961300000
^IXIC,"Aug 27, 2018",7989.64,8024.94,7976.6,8017.9,8017.9,2319130000
^IXIC,"Aug 24, 2018",7907.81,7949.71,7907.1,7945.98,7945.98,1886600000
^IXIC,"Aug 23, 2018",7886.47,7926.32,7866.53,7878.46,7878.46,1879890000
^IXIC,"Aug 22, 2018",7844.04,7897.63,7840.84,7889.1,7889.1,1660460000
^IXIC,"Aug 21, 2018",7840.09,7897.68,7836.79,7859.17,7859.17,1766630000
^IXIC,"Aug 20, 2018",7834.37,7837.14,7787.9,7821.01,7821.01,1698970000
^IXIC,"Aug 17, 2018",7786.64,7830.78,7752.68,7816.33,7816.33,1843150000
^IXIC,"Aug 16, 2018",7826.95,7849.67,7795.74,7806.52,7806.52,1979540000
^IXIC,"Aug 15, 2018",7810.02,7832.66,7732.69,7774.12,7774.12,2286960000
^IXIC,"Aug 14, 2018",7847.88,7878.23,7815.5,7870.89,7870.89,1917360000
^IXIC,"Aug 13, 2018",7848,7888.66,7814.27,7819.71,7819.71,1914240000
^IXIC,"Aug 10, 2018",7834.71,7866.19,7818.37,7839.11,7839.11,2095180000
^IXIC,"Aug 09, 2018",7886.52,7923.35,7881.06,7891.78,7891.78,2032950000
^IXIC,"Aug 08, 2018",7880,7901.69,7864.46,7888.33,7888.33,2087850000
^IXIC,"Aug 07, 2018",7878.62,7898.2,7868.65,7883.66,7883.66,2197590000
^IXIC,"Aug 06, 2018",7809.54,7859.68,7801.88,7859.68,7859.68,2238170000
^IXIC,"Aug 03, 2018",7819.23,7824.06,7783.3,7812.01,7812.01,2018700000
^IXIC,"Aug 02, 2018",7659.52,7808.85,7659.52,7802.69,7802.69,2081300000
^IXIC,"Aug 01, 2018",7701.82,7732.68,7670.71,7707.29,7707.29,2223550000
^IXIC,"Jul 31, 2018",7654.59,7709.49,7614.84,7671.79,7671.79,2195050000
^IXIC,"Jul 30, 2018",7735.27,7740.26,7604.24,7630,7630,2143410000
^IXIC,"Jul 27, 2018",7889.75,7889.75,7698.96,7737.42,7737.42,2176170000
^IXIC,"Jul 26, 2018",7848.04,7881.3,7834.08,7852.18,7852.18,2263070000
^IXIC,"Jul 25, 2018",7839.09,7933.31,7838.76,7932.24,7932.24,1902790000
^IXIC,"Jul 24, 2018",7914.35,7928.79,7814.33,7840.77,7840.77,2014850000
^IXIC,"Jul 23, 2018",7806.93,7846.76,7776.55,7841.87,7841.87,1654290000
^IXIC,"Jul 20, 2018",7843.08,7860.25,7815.86,7820.2,7820.2,1786250000
^IXIC,"Jul 19, 2018",7829.8,7849.85,7811.15,7825.3,7825.3,1853030000
^IXIC,"Jul 18, 2018",7859.43,7863.77,7822.83,7854.44,7854.44,1857670000
^IXIC,"Jul 17, 2018",7751.97,7867.15,7749.61,7855.12,7855.12,1740680000
^IXIC,"Jul 16, 2018",7831.74,7838.82,7791.98,7805.72,7805.72,1730190000
^IXIC,"Jul 13, 2018",7827.62,7843.52,7803.34,7825.98,7825.98,1714140000
^IXIC,"Jul 12, 2018",7752.71,7825.67,7746.76,7823.92,7823.92,1926110000
^IXIC,"Jul 11, 2018",7698.51,7748.16,7696.58,7716.61,7716.61,1761420000
^IXIC,"Jul 11, 2018",7698.51,7748.16,7696.58,7716.61,7716.61,1761420000
^IXIC,"Jul 10, 2018",7770.63,7777.48,7731.98,7759.2,7759.2,1725210000
^IXIC,"Jul 09, 2018",7731.74,7757.28,7702.06,7756.2,7756.2,1837330000
^IXIC,"Jul 06, 2018",7595.93,7695.81,7588.65,7688.39,7688.39,1704580000
^IXIC,"Jul 05, 2018",7550.66,7589.19,7511.43,7586.43,7586.43,1745030000
^IXIC,"Jul 03, 2018",7593.63,7594.33,7498.5,7502.67,7502.67,1179310000
^IXIC,"Jul 02, 2018",7451.9,7568.1,7443.1,7567.69,7567.69,1767910000
^IXIC,"Jun 29, 2018",7544.13,7573.59,7502.95,7510.3,7510.3,2192010000
^IXIC,"Jun 28, 2018",7438.11,7526.07,7419.56,7503.68,7503.68,2195400000
^IXIC,"Jun 27, 2018",7586.33,7610.67,7444.17,7445.08,7445.08,2306430000
^IXIC,"Jun 26, 2018",7553.74,7597.49,7527,7561.63,7561.63,2058640000
^IXIC,"Jun 25, 2018",7631.12,7639.73,7477.73,7532.01,7532.01,2415090000
^IXIC,"Jun 22, 2018",7739.69,7739.71,7679.12,7692.82,7692.82,3928340000
^IXIC,"Jul 11, 2018",7698.51,7748.16,7696.58,7716.61,7716.61,1761420000
^IXIC,"Jun 21, 2018",7800.3,7803.45,7699.2,7712.95,7712.95,2315880000
^IXIC,"Jun 20, 2018",7764.15,7806.6,7755.48,7781.51,7781.51,2305100000
^IXIC,"Jun 19, 2018",7658.47,7727.41,7635.73,7725.59,7725.59,2269000000
^IXIC,"Jun 18, 2018",7692.96,7749.36,7676.83,7747.03,7747.03,2093950000
^IXIC,"Jun 15, 2018",7725.03,7755.72,7704.34,7746.38,7746.38,3043790000
^IXIC,"Jun 14, 2018",7723.53,7768.6,7723.53,7761.04,7761.04,2188230000
^IXIC,"Jun 13, 2018",7713.9,7748.96,7686.65,7695.7,7695.7,2172770000
symbol,date,open,high,low,close,adjusted_close,volume
^IXIC,"Jun 11, 2018",7647.24,7677.29,7642.87,7659.93,7659.93,1942940000
^IXIC,"Jun 08, 2018",7607.74,7653.58,7595.14,7645.51,7645.51,1941580000
^IXIC,"Jun 07, 2018",7697.41,7697.41,7597.66,7635.07,7635.07,2328280000
^IXIC,"Jun 06, 2018",7652.8,7691.65,7622.31,7689.24,7689.24,2191750000
^IXIC,"Jun 05, 2018",7621.36,7644.48,7602.38,7637.86,7637.86,2058630000
^IXIC,"Jun 04, 2018",7570.08,7607.17,7561.2,7606.46,7606.46,2142790000
^IXIC,"Jun 01, 2018",7487.66,7557.38,7487.23,7554.33,7554.33,2208600000
^IXIC,"May 31, 2018",7455.58,7492.42,7431.41,7442.12,7442.12,2514610000
^IXIC,"May 30, 2018",7428.41,7473.81,7423.67,7462.45,7462.45,2049450000
^IXIC,"May 29, 2018",7398.51,7435.13,7354.29,7396.59,7396.59,2087370000
^IXIC,"May 25, 2018",7422.2,7452.85,7415.58,7433.85,7433.85,1757660000
^IXIC,"May 24, 2018",7421.99,7435.38,7357.5,7424.43,7424.43,1992460000
^IXIC,"May 23, 2018",7335.03,7426.78,7334.62,7425.96,7425.96,1980450000
^IXIC,"May 22, 2018",7420.85,7432.53,7370.33,7378.46,7378.46,1908280000
^IXIC,"May 21, 2018",7406.34,7431.83,7368.21,7394.04,7394.04,1949100000
^IXIC,"May 18, 2018",7364.34,7381.16,7343.97,7354.34,7354.34,1966710000
^IXIC,"May 17, 2018",7379.58,7425.39,7350.46,7382.47,7382.47,1931700000
^IXIC,"May 16, 2018",7356.22,7413.32,7356.16,7398.3,7398.3,2083660000
^IXIC,"May 15, 2018",7361.3,7363.52,7320.97,7351.63,7351.63,2114040000
^IXIC,"May 14, 2018",7429.45,7458.42,7401.89,7411.32,7411.32,2075670000
^IXIC,"May 11, 2018",7393.97,7417.67,7372.26,7402.88,7402.88,2083030000
^IXIC,"May 10, 2018",7355.9,7414.15,7353.63,7404.97,7404.97,2233460000
^IXIC,"May 09, 2018",7281.53,7344.8,7259.05,7339.91,7339.91,2241480000
^IXIC,"May 08, 2018",7255.34,7278.81,7224.7,7266.9,7266.9,2054830000
^IXIC,"May 07, 2018",7241.82,7291.74,7235.76,7265.21,7265.21,1939980000
^IXIC,"May 04, 2018",7065.67,7228.26,7057.89,7209.62,7209.62,2022230000
^IXIC,"May 03, 2018",7065.03,7112.59,6991.14,7088.15,7088.15,2345740000
^IXIC,"May 02, 2018",7138.45,7169.46,7094.72,7100.9,7100.9,2144200000
^IXIC,"May 01, 2018",7053.65,7133.27,7036.18,7130.7,7130.7,1929110000
^IXIC,"Apr 30, 2018",7133.95,7169.8,7065.41,7066.27,7066.27,1987020000
^IXIC,"Apr 27, 2018",7195.52,7197.15,7083.95,7119.8,7119.8,2027530000
^IXIC,"Apr 26, 2018",7080.49,7143.94,7055.66,7118.68,7118.68,2127140000
^IXIC,"Apr 25, 2018",7009.99,7030.74,6926.97,7003.74,7003.74,2026690000
^IXIC,"Apr 24, 2018",7160.77,7171.67,6961.52,7007.35,7007.35,2149250000
^IXIC,"Apr 23, 2018",7173.99,7195.72,7094.43,7128.6,7128.6,1737370000
^IXIC,"Apr 20, 2018",7220.64,7222.99,7123.49,7146.13,7146.13,1921790000
^IXIC,"Apr 19, 2018",7258.61,7277.45,7215.17,7238.06,7238.06,1963950000
^IXIC,"Apr 18, 2018",7292.38,7319.58,7259.9,7295.24,7295.24,1893220000
^IXIC,"Apr 17, 2018",7215.12,7298.59,7206.55,7281.1,7281.1,1913230000
^IXIC,"Apr 16, 2018",7153.87,7178.51,7115.85,7156.28,7156.28,1795950000
^IXIC,"Apr 13, 2018",7179.62,7183.62,7078.14,7106.65,7106.65,1743640000
^IXIC,"Apr 12, 2018",7112.02,7166,7105.09,7140.25,7140.25,2021110000
^IXIC,"Apr 11, 2018",7055,7128.54,7055,7069.03,7069.03,1852120000
^IXIC,"Apr 10, 2018",7060.99,7117.98,7014.88,7094.3,7094.3,2238770000
^IXIC,"Apr 09, 2018",6971.45,7074.95,6944.96,6950.34,6950.34,2080900000
^IXIC,"Apr 06, 2018",6999.57,7066.64,6877.76,6915.11,6915.11,2350540000
^IXIC,"Apr 05, 2018",7099.25,7112.38,7036.62,7076.55,7076.55,2124660000
^IXIC,"Apr 04, 2018",6811.77,7059.29,6811.77,7042.11,7042.11,2254070000
^IXIC,"Apr 03, 2018",6924.35,6963.71,6835.23,6941.28,6941.28,2328510000
^IXIC,"Apr 02, 2018",7016.17,7044.71,6805.96,6870.12,6870.12,2394730000
^IXIC,"Mar 29, 2018",6984.66,7120.46,6935.78,7063.45,7063.45,2554500000
^IXIC,"Mar 28, 2018",6978.3,7036.09,6901.07,6949.23,6949.23,2518670000
^IXIC,"Mar 27, 2018",7255.47,7255.54,6963.68,7008.81,7008.81,2325990000
^IXIC,"Mar 26, 2018",7125.2,7225.83,7022.34,7220.54,7220.54,2326060000
^IXIC,"Mar 23, 2018",7170.68,7194.31,6992.67,6992.67,6992.67,2390410000
^IXIC,"Mar 22, 2018",7257.55,7303.19,7164.38,7166.68,7166.68,2347160000
^IXIC,"Mar 21, 2018",7347.5,7415.66,7325.35,7345.29,7345.29,1988390000
^IXIC,"Mar 20, 2018",7353.25,7380.74,7331.24,7364.3,7364.3,1967690000
^IXIC,"Mar 19, 2018",7419.2,7421.23,7285.27,7344.24,7344.24,2327430000
^IXIC,"Mar 16, 2018",7504.37,7514.21,7473.68,7481.99,7481.99,3046990000
^IXIC,"Mar 15, 2018",7509.24,7525.44,7463.19,7481.74,7481.74,1991570000
^IXIC,"Mar 14, 2018",7539.78,7544.89,7473.9,7496.81,7496.81,2104450000
^IXIC,"Mar 13, 2018",7627.52,7637.27,7492.98,7511.01,7511.01,2448830000
^IXIC,"Mar 12, 2018",7581.04,7609.1,7563.44,7588.32,7588.32,2294440000
^IXIC,"Mar 09, 2018",7475.98,7560.81,7469.03,7560.81,7560.81,2302930000
^IXIC,"Mar 08, 2018",7422.77,7435.01,7391.5,7427.95,7427.95,2272110000
^IXIC,"Mar 07, 2018",7311.74,7403.79,7311.74,7396.65,7396.65,2192230000
^IXIC,"Mar 06, 2018",7366.61,7378.03,7319.68,7372.01,7372.01,2112570000
^IXIC,"Mar 05, 2018",7222.89,7350.07,7205.31,7330.71,7330.71,2066350000
^IXIC,"Mar 02, 2018",7099.54,7267.19,7084.83,7257.87,7257.87,2287320000
^IXIC,"Mar 01, 2018",7274.75,7307.85,7117.66,7180.56,7180.56,2489040000
^IXIC,"Feb 28, 2018",7371.41,7386.8,7273.01,7273.01,7273.01,2373880000
^IXIC,"Feb 27, 2018",7416.17,7438.09,7330.35,7330.35,7330.35,2155850000
^IXIC,"Feb 26, 2018",7373.3,7421.85,7360.25,7421.46,7421.46,1866610000
^IXIC,"Feb 23, 2018",7261.35,7337.83,7232.5,7337.39,7337.39,1879460000
^IXIC,"Feb 22, 2018",7252.46,7280.93,7194.84,7210.09,7210.09,1911900000
^IXIC,"Feb 21, 2018",7258.48,7338.64,7218.11,7218.23,7218.23,1946010000
^IXIC,"Feb 20, 2018",7209.03,7295.95,7206,7234.31,7234.31,1911170000
^IXIC,"Feb 16, 2018",7236.51,7303.26,7226.38,7239.47,7239.47,2019830000
^IXIC,"Feb 15, 2018",7200.75,7256.93,7130.39,7256.43,7256.43,2110700000
^IXIC,"Feb 14, 2018",6979.24,7152.05,6977.07,7143.62,7143.62,2211460000
^IXIC,"Feb 13, 2018",6942.16,7025.68,6938.16,7013.51,7013.51,1816670000
^IXIC,"Feb 12, 2018",6936.68,7023.62,6879.69,6981.96,6981.96,2240420000
^IXIC,"Feb 09, 2018",6863.34,6917.01,6630.67,6874.49,6874.49,3155990000
^IXIC,"Feb 08, 2018",7067.3,7073.99,6776.77,6777.16,6777.16,2707700000
^IXIC,"Feb 07, 2018",7086.2,7170.34,7051.53,7051.98,7051.98,2366970000
^IXIC,"Feb 06, 2018",6837.56,7126.55,6824.82,7115.88,7115.88,3131030000
^IXIC,"Feb 05, 2018",7165.96,7277.36,6967.53,6967.53,6967.53,3106870000
^IXIC,"Feb 02, 2018",7347.59,7364.43,7238.18,7240.95,7240.95,2587770000
^IXIC,"Feb 01, 2018",7377.17,7441.09,7362.28,7385.86,7385.86,2291680000
^IXIC,"Jan 31, 2018",7443.25,7453.99,7381.12,7411.48,7411.48,2407540000
^IXIC,"Jan 30, 2018",7388.89,7433.65,7373.99,7402.48,7402.48,2163980000
^IXIC,"Jan 29, 2018",7484.47,7500.61,7455.55,7466.51,7466.51,2103380000
^IXIC,"Jan 26, 2018",7448.33,7505.77,7431.22,7505.77,7505.77,2059010000
^IXIC,"Jan 25, 2018",7457.95,7458.53,7388.58,7411.16,7411.16,2061450000
^IXIC,"Jan 24, 2018",7474.16,7486.32,7376.75,7415.06,7415.06,2277010000
^IXIC,"Jan 23, 2018",7424.95,7465.39,7423.18,7460.29,7460.29,2119840000
symbol,date,open,high,low,close,adjusted_close,volume
^IXIC,"Jan 19, 2018",7312,7336.38,7297.28,7336.38,7336.38,1997270000
^IXIC,"Jan 18, 2018",7293.65,7313.89,7276.11,7296.05,7296.05,2026220000
^IXIC,"Jan 17, 2018",7257.77,7309.36,7229.32,7298.28,7298.28,2238070000
^IXIC,"Jan 16, 2018",7307.19,7330.33,7205.93,7223.69,7223.69,2377140000
^IXIC,"Jan 12, 2018",7208.17,7265.26,7205.18,7261.06,7261.06,1976200000
^IXIC,"Jan 11, 2018",7168.73,7211.78,7163.23,7211.78,7211.78,2009740000
^IXIC,"Jan 10, 2018",7129.83,7154.24,7111.52,7153.57,7153.57,2122740000
^IXIC,"Jan 09, 2018",7174.19,7181.14,7148.3,7163.58,7163.58,2107300000
^IXIC,"Jan 08, 2018",7135.38,7161.35,7124.09,7157.39,7157.39,2051430000
^IXIC,"Jan 05, 2018",7105.74,7137.04,7097.08,7136.56,7136.56,2020900000
^IXIC,"Jan 04, 2018",7089.5,7098.05,7072.38,7077.91,7077.91,2098890000
^IXIC,"Jan 03, 2018",7017.07,7069.15,7016.7,7065.53,7065.53,2166780000
^IXIC,"Jul 11, 2018",7698.51,7748.16,7696.58,7716.61,7716.61,1761420000
^IXIC,"Jan 02, 2018",6937.65,7006.91,6924.08,7006.9,7006.9,1914930000
^IXIC,"Dec 29, 2017",6952.61,6954.98,6903.39,6903.39,6903.39,1571730000
^IXIC,"Dec 28, 2017",6953.38,6954.8,6936.75,6950.16,6950.16,1311320000
^IXIC,"Dec 27, 2017",6941.45,6955.38,6931.34,6939.34,6939.34,1409540000
^IXIC,"Dec 26, 2017",6928.92,6942.14,6915.56,6936.25,6936.25,1304340000
^IXIC,"Dec 22, 2017",6958.02,6962.26,6944.45,6959.96,6959.96,1539250000
^IXIC,"Dec 21, 2017",6972.88,6992.63,6961.21,6965.36,6965.36,1815620000
^IXIC,"Dec 20, 2017",6991.25,6991.25,6935.42,6960.96,6960.96,1874550000
^IXIC,"Dec 19, 2017",6991.25,6995.88,6951.49,6963.85,6963.85,2071060000
^IXIC,"Dec 18, 2017",6980.4,7003.89,6975.54,6994.76,6994.76,2144360000
^IXIC,"Dec 15, 2017",6871.55,6945.82,6871.45,6936.58,6936.58,3510420000
^IXIC,"Dec 14, 2017",6887.38,6901.13,6851.63,6856.53,6856.53,1985200000
^IXIC,"Dec 13, 2017",6880.41,6897.62,6871.87,6875.8,6875.8,1919560000
^IXIC,"Dec 12, 2017",6872.71,6884.8,6856.3,6862.32,6862.32,1861560000
^IXIC,"Dec 11, 2017",6847.64,6879.8,6844.88,6875.08,6875.08,1818970000
^IXIC,"Dec 08, 2017",6859.95,6870.48,6831.61,6840.08,6840.08,1806040000
^IXIC,"Dec 07, 2017",6785.74,6829.29,6778.2,6812.84,6812.84,1934120000
^IXIC,"Dec 06, 2017",6742.07,6787.42,6734.13,6776.38,6776.38,1891850000
^IXIC,"Dec 05, 2017",6759.14,6836.45,6752.32,6762.21,6762.21,2083540000
^IXIC,"Dec 04, 2017",6897.13,6899.23,6770.69,6775.37,6775.37,2426570000
^IXIC,"Dec 01, 2017",6844.04,6872.17,6737.16,6847.59,6847.59,2293570000
^IXIC,"Nov 30, 2017",6852.8,6888.65,6838.48,6873.97,6873.97,2458580000
^IXIC,"Nov 29, 2017",6907.28,6908.33,6793.95,6824.39,6824.39,2452860000
^IXIC,"Nov 28, 2017",6893.72,6914.19,6866.21,6912.36,6912.36,2000410000
^IXIC,"Nov 27, 2017",6889.91,6897.43,6867.89,6878.52,6878.52,1773400000
^IXIC,"Nov 24, 2017",6878.11,6890.02,6873.74,6889.16,6889.16,848520000
^IXIC,"Nov 22, 2017",6869.53,6874.52,6859.28,6867.36,6867.36,1588200000
^IXIC,"Nov 21, 2017",6820.55,6862.66,6820.02,6862.48,6862.48,1883550000
^IXIC,"Nov 20, 2017",6789.28,6795.83,6779.49,6790.71,6790.71,1800880000
^IXIC,"Nov 17, 2017",6794.45,6797.75,6777.43,6782.79,6782.79,1988090000
^IXIC,"Nov 16, 2017",6742.34,6806.67,6742.34,6793.29,6793.29,2002920000
^IXIC,"Nov 15, 2017",6700.68,6725.32,6667.31,6706.21,6706.21,1908660000
^IXIC,"Nov 14, 2017",6733.87,6743.63,6709.27,6737.87,6737.87,1983830000
^IXIC,"Jul 11, 2018",7698.51,7748.16,7696.58,7716.61,7716.61,1761420000
^IXIC,"Nov 13, 2017",6727.39,6766.3,6723.43,6757.6,6757.6,1973790000
^IXIC,"Nov 10, 2017",6736.39,6757.34,6727.35,6750.94,6750.94,1973970000
^IXIC,"Nov 09, 2017",6737.45,6758.93,6687.28,6750.05,6750.05,2235180000
^IXIC,"Nov 08, 2017",6764.85,6791.65,6753.34,6789.12,6789.12,2110990000
^IXIC,"Nov 07, 2017",6785.44,6795.52,6750.35,6767.78,6767.78,2205270000
^IXIC,"Nov 06, 2017",6763.3,6790.67,6763.17,6786.44,6786.44,2166470000
^IXIC,"Nov 03, 2017",6737.09,6765.14,6712.93,6764.44,6764.44,2195010000
^IXIC,"Nov 02, 2017",6709.39,6719.97,6677.55,6714.94,6714.94,2262940000
^IXIC,"Nov 01, 2017",6758.64,6759.66,6691.48,6716.53,6716.53,2056860000
^IXIC,"Oct 31, 2017",6713.71,6737.75,6705.79,6727.67,6727.67,2043890000
^IXIC,"Oct 30, 2017",6693.77,6727.39,6677.15,6698.96,6698.96,2013640000
^IXIC,"Oct 27, 2017",6635.03,6708.13,6625.78,6701.26,6701.26,2403600000
^IXIC,"Oct 26, 2017",6567.59,6582.76,6550.03,6556.77,6556.77,2108210000
^IXIC,"Oct 25, 2017",6587.22,6600.64,6517.93,6563.89,6563.89,2190720000
^IXIC,"Oct 24, 2017",6598.61,6611.9,6582.06,6598.43,6598.43,1842640000
^IXIC,"Oct 23, 2017",6641.57,6641.57,6581.15,6586.83,6586.83,1809320000
^IXIC,10.21.2017,-,6640.03,6622.92,6629.05,NULL,1794810000
^IXIC,"Oct 20, 2017",6633.37,6640.03,6622.92,6629.05,6629.05,1794810000
^IXIC,"Oct 19, 2017",6583.7,6605.29,6558.53,6605.07,6605.07,1823860000
^IXIC,"Oct 18, 2017",6634.26,6635.52,6613.55,6624.22,6624.22,1734030000
^IXIC,"Oct 17, 2017",6621.42,6628.6,6613.21,6623.66,6623.66,1647240000
^IXIC,"Oct 16, 2017",6622.55,6632.5,6607.03,6624,6624,1629480000
^IXIC,"Oct 13, 2017",6613.21,6616.58,6602.2,6605.8,6605.8,1756150000
^IXIC,"Oct 12, 2017",6594.76,6613.5,6586.32,6591.51,6591.51,2000470000
^IXIC,"Oct 11, 2017",6586.73,6604.21,6577.99,6603.55,6603.55,1830360000
^IXIC,"Oct 10, 2017",6602.49,6608.3,6561.78,6587.25,6587.25,1799400000
^IXIC,"Oct 09, 2017",6597.37,6599.34,6572.44,6579.73,6579.73,1490620000
^IXIC,"Oct 06, 2017",6566.95,6590.18,6566.84,6590.18,6590.18,1742470000
^IXIC,"Oct 05, 2017",6552.87,6587.21,6547.65,6585.36,6585.36,1875670000
^IXIC,"Oct 04, 2017",6521.96,6546.46,6513.12,6534.63,6534.63,1938440000
^IXIC,"Oct 03, 2017",6523.74,6532.18,6509.71,6531.71,6531.71,1969320000
^IXIC,"Oct 02, 2017",6506.08,6527.22,6484.14,6516.72,6516.72,1977030000
^IXIC,"Sep 29, 2017",6461.28,6497.98,6454.86,6495.96,6495.96,1967720000
^IXIC,"Sep 28, 2017",6437.96,6456.23,6427.66,6453.45,6453.45,1828570000
^IXIC,"Sep 27, 2017",6414.37,6472.65,6405.36,6453.26,6453.26,2053720000
^IXIC,"Sep 26, 2017",6391.85,6405,6364.57,6380.16,6380.16,1926420000
^IXIC,"Sep 25, 2017",6403.11,6408.05,6343.96,6370.59,6370.59,2050410000
^IXIC,"Sep 22, 2017",6401.44,6429.54,6400.81,6426.92,6426.92,1639100000
^IXIC,"Sep 21, 2017",6448.57,6448.57,6405.3,6422.69,6422.69,1772790000
^IXIC,"Sep 20, 2017",6459.74,6466.05,6414.23,6456.04,6456.04,2052520000
^IXIC,"Sep 19, 2017",6465.57,6467.79,6446.75,6461.32,6461.32,1809710000
^IXIC,"Sep 18, 2017",6460.1,6477.77,6438.41,6454.64,6454.64,1874440000
^IXIC,"Sep 15, 2017",6426.16,6464.27,6419.65,6448.47,6448.47,2821110000
^IXIC,"Sep 14, 2017",6439.46,6455.32,6424.04,6429.08,6429.08,1809170000
^IXIC,"Sep 13, 2017",6440.72,6460.42,6433.2,6460.19,6460.19,1942090000
^IXIC,"Sep 12, 2017",6448.81,6455.03,6429.54,6454.28,6454.28,1745090000
^IXIC,"Sep 11, 2017",6411.18,6439.11,6410.71,6432.26,6432.26,1819300000
^IXIC,"Sep 08, 2017",6389.65,6391.41,6354.96,6360.19,6360.19,1785560000
^IXIC,"Sep 07, 2017",6402.94,6413.07,6379.81,6397.87,6397.87,1998380000
^IXIC,"Sep 06, 2017",6394.35,6407.4,6356.2,6393.31,6393.31,1906030000
^IXIC,"Sep 05, 2017",6414.82,6426.51,6334.59,6375.57,6375.57,1886950000
